,Aggregator,Model,Parameters,Learning rate,Test loss,Eval loss 1,Eval loss 2,Eval loss 3,Eval loss 4,Eval loss 5,Eval loss 6,Eval loss 7,Eval loss 8,Eval loss 9,Eval loss 10
0,L2_medoid,QUANN_1,9584,0.0001,21.796292185783386,42.748961091041565,36.619585156440735,32.234394907951355,29.38357698917389,27.22534489631653,25.422953367233276,24.20933973789215,23.530892372131348,23.179356455802917,23.088852286338806
1,L2_medoid,QUANN_2,10688,0.0001,21.494109630584717,42.42948830127716,35.54451274871826,30.503946185112,27.73553115129471,25.72015655040741,24.355665504932404,23.541689068078995,23.141040712594986,22.991507828235626,23.002085238695145
2,L2_medoid,QUANN_3,12896,0.0001,22.900477916002274,41.771809697151184,34.7352494597435,30.84527361392975,28.646234571933746,27.35907208919525,26.262602865695953,25.532117128372192,25.020780444145203,24.585761815309525,24.38597422838211
3,L2_medoid,QUANN_1a,11696,0.0001,21.640588462352753,42.09020209312439,35.194944977760315,30.81421208381653,28.27928054332733,26.676012814044952,25.540980517864227,24.809849441051483,24.061370253562927,23.341897189617157,22.911468863487244
4,L2_medoid,QUANN_2a,14912,0.0001,22.582853227853775,42.028127670288086,34.22552716732025,29.666300117969513,27.47239899635315,26.309351861476898,25.57012528181076,25.040431082248688,24.529649436473846,24.22287803888321,23.944878935813904
5,L2_medoid,QUANN_3a,21344,0.0001,23.582822561264038,42.42514133453369,35.96986299753189,31.79962646961212,29.2549170255661,27.570116221904755,26.561311900615692,25.889399647712708,25.442708373069763,25.16430652141571,24.713034331798553
6,L2_medoid,QUANN_1c,10672,0.0001,21.53101021051407,42.26642179489136,35.0998409986496,30.5675288438797,28.02274090051651,26.43522697687149,25.34922754764557,24.582734405994415,24.011165499687195,23.477347433567047,23.06076592206955
7,L2_medoid,QUANN_2c,12864,0.0001,23.058292746543884,42.190751910209656,35.300304532051086,31.11800730228424,28.957701921463013,27.365565419197083,26.01683932542801,25.05510139465332,24.588220834732056,24.37688022851944,24.239725530147552
8,L2_medoid,QUANN_3c,17248,0.0001,23.080865800380707,42.374916195869446,35.40841430425644,30.954849779605865,28.89712655544281,27.70723384618759,26.746434271335602,26.03332394361496,25.495730221271515,25.050056636333466,24.628374576568604
9,L2_medoid,QUANN_1,9584,0.0005,17.374000191688538,26.813024699687958,23.117916584014893,22.955734074115753,22.64874368906021,22.227996170520782,21.425775229930878,20.114362865686417,19.033532112836838,18.505352646112442,18.090996623039246
10,L2_medoid,QUANN_2,10688,0.0005,16.9671693444252,28.290449619293213,25.880885064601898,23.13834148645401,22.347072899341583,20.926749169826508,19.878202885389328,19.169940918684006,18.695260524749756,18.318389177322388,18.128190904855728
11,L2_medoid,QUANN_3,12896,0.0005,17.06693583726883,27.46623182296753,23.348095297813416,22.487613797187805,21.771484315395355,20.260462284088135,19.334393322467804,18.600238621234894,18.162123262882233,17.921422719955444,17.698899775743484
12,L2_medoid,QUANN_1a,11696,0.0005,17.07577097415924,27.13972097635269,22.830962300300598,22.343000411987305,20.92989593744278,19.79246234893799,19.10519328713417,18.521822720766068,18.170339584350586,17.8714337348938,17.70977771282196
13,L2_medoid,QUANN_2a,14912,0.0005,16.979476988315582,26.962812662124634,24.208930552005768,22.18305268883705,20.642438888549805,19.688197821378708,19.153538674116135,18.597538650035858,18.26523381471634,18.068752884864807,17.922245621681213
14,L2_medoid,QUANN_3a,21344,0.0005,16.901118874549866,26.143178939819336,23.124306172132492,21.29645925760269,20.12506166100502,19.26665249466896,18.909719318151474,18.35015517473221,18.00876846909523,17.807749450206757,17.684615701436996
15,L2_medoid,QUANN_1c,10672,0.0005,17.215795785188675,25.966529369354248,23.373834311962128,22.745595812797546,22.5132954120636,21.817707180976868,20.585728406906128,19.48800379037857,18.81769597530365,18.414602011442184,18.157145529985428
16,L2_medoid,QUANN_2c,12864,0.0005,17.01991632580757,26.915197908878326,23.560493111610413,22.63128137588501,21.400599509477615,20.23348766565323,19.130628138780594,18.667323976755142,18.26668518781662,17.91147342324257,17.743201106786728
17,L2_medoid,QUANN_3c,17248,0.0005,16.995001792907715,27.664089798927307,23.146236062049866,22.606220602989197,21.41026970744133,20.293248921632767,19.44348794221878,18.94117695093155,18.506300657987595,18.241128116846085,18.0003060400486
18,L2_medoid,QUANN_1,9584,0.001,16.58433935046196,24.340475887060165,22.119044721126556,20.242761105298996,18.891329139471054,18.169809609651566,17.62891846895218,17.446707636117935,17.417267322540283,17.24726492166519,17.221908301115036
19,L2_medoid,QUANN_2,10688,0.001,16.787022680044174,23.982019424438477,22.29459536075592,19.97006782889366,18.594371169805527,18.19192734360695,17.97469499707222,17.626177459955215,17.533821254968643,17.401016414165497,17.41889089345932
20,L2_medoid,QUANN_3,12896,0.001,16.58780151605606,23.92903983592987,21.8498974442482,19.475084632635117,18.24766057729721,17.721490502357483,17.62967810034752,17.456462889909744,17.372031062841415,17.34311407804489,17.2657613158226
21,L2_medoid,QUANN_1a,11696,0.001,16.60491520166397,23.43667161464691,20.309604793787003,18.94176584482193,18.275790691375732,17.86813533306122,17.5939861536026,17.605551809072495,17.450427889823914,17.387852609157562,17.444246768951416
22,L2_medoid,QUANN_2a,14912,0.001,16.676759004592896,24.18916803598404,20.83864003419876,19.175632119178772,18.371725767850876,18.09018763899803,17.988848000764847,17.758998960256577,17.682190388441086,17.71571972966194,17.571264684200287
23,L2_medoid,QUANN_3a,21344,0.001,16.959684818983078,24.70800143480301,20.1954442858696,18.796873599290848,18.208417743444443,17.9129501581192,17.69347843527794,17.64203754067421,17.580250591039658,17.52391144633293,17.595543533563614
24,L2_medoid,QUANN_1c,10672,0.001,16.811316937208176,23.128906309604645,21.66498452425003,19.375715613365173,18.362639635801315,17.857740342617035,17.709737211465836,17.623702615499496,17.428396582603455,17.530605614185333,17.592019200325012
25,L2_medoid,QUANN_2c,12864,0.001,16.93378272652626,24.15306156873703,20.2958565056324,18.99237221479416,18.425074338912964,18.05437657237053,17.85462275147438,17.9371095597744,17.781649500131607,17.863329708576202,17.68036463856697
26,L2_medoid,QUANN_3c,17248,0.001,16.861295968294144,24.934975922107697,21.33914428949356,19.24172133207321,18.342089533805847,18.087138831615448,17.92316061258316,17.69836577773094,17.69046738743782,17.534493386745453,17.544431805610657
27,L2_medoid,QUANN_1,9584,0.005,17.1861073076725,19.543283492326736,18.44484931230545,18.296981632709503,18.60226872563362,17.894206166267395,18.155748069286346,17.890702098608017,17.872673958539963,17.68548607826233,17.491879045963287
28,L2_medoid,QUANN_2,10688,0.005,17.98072785139084,18.80875501036644,18.356508284807205,18.59415528178215,18.178173393011093,17.810374081134796,17.812692940235138,17.75434783101082,17.941749185323715,17.908008962869644,18.189382255077362
29,L2_medoid,QUANN_3,12896,0.005,17.4461330473423,20.694278180599213,18.97619190812111,18.952576488256454,18.495664328336716,18.165308862924576,18.313603192567825,17.756478875875473,18.140486747026443,17.64913433790207,17.797369599342346
30,L2_medoid,QUANN_1a,11696,0.005,17.09770867228508,19.320217311382294,18.604509741067886,18.161319226026535,18.501890629529953,18.247386246919632,18.389888435602188,18.64141482114792,18.223024010658264,18.097826600074768,17.68843376636505
31,L2_medoid,QUANN_2a,14912,0.005,17.209872901439667,18.98446950316429,18.229871302843094,19.24937778711319,17.95133090019226,18.308478862047195,18.40681767463684,18.103256106376648,18.228808283805847,18.29877132177353,17.843660414218903
32,L2_medoid,QUANN_3a,21344,0.005,17.42001301050186,18.664334774017334,18.242997109889984,18.164811581373215,18.00753751397133,18.712319284677505,18.33945393562317,17.91469517350197,18.55125105381012,18.498912632465363,18.018396109342575
33,L2_medoid,QUANN_1c,10672,0.005,17.32241678237915,19.128085523843765,18.437446892261505,18.338965356349945,18.26248973608017,18.361277103424072,18.331791818141937,18.21789786219597,18.576464653015137,18.15171581506729,17.994837194681168
34,L2_medoid,QUANN_2c,12864,0.005,17.296464443206787,20.09722238779068,18.592479676008224,18.480889439582825,18.537958562374115,18.47505658864975,18.668449342250824,18.223251074552536,18.169573694467545,17.85761272907257,18.062705129384995
35,L2_medoid,QUANN_3c,17248,0.005,17.483883291482925,19.57433569431305,19.386135578155518,18.29200118780136,18.60440617799759,18.658267199993134,18.372205168008804,18.471307903528214,18.053699880838394,18.234554171562195,18.01638874411583
36,L2_medoid,QUANN_1,9584,0.01,18.66921180486679,21.25569987297058,20.713738709688187,19.36765632033348,19.781457841396332,19.631255209445953,18.602071046829224,19.518374383449554,19.111732810735703,19.36898562312126,19.30832889676094
37,L2_medoid,QUANN_2,10688,0.01,18.33732146024704,20.45498564839363,20.143367409706116,19.972582191228867,19.466970294713974,19.171113401651382,19.5034239590168,19.324037075042725,18.952304393053055,18.984502255916595,19.072573453187943
38,L2_medoid,QUANN_3,12896,0.01,18.426035851240158,21.56375503540039,19.892852127552032,19.747148603200912,19.126767724752426,19.416431427001953,19.22436636686325,19.353203028440475,18.77015846967697,18.909333914518356,19.04326632618904
39,L2_medoid,QUANN_1a,11696,0.01,17.708464443683624,19.531758546829224,19.34016364812851,19.085811108350754,19.13954669237137,18.925070852041245,18.61458045244217,18.487681925296783,18.26328417658806,18.265063107013702,18.311202377080917
40,L2_medoid,QUANN_2a,14912,0.01,17.81899356842041,20.428914040327072,19.16350331902504,19.15373557806015,18.961829900741577,19.342566639184952,19.42849710583687,19.09000337123871,18.649996519088745,18.756670832633972,18.69064873456955
41,L2_medoid,QUANN_3a,21344,0.01,18.121384173631668,20.383948862552643,19.779099136590958,19.523222267627716,20.13696452975273,19.540818095207214,19.719545036554337,19.370818942785263,19.098024994134903,19.332129806280136,18.56479063630104
42,L2_medoid,QUANN_1c,10672,0.01,18.233133226633072,20.291329324245453,20.054749339818954,19.578985184431076,19.286531031131744,18.67142677307129,18.807686865329742,19.008097410202026,19.098632335662842,18.89909127354622,18.622242718935013
43,L2_medoid,QUANN_2c,12864,0.01,17.939112156629562,20.511761009693146,19.51770856976509,20.15639540553093,19.19459018111229,19.016474038362503,18.918518871068954,18.884182333946228,19.033102333545685,19.047316193580627,18.344883918762207
44,L2_medoid,QUANN_3c,17248,0.01,18.80640697479248,21.234253466129303,19.98941820859909,19.756415992975235,20.011505216360092,20.20928445458412,19.003958344459534,19.04995545744896,19.952132523059845,19.49286887049675,20.055256724357605
45,P2_mean,QUANN_1,9584,0.0001,4.93769196420908,18.544446617364883,10.097869589924812,5.047267779707909,4.903075344860554,4.836655832827091,4.731716275215149,4.684168174862862,4.651638559997082,4.623748324811459,4.606959320604801
46,P2_mean,QUANN_2,10688,0.0001,4.687262266874313,17.374327957630157,5.619610354304314,4.856275111436844,4.708260357379913,4.634002149105072,4.576737053692341,4.517265349626541,4.4819091111421585,4.407530926167965,4.363845430314541
47,P2_mean,QUANN_3,12896,0.0001,4.409702681005001,7.534967854619026,4.796476893126965,4.574374444782734,4.483555682003498,4.420221462845802,4.366658009588718,4.304121144115925,4.250561952590942,4.1885198429226875,4.113594263792038
48,P2_mean,QUANN_1a,11696,0.0001,3.8956137001514435,18.0840103328228,5.978468716144562,4.686592936515808,4.432757809758186,4.284214608371258,4.151362754404545,4.009854152798653,3.8995730578899384,3.809271402657032,3.7526808604598045
49,P2_mean,QUANN_2a,14912,0.0001,3.781904488801956,14.760837584733963,4.856580592691898,4.478623673319817,4.294201336801052,4.108685098588467,3.9319955557584763,3.8218358233571053,3.7432037219405174,3.682043321430683,3.6538277938961983
50,P2_mean,QUANN_3a,21344,0.0001,3.65300465375185,9.401941671967506,4.5699537470936775,4.256001353263855,3.9536847323179245,3.80054197460413,3.7097494304180145,3.663742959499359,3.6343791484832764,3.5921202525496483,3.5707555562257767
51,P2_mean,QUANN_1c,10672,0.0001,4.425895176827908,18.207528948783875,7.42550627887249,4.9289857894182205,4.708268195390701,4.591363504528999,4.493156336247921,4.403851240873337,4.305493533611298,4.226241327822208,4.118421532213688
52,P2_mean,QUANN_2c,12864,0.0001,3.9612330347299576,12.715840935707092,4.831970930099487,4.564542718231678,4.420082129538059,4.311393067240715,4.1884510070085526,4.054445080459118,3.9343608543276787,3.8414880856871605,3.7774389386177063
53,P2_mean,QUANN_3c,17248,0.0001,3.8107394352555275,5.213441759347916,4.615655280649662,4.422420114278793,4.2941465973854065,4.168333247303963,4.029870495200157,3.919296532869339,3.809953674674034,3.73031934350729,3.677030362188816
54,P2_mean,QUANN_1,9584,0.0005,3.6041221246123314,4.876181557774544,4.318330802023411,3.924841806292534,3.7561111450195312,3.69143458455801,3.6324866712093353,3.591338776051998,3.555428721010685,3.5032066479325294,3.506227508187294
55,P2_mean,QUANN_2,10688,0.0005,3.4665653109550476,4.667172744870186,4.435497298836708,4.2373263239860535,3.931143321096897,3.815224200487137,3.6561516001820564,3.604104332625866,3.512394204735756,3.432942308485508,3.372178055346012
56,P2_mean,QUANN_3,12896,0.0005,3.4825296103954315,4.6226222068071365,4.189797520637512,3.821939781308174,3.6334933415055275,3.5798295065760612,3.5608951076865196,3.525845356285572,3.5210684686899185,3.4762264490127563,3.405836522579193
57,P2_mean,QUANN_1a,11696,0.0005,3.488211490213871,5.014155253767967,3.9367973133921623,3.681239530444145,3.5997457206249237,3.6084043756127357,3.5335708782076836,3.5259585306048393,3.513475462794304,3.4653498232364655,3.405131056904793
58,P2_mean,QUANN_2a,14912,0.0005,3.544613406062126,4.677093759179115,3.8973161950707436,3.6956631019711494,3.634982705116272,3.585601344704628,3.569815680384636,3.5273066982626915,3.5463044345378876,3.459617257118225,3.4444930031895638
59,P2_mean,QUANN_3a,21344,0.0005,3.4008698984980583,3.834428809583187,3.6375636905431747,3.562552884221077,3.5359024927020073,3.5193226486444473,3.494742341339588,3.477175198495388,3.49478380382061,3.412431851029396,3.3262229785323143
60,P2_mean,QUANN_1c,10672,0.0005,3.48285973072052,4.939808875322342,4.473715148866177,4.1576337441802025,3.7846658900380135,3.6424678713083267,3.593083955347538,3.5687027871608734,3.5151316225528717,3.4639141857624054,3.417825162410736
61,P2_mean,QUANN_2c,12864,0.0005,3.551846958696842,4.594747826457024,4.119162246584892,3.7464933916926384,3.6353025510907173,3.597689814865589,3.5546517223119736,3.547950655221939,3.540665201842785,3.496085487306118,3.4743437319993973
62,P2_mean,QUANN_3c,17248,0.0005,3.3564902395009995,4.369437821209431,3.8314954936504364,3.636688530445099,3.5927076563239098,3.5419581830501556,3.566561631858349,3.4862860590219498,3.4013052210211754,3.3527858778834343,3.274610422551632
63,P2_mean,QUANN_1,9584,0.001,2.9361273124814034,4.601201921701431,4.252882666885853,3.934357099235058,3.663977451622486,3.5491113662719727,3.379404738545418,3.288343593478203,3.172778807580471,3.0062231570482254,2.8531377390027046
64,P2_mean,QUANN_2,10688,0.001,2.7355246767401695,4.579537585377693,4.336012825369835,3.7916906028985977,3.5812302604317665,3.4769894927740097,3.431836746633053,3.3211580961942673,3.1625504419207573,2.878481149673462,2.66558538377285
65,P2_mean,QUANN_3,12896,0.001,2.7523524463176727,4.417747512459755,3.7640080749988556,3.632394514977932,3.503281682729721,3.4425258189439774,3.3940519839525223,3.326026864349842,3.198143407702446,2.9972706735134125,2.6623665541410446
66,P2_mean,QUANN_1a,11696,0.001,2.606419377028942,3.9548645988106728,3.64363931119442,3.619763635098934,3.535673439502716,3.545711688697338,3.461714431643486,3.265315465629101,2.9123624488711357,2.6809366568922997,2.4979370683431625
67,P2_mean,QUANN_2a,14912,0.001,2.6072839125990868,3.792969733476639,3.604926623404026,3.553999789059162,3.524412475526333,3.513958618044853,3.4996669068932533,3.3670043647289276,3.16498252004385,2.872544638812542,2.520907234400511
68,P2_mean,QUANN_3a,21344,0.001,1.9289447106420994,3.7300549149513245,3.595512703061104,3.5641686245799065,3.5162307918071747,3.399165131151676,3.1236457452178,2.7685219943523407,2.4017656221985817,2.0939250625669956,1.8653092570602894
69,P2_mean,QUANN_1c,10672,0.001,2.5534966103732586,4.5177290588617325,3.888570763170719,3.695415213704109,3.586976483464241,3.550856299698353,3.4717481434345245,3.145588144659996,2.886208213865757,2.7040854915976524,2.4407593607902527
70,P2_mean,QUANN_2c,12864,0.001,2.463140696287155,4.448205441236496,3.7986654490232468,3.5954569578170776,3.5354786217212677,3.5037093833088875,3.3533259481191635,3.1446738243103027,2.89384339004755,2.6146003641188145,2.380451899021864
71,P2_mean,QUANN_3c,17248,0.001,2.3214492313563824,4.190590001642704,3.7559621781110764,3.5429552644491196,3.533849060535431,3.489458590745926,3.4410099163651466,3.169791102409363,2.771785579621792,2.4908278919756413,2.208347588777542
72,P2_mean,QUANN_1,9584,0.005,0.9919644612818956,4.506795212626457,3.957584463059902,3.3058787286281586,2.3841776326298714,1.7614212147891521,1.5733102150261402,1.1293917000293732,1.3328447230160236,1.0799753032624722,0.9319132827222347
73,P2_mean,QUANN_2,10688,0.005,1.0133739039301872,3.627756930887699,3.4631556272506714,3.119128540158272,2.31148424744606,1.7896407209336758,1.4305253475904465,1.2572097480297089,1.1507482510060072,1.0876511707901955,0.9458237607032061
74,P2_mean,QUANN_3,12896,0.005,1.1207058485597372,3.6473783925175667,3.542446620762348,3.2000347897410393,2.547582633793354,1.8606154061853886,1.6723957508802414,1.239043340086937,1.2926250118762255,1.10596994869411,1.0507649332284927
75,P2_mean,QUANN_1a,11696,0.005,1.2073223572224379,3.7293067798018456,3.4908134564757347,2.816153384745121,2.401736430823803,1.8188703507184982,1.4384886622428894,1.2276123240590096,1.1255239490419626,1.1371541731059551,1.135590024292469
76,P2_mean,QUANN_2a,14912,0.005,1.088412068784237,3.5949430987238884,3.579473152756691,3.0986358076334,2.3784763626754284,2.0387787632644176,1.6263516433537006,1.2575776670128107,1.1749859992414713,1.031628131866455,0.9987983088940382
77,P2_mean,QUANN_3a,21344,0.005,0.8535425113514066,3.6105983406305313,3.595509633421898,3.207866907119751,2.4769867807626724,1.7072020508348942,1.3521253801882267,1.2296527810394764,1.0746599398553371,1.0187548268586397,0.8098820056766272
78,P2_mean,QUANN_1c,10672,0.005,1.052593007683754,3.8140081465244293,3.633271612226963,3.316698595881462,2.572611704468727,2.2109000273048878,1.7428158074617386,1.2782078795135021,1.2053002547472715,1.1593164280056953,0.9733421858400106
79,P2_mean,QUANN_2c,12864,0.005,1.0626591425389051,3.783486045897007,3.4445440247654915,3.5150577425956726,2.2237314730882645,1.7262837812304497,1.5115591883659363,1.4299630355089903,1.3791848048567772,1.2902078069746494,0.9953333996236324
80,P2_mean,QUANN_3c,17248,0.005,1.003145508468151,3.81146327406168,3.537923350930214,2.9990541264414787,2.59874327480793,1.6578600145876408,1.4957530815154314,1.305555585771799,1.24646139703691,1.1309408191591501,0.9740850180387497
81,P2_mean,QUANN_1,9584,0.01,0.9858460742980242,4.304088577628136,3.6923279985785484,3.0684699788689613,1.7299857512116432,1.2340303640812635,1.1405882481485605,1.0092001780867577,1.171137323603034,0.9470443930476904,0.9181504920125008
82,P2_mean,QUANN_2,10688,0.01,1.3392816819250584,3.795984022319317,3.3821028620004654,3.06307789683342,2.143740627914667,1.7257233895361423,1.6065317206084728,1.3152026124298573,1.2107559069991112,1.2571926433593035,1.2818766925483942
83,P2_mean,QUANN_3,12896,0.01,1.1124695893377066,4.019824415445328,3.4695244133472443,2.7583277225494385,2.0668628327548504,1.7328671403229237,1.3150302525609732,1.2976021021604538,1.117665285244584,0.976606784388423,1.0405359603464603
84,P2_mean,QUANN_1a,11696,0.01,1.2884196136146784,4.380644738674164,3.5675626322627068,2.9668718054890633,2.123267140239477,1.941897016018629,1.6911078952252865,1.4070539008826017,1.2514419872313738,1.1372415479272604,1.2752299159765244
85,P2_mean,QUANN_2a,14912,0.01,1.170761002227664,4.0222741812467575,3.511747509241104,2.3942099139094353,1.879805527627468,1.4727030135691166,1.2609840389341116,1.265032408758998,1.0812004134058952,1.069550696760416,1.0732267014682293
86,P2_mean,QUANN_3a,21344,0.01,0.9599559716880322,3.7369286119937897,3.4613081365823746,2.607306733727455,2.157448824495077,1.5983066335320473,1.3337618056684732,1.3149098716676235,1.2029573488980532,1.1662071198225021,0.9408132284879684
87,P2_mean,QUANN_1c,10672,0.01,1.1055652927607298,3.9055305495858192,3.450299970805645,2.564688615500927,2.012396428734064,1.4427049160003662,1.3053237460553646,1.1979735437780619,1.132895052433014,1.0681562684476376,1.0496751125901937
88,P2_mean,QUANN_2c,12864,0.01,1.028688982129097,3.9862134605646133,3.6154979690909386,3.0379687696695328,2.359092738479376,1.7875636667013168,1.2494770158082247,1.1242665573954582,1.3232021871954203,1.54845205321908,0.9719661399722099
89,P2_mean,QUANN_3c,17248,0.01,1.0625356528908014,3.663421466946602,3.5560508742928505,2.787165157496929,1.9761726818978786,1.4838942512869835,1.2408756893128157,1.0718161016702652,1.2060794811695814,1.0350250098854303,1.002488812431693
90,midpoint,QUANN_1,9584,0.0001,30.357956290245056,48.1688916683197,41.215200424194336,36.70489740371704,34.17828673124313,32.393906474113464,30.927358329296112,29.898792505264282,29.272495210170746,28.923272907733917,28.77423858642578
91,midpoint,QUANN_2,10688,0.0001,31.65001732110977,48.66246747970581,42.00683391094208,36.85523682832718,33.77545976638794,32.206519186496735,31.361963510513306,30.84929931163788,30.43819308280945,30.168973088264465,30.042058408260345
92,midpoint,QUANN_3,12896,0.0001,31.34413868188858,48.56579768657684,42.232343554496765,37.74075269699097,35.5050003528595,33.907141745090485,32.742198169231415,31.8266538977623,31.0945885181427,30.63066130876541,30.203437566757202
93,midpoint,QUANN_1a,11696,0.0001,31.92462682723999,48.455029010772705,42.15735721588135,37.3491005897522,34.50364112854004,32.89880645275116,32.13999307155609,31.741472601890564,31.508391678333282,31.093227684497833,30.58291667699814
94,midpoint,QUANN_2a,14912,0.0001,31.677294731140137,48.68315887451172,42.06022500991821,37.502391040325165,35.09928923845291,33.6687273979187,32.770666897296906,31.961207330226898,31.2683727145195,30.80003184080124,30.625883638858795
95,midpoint,QUANN_3a,21344,0.0001,31.179718494415283,48.82553744316101,42.15944182872772,37.44842839241028,34.87213122844696,33.32474571466446,32.206228613853455,31.251415729522705,30.643426477909088,30.295016944408417,30.09807413816452
96,midpoint,QUANN_1c,10672,0.0001,31.813709914684296,48.387434244155884,42.50172579288483,38.065519988536835,35.55407905578613,33.975644052028656,32.838048458099365,31.716898679733276,31.008838295936584,30.530985236167908,30.08760315179825
97,midpoint,QUANN_2c,12864,0.0001,31.181502759456635,48.41916370391846,42.17546606063843,38.29196888208389,35.663124799728394,33.70281422138214,32.2436928153038,31.28384816646576,30.688600480556488,30.117418885231018,29.550735592842102
98,midpoint,QUANN_3c,17248,0.0001,32.5364511013031,48.21245718002319,41.396987557411194,36.793159782886505,34.57824206352234,33.36803364753723,32.704614996910095,32.27777415513992,31.831401884555817,31.369869351387024,30.987875163555145
99,midpoint,QUANN_1,9584,0.0005,27.03660386800766,34.4635568857193,30.163060307502747,28.914862990379333,28.719161689281464,28.550995886325836,28.285248398780823,28.08381873369217,27.51710796356201,26.69260311126709,25.684230625629425
100,midpoint,QUANN_2,10688,0.0005,25.049928545951843,33.98558044433594,30.380130529403687,29.027827620506287,28.951789796352386,28.07820302248001,26.761623799800873,25.803032398223877,25.242639124393463,24.742847502231598,24.419456124305725
101,midpoint,QUANN_3,12896,0.0005,25.048140048980713,34.05801039934158,30.686870336532593,28.943708419799805,28.33122992515564,27.08149629831314,26.12055265903473,25.567624032497406,25.13740485906601,24.690935790538788,24.41233593225479
102,midpoint,QUANN_1a,11696,0.0005,24.65060842037201,32.97406941652298,29.231367349624634,27.719541788101196,26.439456045627594,25.523612558841705,24.86461043357849,24.431332230567932,24.156403124332428,23.886775732040405,23.64825737476349
103,midpoint,QUANN_2a,14912,0.0005,25.002717435359955,34.34232795238495,29.509798109531403,28.461620211601257,27.00886744260788,26.225888311862946,25.564956963062286,25.040917992591858,24.59360146522522,24.404049575328827,24.234588086605072
104,midpoint,QUANN_3a,21344,0.0005,24.346078366041183,34.2903870344162,28.978107213974,27.082694053649902,26.054742753505707,25.694575309753418,25.015075147151947,24.583071887493134,24.43686729669571,24.217135906219482,24.035074651241302
105,midpoint,QUANN_1c,10672,0.0005,25.234614491462708,33.49199736118317,29.93155014514923,28.84160202741623,28.561547815799713,28.16959023475647,27.372394025325775,26.378546357154846,25.449160754680634,24.795690417289734,24.451629519462585
106,midpoint,QUANN_2c,12864,0.0005,24.951148688793182,33.70351046323776,29.678280651569366,28.460945546627045,27.60610407590866,26.362256586551666,25.50365400314331,24.934362173080444,24.46177589893341,24.14934092760086,23.944193422794342
107,midpoint,QUANN_3c,17248,0.0005,25.104115843772888,33.191467106342316,30.078300952911377,28.49410718679428,26.722695350646973,25.7587051987648,25.220003843307495,24.73067730665207,24.291633009910583,24.065755367279053,23.912663459777832
108,midpoint,QUANN_1,9584,0.001,24.30312168598175,30.60055524110794,28.710171580314636,27.029220759868622,25.42082267999649,24.689728021621704,23.982651352882385,23.84110313653946,23.694616377353668,23.652574360370636,23.622317373752594
109,midpoint,QUANN_2,10688,0.001,24.32865220308304,29.582612216472626,28.28281593322754,26.23703157901764,25.082455217838287,24.462687373161316,24.19603145122528,24.07616353034973,23.926343977451324,24.015334606170654,23.80502712726593
110,midpoint,QUANN_3,12896,0.001,24.215952336788177,31.066029012203217,28.84704428911209,26.719005048274994,24.902095556259155,24.544906735420227,24.082710802555084,23.952233612537384,23.993379056453705,23.752784073352814,23.696087658405304
111,midpoint,QUANN_1a,11696,0.001,24.50391712784767,30.543139398097992,26.99122166633606,25.655586183071136,24.590709507465363,24.158639132976532,24.00834435224533,23.7429261803627,23.883764386177063,23.548277378082275,23.69667738676071
112,midpoint,QUANN_2a,14912,0.001,24.142850071191788,30.07645946741104,26.148491621017456,24.91242104768753,24.281954765319824,23.97033041715622,23.912626326084137,23.784250020980835,23.678110361099243,23.579776108264923,23.574794948101044
113,midpoint,QUANN_3a,21344,0.001,24.57667964696884,30.29118460416794,26.18870258331299,24.888201415538788,24.308262705802917,24.0571249127388,23.851357996463776,23.718916833400726,24.137771487236023,23.903982996940613,23.864642918109894
114,midpoint,QUANN_1c,10672,0.001,24.167421489953995,29.10022097826004,28.530603766441345,26.6532741189003,24.900932490825653,24.058179020881653,23.80237579345703,23.497970521450043,23.44531136751175,23.548605144023895,23.33432924747467
115,midpoint,QUANN_2c,12864,0.001,24.48409229516983,30.74350416660309,26.819619834423065,25.41062092781067,24.53152745962143,24.38854718208313,23.963616847991943,23.666324973106384,23.81853622198105,23.605232775211334,23.78457510471344
116,midpoint,QUANN_3c,17248,0.001,24.6687071621418,29.54013955593109,27.49517035484314,26.557612359523773,26.199791073799133,25.527734577655792,24.735645532608032,24.387436628341675,24.18976718187332,24.180349469184875,24.057381808757782
117,midpoint,QUANN_1,9584,0.005,25.010748982429504,25.250732123851776,25.01637303829193,24.79562246799469,24.778463065624237,24.3633873462677,24.52181386947632,24.702790141105652,24.632166266441345,24.31075131893158,24.49152410030365
118,midpoint,QUANN_2,10688,0.005,24.87323886156082,25.650280833244324,24.409845411777496,24.677592754364014,24.515648365020752,24.549791395664215,24.230840623378754,24.52703505754471,24.015392243862152,24.127196431159973,24.139696836471558
119,midpoint,QUANN_3,12896,0.005,25.01466178894043,26.207789719104767,25.359015345573425,24.760662317276,24.696104049682617,24.969486594200134,25.1829372048378,24.60948395729065,24.46952974796295,24.49799019098282,24.945316970348358
120,midpoint,QUANN_1a,11696,0.005,24.74900096654892,25.297869861125946,24.649714946746826,24.57575923204422,24.22400426864624,24.114427864551544,24.15746694803238,24.157939910888672,24.395225286483765,24.346921682357788,23.908434510231018
121,midpoint,QUANN_2a,14912,0.005,24.976178288459778,25.095544576644897,24.240284383296967,24.357391834259033,24.646226286888123,24.23169445991516,23.99824494123459,24.043069303035736,24.042603075504303,24.629776775836945,24.65639740228653
122,midpoint,QUANN_3a,21344,0.005,24.95894318819046,25.09275597333908,25.12476372718811,24.761209666728973,25.100592076778412,24.947564125061035,24.865658283233643,24.949294805526733,25.00818943977356,24.375301480293274,24.801196038722992
123,midpoint,QUANN_1c,10672,0.005,25.087901890277863,25.488370537757874,24.829193353652954,25.21421891450882,24.594669222831726,24.434481143951416,24.446653485298157,24.39957743883133,24.668123602867126,24.91113692522049,24.426933884620667
124,midpoint,QUANN_2c,12864,0.005,24.594917684793472,25.61019140481949,24.536467909812927,24.797203600406647,24.848496973514557,24.79613423347473,24.890373945236206,24.777027547359467,24.81221240758896,24.65510457754135,24.37675803899765
125,midpoint,QUANN_3c,17248,0.005,24.62683194875717,25.986125349998474,25.359753251075745,25.081544995307922,24.95117437839508,25.317431688308716,25.182096362113953,24.945820093154907,24.984696805477142,24.950343310832977,24.845216870307922
126,midpoint,QUANN_1,9584,0.01,25.88325434923172,26.272602796554565,27.07720571756363,25.83854442834854,25.91865825653076,26.48012751340866,26.48561555147171,26.14419013261795,26.980495035648346,25.006540715694427,25.139714539051056
127,midpoint,QUANN_2,10688,0.01,25.673413336277008,27.041158378124237,26.739885926246643,25.998558342456818,25.83497452735901,25.5354061126709,25.51029634475708,26.182850062847137,25.05593365430832,26.101630210876465,25.15537005662918
128,midpoint,QUANN_3,12896,0.01,26.106889724731445,28.992859661579132,26.94260597229004,26.99748933315277,26.58489614725113,26.51493662595749,25.53432410955429,27.13493174314499,25.48218482732773,26.08811229467392,25.78446674346924
129,midpoint,QUANN_1a,11696,0.01,26.086795210838318,26.828505277633667,25.981389105319977,25.739161550998688,25.412140369415283,25.808826982975006,25.45968508720398,25.397486746311188,24.98427301645279,24.79158192873001,25.120083570480347
130,midpoint,QUANN_2a,14912,0.01,25.685309410095215,26.326082289218903,27.537654757499695,26.162061750888824,26.015420258045197,26.50009250640869,25.541127920150757,25.54042762517929,25.580898880958557,26.17423927783966,25.583384096622467
131,midpoint,QUANN_3a,21344,0.01,26.194739937782288,26.35669308900833,25.731525421142578,25.74454563856125,26.374746561050415,25.714662790298462,24.990983545780182,25.701881289482117,26.181810200214386,25.82352465391159,25.788987278938293
132,midpoint,QUANN_1c,10672,0.01,25.836253583431244,27.063638627529144,26.689136862754822,26.18002861738205,26.498446941375732,26.17673122882843,25.187279284000397,26.693170845508575,25.90675115585327,25.37570494413376,25.59673660993576
133,midpoint,QUANN_2c,12864,0.01,25.893591463565826,27.005405128002167,25.71598845720291,26.19814658164978,25.795703768730164,25.780208945274353,25.499419152736664,25.64410024881363,25.680282533168793,25.853427529335022,25.17851036787033
134,midpoint,QUANN_3c,17248,0.01,25.85097563266754,27.694217205047607,26.611760079860687,26.472010672092438,26.71191442012787,25.763506174087524,26.178423643112183,25.54185199737549,25.573096811771393,25.19392639398575,25.737112760543823
135,geometric_median,QUANN_1,9584,0.0001,10.4589192122221,29.091052770614624,20.871455788612366,16.423539370298386,14.425070106983185,12.905849665403366,12.02000942826271,11.84391263127327,11.60086715221405,11.031698197126389,10.459248691797256
136,geometric_median,QUANN_2,10688,0.0001,10.377429246902466,29.375375390052795,20.894349336624146,16.361589550971985,13.58541402220726,11.906110227108002,11.132624581456184,10.674279749393463,10.597308069467545,10.544604137539864,10.493456810712814
137,geometric_median,QUANN_3,12896,0.0001,10.282148629426956,29.21506041288376,20.111142933368683,15.789755791425705,13.791167974472046,12.164708405733109,10.925489366054535,10.467051774263382,10.356185168027878,10.28299255669117,10.202974408864975
138,geometric_median,QUANN_1a,11696,0.0001,10.166444152593613,28.950029373168945,20.83056128025055,15.808766573667526,13.110769599676132,11.84853681921959,11.26391014456749,10.534863144159317,10.279017135500908,10.234127938747406,10.150697529315948
139,geometric_median,QUANN_2a,14912,0.0001,10.329833462834358,29.47380530834198,21.25416451692581,15.73876217007637,13.236807584762573,11.485551744699478,10.595499157905579,10.469544813036919,10.394453674554825,10.34548106789589,10.256055563688278
140,geometric_median,QUANN_3a,21344,0.0001,8.870164409279823,28.853340923786163,20.383712470531464,15.834390223026276,13.78541612625122,12.566003650426865,11.597867637872696,10.637555047869682,9.798318639397621,9.239176869392395,8.795366659760475
141,geometric_median,QUANN_1c,10672,0.0001,11.665663570165634,29.450634837150574,21.576586961746216,16.042488366365433,13.115041226148605,12.047417432069778,11.82281893491745,11.778361022472382,11.690660834312439,11.58406487107277,11.376585632562637
142,geometric_median,QUANN_2c,12864,0.0001,10.454618439078331,29.20123028755188,21.326053977012634,16.190089762210846,13.149967521429062,12.151935160160065,11.900295734405518,11.517586380243301,10.832678228616714,10.507231503725052,10.394114837050438
143,geometric_median,QUANN_3c,17248,0.0001,9.462832748889923,29.469724655151367,21.323591887950897,17.27468028664589,14.838045209646225,13.02487701177597,11.680601447820663,10.727789670228958,10.136497363448143,9.697201445698738,9.35920737683773
144,geometric_median,QUANN_1,9584,0.0005,5.020043559372425,12.501140266656876,10.518364891409874,10.125193044543266,8.996157944202423,6.99491873383522,5.946370139718056,5.389786519110203,5.13440203666687,4.985719181597233,4.874094724655151
145,geometric_median,QUANN_2,10688,0.0005,4.919871397316456,11.8484767973423,10.290769577026367,9.717809602618217,7.619415998458862,6.197040751576424,5.483323514461517,5.115519464015961,4.946810714900494,4.821443118155003,4.7637563198804855
146,geometric_median,QUANN_3,12896,0.0005,5.057698465883732,13.147214859724045,10.305679574608803,9.168564662337303,7.252752050757408,6.3456156849861145,5.8429234847426414,5.451585792005062,5.253999598324299,5.04568063467741,4.923288345336914
147,geometric_median,QUANN_1a,11696,0.0005,4.981698475778103,12.995092034339905,10.175524577498436,8.04311329126358,6.5382256507873535,5.724696844816208,5.319791428744793,5.063975378870964,4.967513412237167,4.817437686026096,4.7854194939136505
148,geometric_median,QUANN_2a,14912,0.0005,4.843708202242851,11.952686607837677,10.111960291862488,8.234325990080833,6.597633346915245,5.728661619126797,5.260401539504528,5.0462967455387115,4.9396946132183075,4.829941786825657,4.764747805893421
149,geometric_median,QUANN_3a,21344,0.0005,4.890006892383099,12.762794643640518,9.774036943912506,7.387513354420662,6.2576869279146194,5.549943201243877,5.199003286659718,5.022766061127186,4.9096333011984825,4.791201360523701,4.746912561357021
150,geometric_median,QUANN_1c,10672,0.0005,5.177684277296066,12.486433506011963,10.274070233106613,9.730174526572227,7.7252277582883835,6.235371761023998,5.508318059146404,5.211397856473923,5.006190858781338,4.948370434343815,4.836316987872124
151,geometric_median,QUANN_2c,12864,0.0005,5.122220695018768,12.672250866889954,10.056515589356422,8.021182432770729,6.630809657275677,5.738303512334824,5.32343889772892,5.111629292368889,4.959042005240917,4.843942902982235,4.804866224527359
152,geometric_median,QUANN_3c,17248,0.0005,4.9378276616334915,12.494596719741821,9.758087664842606,7.474795073270798,6.325203210115433,5.526895068585873,5.127809621393681,4.942158058285713,4.812681019306183,4.7114586010575294,4.6720264330506325
153,geometric_median,QUANN_1,9584,0.001,4.613804303109646,10.413253039121628,8.06183509528637,6.26168742030859,5.148780904710293,4.841292269527912,4.636567696928978,4.561130061745644,4.578401818871498,4.43902275711298,4.362010456621647
154,geometric_median,QUANN_2,10688,0.001,4.583257265388966,10.629879295825958,8.936377197504044,5.815190710127354,5.182820446789265,4.986277841031551,4.907938100397587,4.75973516702652,4.6699476689100266,4.594706431031227,4.52915845066309
155,geometric_median,QUANN_3,12896,0.001,4.734199248254299,10.358964636921883,8.15505102276802,5.882731765508652,5.2312320321798325,5.037229008972645,4.870031304657459,4.789657957851887,4.701390691101551,4.7073095589876175,4.6196247190237045
156,geometric_median,QUANN_1a,11696,0.001,4.564560808241367,10.5386743247509,7.312875643372536,5.516510292887688,5.042110174894333,4.77552093565464,4.668410509824753,4.609894722700119,4.488621637225151,4.461732678115368,4.417539723217487
157,geometric_median,QUANN_2a,14912,0.001,4.44481298327446,10.012787744402885,6.355249151587486,5.251627892255783,4.88847641646862,4.682889878749847,4.575555466115475,4.501318991184235,4.47065070271492,4.332544393837452,4.304729774594307
158,geometric_median,QUANN_3a,21344,0.001,4.553614765405655,8.604658037424088,5.796331577003002,4.903304040431976,4.722017794847488,4.556992992758751,4.46625179797411,4.466094270348549,4.372126691043377,4.3775657787919044,4.313123971223831
159,geometric_median,QUANN_1c,10672,0.001,4.408318296074867,10.269238144159317,7.36503541469574,5.4594516903162,4.966765031218529,4.810718365013599,4.675694905221462,4.6271812915802,4.547459565103054,4.465774178504944,4.412153445184231
160,geometric_median,QUANN_2c,12864,0.001,4.524375095963478,9.92451286315918,6.377840794622898,5.337910920381546,4.969183176755905,4.818859323859215,4.753089182078838,4.668754890561104,4.6408050656318665,4.586851745843887,4.541965924203396
161,geometric_median,QUANN_3c,17248,0.001,4.649006485939026,9.582912936806679,6.69075933098793,5.629090771079063,5.269572548568249,4.940967254340649,4.852178856730461,4.7332093715667725,4.69064974039793,4.614142589271069,4.532866910099983
162,geometric_median,QUANN_1,9584,0.005,3.9160639196634293,5.143671691417694,4.816630274057388,4.836923599243164,4.637853041291237,4.812172293663025,4.407653816044331,4.180599696934223,4.008871339261532,3.7096152007579803,3.7083899155259132
163,geometric_median,QUANN_2,10688,0.005,3.5672371834516525,5.1902850940823555,5.180018916726112,4.725801058113575,4.456630565226078,4.486148253083229,4.114806070923805,4.068270191550255,4.060784846544266,3.701106406748295,3.5105170160531998
164,geometric_median,QUANN_3,12896,0.005,3.6405605748295784,5.259682662785053,5.0124217718839645,4.702901944518089,4.5063915103673935,4.191863715648651,4.0295862555503845,3.9228336960077286,3.65220233052969,3.526930645108223,3.565792627632618
165,geometric_median,QUANN_1a,11696,0.005,3.9873960316181183,5.304068990051746,5.186138153076172,4.838448390364647,4.731500647962093,4.557233504951,4.226554691791534,4.241833336651325,4.0367454290390015,3.9751914590597153,3.7735594883561134
166,geometric_median,QUANN_2a,14912,0.005,4.531411737203598,5.151647664606571,4.847128696739674,4.9837417379021645,4.6991505697369576,4.573114089667797,4.601275652647018,4.457036577165127,4.53721658885479,4.426171451807022,4.351792648434639
167,geometric_median,QUANN_3a,21344,0.005,4.25028957426548,4.977869980037212,4.601218163967133,4.5432697013020515,4.420101091265678,4.313911512494087,4.124259181320667,4.247917793691158,4.237696953117847,4.177633784711361,3.971131816506386
168,geometric_median,QUANN_1c,10672,0.005,4.612003862857819,5.378451980650425,5.1895401030778885,5.034679368138313,5.117382042109966,4.903893768787384,4.762638658285141,4.77073360234499,4.63933202624321,4.4751491248607635,4.497732497751713
169,geometric_median,QUANN_2c,12864,0.005,3.766440935432911,5.27937351167202,5.01604113727808,4.751587636768818,4.530656889081001,4.480011612176895,4.325997434556484,4.279387399554253,4.030844867229462,3.732446290552616,3.660706102848053
170,geometric_median,QUANN_3c,17248,0.005,4.551996178925037,5.832025371491909,5.335525266826153,5.145710691809654,4.938227154314518,4.772297784686089,4.535578101873398,4.359232746064663,4.459676139056683,4.3009690791368484,4.3751062378287315
171,geometric_median,QUANN_1,9584,0.01,4.240418680012226,5.731692790985107,5.70129320025444,5.160706803202629,4.867022760212421,4.368543177843094,4.260745920240879,4.1831376403570175,4.059821926057339,3.9555998146533966,4.119014732539654
172,geometric_median,QUANN_2,10688,0.01,4.09966503828764,5.531689569354057,5.520060420036316,5.61043069511652,5.101590104401112,4.592157259583473,4.543535962700844,4.373590052127838,3.9198692440986633,3.9723670706152916,3.930916376411915
173,geometric_median,QUANN_3,12896,0.01,3.826324228197336,5.734858796000481,4.842419818043709,4.523758992552757,4.542837128043175,4.361744523048401,4.188569247722626,3.8790237605571747,3.8993420973420143,4.379428558051586,3.851325608789921
174,geometric_median,QUANN_1a,11696,0.01,4.388052329421043,6.21177077293396,5.471820868551731,4.938330844044685,4.650964617729187,4.8552634716033936,4.387080430984497,4.116505816578865,4.083513788878918,3.943065159022808,4.251838311553001
175,geometric_median,QUANN_2a,14912,0.01,3.8425353169441223,5.6319728046655655,4.9761577397584915,4.7509388998150826,4.249525792896748,4.223333157598972,4.142111912369728,3.9568539038300514,4.0645733922719955,4.127696022391319,3.6567693650722504
176,geometric_median,QUANN_3a,21344,0.01,4.017803676426411,5.311546623706818,5.6859409138560295,5.039279192686081,4.929357901215553,4.907617390155792,4.585129864513874,4.577040933072567,4.373649924993515,4.301022507250309,3.7831727042794228
177,geometric_median,QUANN_1c,10672,0.01,3.995838224887848,6.485572874546051,5.58075737208128,5.480826705694199,5.274684026837349,4.630151845514774,4.440141774713993,4.053566582500935,4.167126692831516,3.862282857298851,3.764591082930565
178,geometric_median,QUANN_2c,12864,0.01,3.855584539473057,6.032928183674812,5.649628862738609,5.628351636230946,5.063134603202343,4.899393908679485,4.556934915482998,4.254226453602314,4.156595341861248,4.2942871525883675,3.8999787345528603
179,geometric_median,QUANN_3c,17248,0.01,33.71601688861847,6.261394292116165,5.861276313662529,5.6632687747478485,5.349421001970768,5.078068546950817,5.3216047659516335,4.960028879344463,4.487789459526539,33.56230002641678,33.552610039711
180,marginal_median,QUANN_1,9584,0.0001,10.626154199242592,30.39237016439438,22.753895580768585,17.440487682819366,15.031848967075348,13.789291679859161,12.820409893989563,12.105387836694717,11.508335381746292,11.32656729221344,11.293669730424881
181,marginal_median,QUANN_2,10688,0.0001,10.546775951981544,30.269904911518097,22.482688009738922,17.868533730506897,15.263286679983139,13.791768580675125,12.99527221918106,12.767516314983368,12.456874191761017,11.878265768289566,11.343979239463806
182,marginal_median,QUANN_3,12896,0.0001,11.073488712310791,29.988551557064056,21.95600312948227,17.899409621953964,15.325340032577515,13.362408220767975,12.819953620433807,12.648576825857162,12.481998294591904,12.197819977998734,11.734760895371437
183,marginal_median,QUANN_1a,11696,0.0001,10.402244299650192,30.91329461336136,22.867944657802582,16.611786395311356,13.842750668525696,12.76448279619217,12.140057623386383,11.394688546657562,11.189465090632439,11.112788125872612,11.048572182655334
184,marginal_median,QUANN_2a,14912,0.0001,10.331783145666122,30.010547280311584,22.077494204044342,16.852488785982132,14.58400547504425,13.521246492862701,12.469484686851501,11.556853160262108,11.264470979571342,11.158410504460335,11.067099452018738
185,marginal_median,QUANN_3a,21344,0.0001,9.685291677713394,30.158666014671326,22.27450954914093,17.89124834537506,15.656191557645798,13.97459551692009,12.5768021941185,11.5600266456604,10.938023060560226,10.619745939970016,10.202018573880196
186,marginal_median,QUANN_1c,10672,0.0001,10.33439527451992,30.61454600095749,22.879267930984497,17.9107825756073,14.944689333438873,13.35880532860756,12.336797952651978,11.573174953460693,11.352381825447083,11.272984877228737,11.220617935061455
187,marginal_median,QUANN_2c,12864,0.0001,10.300490200519562,30.08575415611267,21.799969732761383,16.87925148010254,14.97058030962944,13.337613612413406,11.989620000123978,11.366819590330124,11.191223978996277,11.091113120317459,10.971429824829102
188,marginal_median,QUANN_3c,17248,0.0001,9.63939754664898,29.939983665943146,22.310828864574432,17.661023288965225,15.20566040277481,13.823365181684494,12.694013714790344,11.799705892801285,11.174173325300217,10.756667211651802,10.383058965206146
189,marginal_median,QUANN_1,9584,0.0005,5.290925979614258,13.811836570501328,11.298394083976746,10.987494260072708,10.336645662784576,8.374239817261696,6.711792841553688,6.122104920446873,5.801205031573772,5.671692781150341,5.536251068115234
190,marginal_median,QUANN_2,10688,0.0005,5.164055690169334,12.753374636173248,11.343829065561295,10.685713827610016,8.523369267582893,7.014811411499977,6.31059031188488,5.922226682305336,5.647200547158718,5.491514466702938,5.423453748226166
191,marginal_median,QUANN_3,12896,0.0005,5.15066609531641,13.86011192202568,10.959454879164696,9.44398519396782,7.629743650555611,6.664359577000141,6.142041772603989,5.787633880972862,5.613800063729286,5.494537606835365,5.376590684056282
192,marginal_median,QUANN_1a,11696,0.0005,5.105465076863766,14.336095482110977,11.112415745854378,10.581145122647285,9.24683678150177,7.148150712251663,6.248897761106491,5.795084327459335,5.553900927305222,5.418432861566544,5.319358445703983
193,marginal_median,QUANN_2a,14912,0.0005,5.200219847261906,12.976553320884705,10.798877477645874,8.239949569106102,6.938032954931259,6.260498210787773,5.86781083792448,5.664149075746536,5.590818613767624,5.481958605349064,5.403403148055077
194,marginal_median,QUANN_3a,21344,0.0005,5.034332573413849,13.91476222872734,10.029011845588684,7.846158474683762,6.710532337427139,6.110863044857979,5.7850262597203255,5.606939680874348,5.484713658690453,5.401879668235779,5.353703685104847
195,marginal_median,QUANN_1c,10672,0.0005,5.090644985437393,13.888917237520218,11.955367147922516,9.916504889726639,7.727184697985649,6.619731940329075,6.128120869398117,5.772058360278606,5.636266231536865,5.47432691603899,5.376692734658718
196,marginal_median,QUANN_2c,12864,0.0005,5.251955673098564,14.453807175159454,11.286236301064491,10.59485524892807,8.691759407520294,7.234948918223381,6.367222331464291,5.898499116301537,5.695431187748909,5.536274157464504,5.41008398681879
197,marginal_median,QUANN_3c,17248,0.0005,5.298735797405243,13.99080502986908,10.807890087366104,8.389426484704018,7.113418713212013,6.523025497794151,6.061014898121357,5.856482550501823,5.707074895501137,5.623543240129948,5.493736624717712
198,marginal_median,QUANN_1,9584,0.001,4.965998254716396,11.650406628847122,9.678339287638664,6.79783496260643,6.027730204164982,5.745379254221916,5.514932483434677,5.4322750344872475,5.357396371662617,5.242498427629471,5.140718996524811
199,marginal_median,QUANN_2,10688,0.001,4.885610826313496,11.162739604711533,8.065799474716187,6.25610126554966,5.7497837245464325,5.613007500767708,5.40643996745348,5.2968533635139465,5.268148839473724,5.1667685136199,5.124840624630451
200,marginal_median,QUANN_3,12896,0.001,4.757703430950642,11.690900295972824,7.515305772423744,6.3390712440013885,5.725733689963818,5.547344654798508,5.378663130104542,5.306384339928627,5.141640208661556,5.118847958743572,5.008353218436241
201,marginal_median,QUANN_1a,11696,0.001,4.8205733224749565,11.145316526293755,7.945473253726959,6.079784519970417,5.579103104770184,5.327394254505634,5.253747850656509,5.152648493647575,5.044916778802872,5.098489120602608,4.949897110462189
202,marginal_median,QUANN_2a,14912,0.001,4.768182948231697,10.495662868022919,6.807676196098328,5.755894534289837,5.3919534385204315,5.223268494009972,5.147135451436043,5.081270828843117,5.033391058444977,4.925556808710098,4.870849139988422
203,marginal_median,QUANN_3a,21344,0.001,4.724676385521889,10.402474611997604,6.867529600858688,5.706147760152817,5.313106991350651,5.1018998101353645,5.020893409848213,4.909474462270737,4.862327627837658,4.766115002334118,4.756452351808548
204,marginal_median,QUANN_1c,10672,0.001,5.116368979215622,11.218193858861923,8.368568167090416,5.985519655048847,5.506764933466911,5.288169674575329,5.223242148756981,5.14213028550148,5.064740397036076,5.068408325314522,5.054558575153351
205,marginal_median,QUANN_2c,12864,0.001,4.870935305953026,11.611591100692749,7.2173770517110825,6.115269020199776,5.8038110584020615,5.605682201683521,5.553618535399437,5.45977883040905,5.320523515343666,5.287221409380436,5.177227854728699
206,marginal_median,QUANN_3c,17248,0.001,4.767884023487568,10.463530793786049,7.084203943610191,6.041534319519997,5.51290986686945,5.340936928987503,5.182754784822464,4.999407775700092,4.962118223309517,4.8552176877856255,4.778921611607075
207,marginal_median,QUANN_1,9584,0.005,4.460724800825119,6.14260832965374,5.91935995221138,5.533487021923065,5.5097805336117744,5.258499123156071,5.530562616884708,4.9398388266563416,4.9871836975216866,4.59975528717041,4.553509175777435
208,marginal_median,QUANN_2,10688,0.005,4.18825126439333,5.969917729496956,5.586577743291855,5.2463418915867805,5.114772014319897,5.089710861444473,4.778176575899124,4.702299863100052,4.461843729019165,4.296442352235317,4.205091759562492
209,marginal_median,QUANN_3,12896,0.005,4.504598155617714,5.849609591066837,5.670252710580826,5.337399207055569,5.5363799929618835,5.136866211891174,5.120286755263805,4.918280012905598,4.778975002467632,4.913160085678101,4.579141519963741
210,marginal_median,QUANN_1a,11696,0.005,4.249126642942429,5.921020962297916,6.172438606619835,5.291134387254715,5.41112157702446,5.018954694271088,4.986547768115997,4.64351399987936,4.600428894162178,4.28942484408617,4.2427539974451065
211,marginal_median,QUANN_2a,14912,0.005,4.210656173527241,5.848292328417301,5.5562481209635735,5.301776818931103,5.036426670849323,4.819321721792221,4.798442140221596,4.433372236788273,4.439543128013611,4.061482608318329,4.04029356688261
212,marginal_median,QUANN_3a,21344,0.005,4.705761432647705,5.963475301861763,5.8324791342020035,5.210582405328751,5.105297744274139,5.188483044505119,4.922399818897247,4.93025815486908,4.724487081170082,4.649665385484695,4.749947503209114
213,marginal_median,QUANN_1c,10672,0.005,4.719100937247276,5.9344043880701065,5.957692265510559,5.923126861453056,5.336243599653244,5.21615494042635,5.1495707258582115,5.032972425222397,4.8651387840509415,4.808225177228451,4.74869816750288
214,marginal_median,QUANN_2c,12864,0.005,4.189605049788952,5.952503889799118,5.634200729429722,5.2407336831092834,5.017582885921001,4.979705549776554,4.7031539529562,4.758412748575211,4.340943172574043,4.166768066585064,3.8843616023659706
215,marginal_median,QUANN_3c,17248,0.005,3.898920603096485,6.727503165602684,5.891851052641869,5.347140610218048,5.225161172449589,5.067998051643372,4.713385537266731,4.4798620119690895,4.251098349690437,4.224685288965702,4.015126645565033
216,marginal_median,QUANN_1,9584,0.01,4.290355280041695,6.146382130682468,5.45195122808218,4.7662767469882965,4.715972989797592,4.5500881895422935,4.468299999833107,4.439111769199371,4.582550957798958,4.431900657713413,4.07384392619133
217,marginal_median,QUANN_2,10688,0.01,4.348305270075798,6.108404368162155,5.949148461222649,5.691640771925449,5.099873021245003,4.802743889391422,4.549873225390911,4.404023423790932,4.124702453613281,4.2705367505550385,4.211756229400635
218,marginal_median,QUANN_3,12896,0.01,4.5519667118787766,6.3164027482271194,5.913632228970528,5.978243492543697,5.335917271673679,5.1745511293411255,5.255119025707245,4.711285226047039,4.565709702670574,4.246902838349342,4.377316512167454
219,marginal_median,QUANN_1a,11696,0.01,4.357537858188152,6.633288577198982,5.728738889098167,4.966073758900166,4.626148656010628,4.503805883228779,4.491404473781586,4.259418293833733,4.22048345208168,4.5431646928191185,4.329452931880951
220,marginal_median,QUANN_2a,14912,0.01,4.509428083896637,6.202006593346596,6.046060130000114,5.731400541961193,5.647669047117233,5.46795416623354,5.597251772880554,5.2911501824855804,4.8250245451927185,4.926048256456852,4.397392615675926
221,marginal_median,QUANN_3a,21344,0.01,4.254886642098427,6.36873671412468,5.997140370309353,5.475666485726833,5.274842262268066,4.9486658945679665,4.719532921910286,4.920270502567291,4.7152959778904915,4.068252190947533,4.104835614562035
222,marginal_median,QUANN_1c,10672,0.01,4.365326821804047,6.824216067790985,6.298431098461151,5.719864711165428,5.582449309527874,5.14834039658308,4.9308337569236755,4.9807911440730095,4.522631891071796,4.594020813703537,4.258455209434032
223,marginal_median,QUANN_2c,12864,0.01,4.325349450111389,6.26948019862175,5.919298633933067,6.150293380022049,4.866906873881817,4.819164112210274,4.562144882977009,4.430522322654724,4.42354903370142,4.736785896122456,4.259605802595615
224,marginal_median,QUANN_3c,17248,0.01,4.15288469940424,7.1397178173065186,6.3912860453128815,5.754772529006004,5.156875669956207,4.898231618106365,4.710621565580368,4.6814363822340965,4.700106009840965,4.501320481300354,4.174276053905487
225,log_sum_exp,QUANN_1,9584,0.0001,41.850380659103394,110.58307075500488,100.62839484214783,83.85413336753845,61.36536884307861,52.34769952297211,48.005159854888916,45.560388922691345,43.643659234046936,42.10931038856506,40.63528788089752
226,log_sum_exp,QUANN_2,10688,0.0001,40.439125180244446,108.5713746547699,81.96804285049438,58.35397970676422,50.433679819107056,47.28065621852875,44.91128873825073,43.29146158695221,41.627692222595215,40.51152157783508,39.151134610176086
227,log_sum_exp,QUANN_3,12896,0.0001,37.685688495635986,89.14006352424622,53.64467012882233,46.942155599594116,44.365360736846924,42.942042112350464,41.61319696903229,40.63654983043671,39.16994059085846,38.27396047115326,36.84895020723343
228,log_sum_exp,QUANN_1a,11696,0.0001,36.82272833585739,105.6157374382019,68.71314680576324,52.971494913101196,48.50386917591095,45.54249083995819,42.85729730129242,41.01499545574188,39.08760714530945,37.64531230926514,36.16528898477554
229,log_sum_exp,QUANN_2a,14912,0.0001,37.13618612289429,95.12590193748474,56.615673780441284,50.25875985622406,47.39332675933838,45.103925466537476,43.371734976768494,41.48042416572571,39.74326717853546,38.130138874053955,36.55110716819763
230,log_sum_exp,QUANN_3a,21344,0.0001,34.05369806289673,69.72077238559723,49.98217797279358,44.971556544303894,42.26167893409729,40.26248323917389,38.94740700721741,37.14339226484299,35.67872428894043,34.43181669712067,33.08155447244644
231,log_sum_exp,QUANN_1c,10672,0.0001,40.38625729084015,105.74769282341003,88.15758895874023,64.40058064460754,54.30175757408142,49.86841666698456,46.9342041015625,44.56408071517944,42.5598783493042,40.514784932136536,38.960955023765564
232,log_sum_exp,QUANN_2c,12864,0.0001,35.65479636192322,96.32598304748535,58.047114610672,49.740278840065,46.559425950050354,44.06065571308136,41.75866413116455,40.01001811027527,38.3173907995224,36.6475927233696,34.675144731998444
233,log_sum_exp,QUANN_3c,17248,0.0001,34.913268089294434,59.02451050281525,48.77661693096161,45.734630942344666,43.39525556564331,41.71421670913696,39.93300139904022,38.510721027851105,37.07519519329071,35.45652985572815,33.94390231370926
234,log_sum_exp,QUANN_1,9584,0.0005,21.018992066383362,54.85727798938751,42.27900457382202,35.50626182556152,31.329814910888672,28.10168218612671,25.42024153470993,23.929856717586517,22.432392358779907,21.55357253551483,20.711537420749664
235,log_sum_exp,QUANN_2,10688,0.0005,19.694402664899826,48.976223945617676,40.11055099964142,34.42851543426514,30.0458425283432,27.1247980594635,26.607455253601074,23.586459577083588,22.646973073482513,21.008535385131836,19.525862514972687
236,log_sum_exp,QUANN_3,12896,0.0005,18.486096769571304,46.11817407608032,40.04272818565369,34.12765783071518,29.208864510059357,25.4700568318367,22.97446095943451,21.64089673757553,20.00026571750641,18.947389036417007,18.02355057001114
237,log_sum_exp,QUANN_1a,11696,0.0005,18.773168444633484,51.0346941947937,41.37502694129944,34.6493678689003,30.09405744075775,26.9384925365448,24.734127044677734,22.705746710300446,21.49212396144867,19.464590847492218,18.359239727258682
238,log_sum_exp,QUANN_2a,14912,0.0005,19.295252919197083,44.27469885349274,36.61042404174805,33.702964425086975,28.299969375133514,25.03870975971222,23.421292901039124,22.03793716430664,20.70276516675949,21.13611549139023,18.943520188331604
239,log_sum_exp,QUANN_3a,21344,0.0005,18.30824103951454,44.91024708747864,36.27005749940872,30.91923028230667,27.398926496505737,24.281396687030792,22.26467376947403,20.588182479143143,19.900979042053223,19.04458123445511,18.078630596399307
240,log_sum_exp,QUANN_1c,10672,0.0005,18.215942859649658,51.80827987194061,41.62943875789642,33.418539583683014,27.78124910593033,24.352064669132233,21.39436626434326,19.88646960258484,19.04685401916504,17.878134071826935,17.78017631173134
241,log_sum_exp,QUANN_2c,12864,0.0005,17.744102865457535,46.06156659126282,38.09249484539032,32.55923110246658,28.233185589313507,25.373480439186096,23.42437767982483,20.973915696144104,20.378106653690338,18.89104264974594,17.801681578159332
242,log_sum_exp,QUANN_3c,17248,0.0005,17.829921662807465,43.94529390335083,37.646988213062286,32.137920916080475,27.38120174407959,24.20444941520691,21.686689376831055,19.913071036338806,19.2465643286705,17.41593399643898,16.824314326047897
243,log_sum_exp,QUANN_1,9584,0.001,16.140195220708847,44.08386039733887,33.55548006296158,27.68189227581024,24.774479866027832,20.997337579727173,19.434948325157166,18.34639322757721,17.020809441804886,16.463610738515854,15.54869058728218
244,log_sum_exp,QUANN_2,10688,0.001,15.636182278394699,45.14238965511322,32.11418044567108,26.825871169567108,22.063620448112488,19.266698330640793,17.75069260597229,17.168180882930756,16.225954174995422,15.59763890504837,15.466293931007385
245,log_sum_exp,QUANN_3,12896,0.001,14.574909031391144,41.8964809179306,32.37534540891647,25.28350567817688,23.123927891254425,20.72444173693657,18.478968143463135,16.871762543916702,17.364359825849533,14.72221252322197,14.170221477746964
246,log_sum_exp,QUANN_1a,11696,0.001,14.680746763944626,44.9454745054245,32.32781386375427,24.26736229658127,21.092399060726166,19.029166877269745,17.270106494426727,16.19304946064949,15.447650283575058,14.845904260873795,14.618900090456009
247,log_sum_exp,QUANN_2a,14912,0.001,16.297154635190964,40.02436590194702,30.861341297626495,24.358793079853058,21.36410802602768,19.360741436481476,19.45006513595581,16.397202968597412,15.932585835456848,15.301371783018112,15.44924858212471
248,log_sum_exp,QUANN_3a,21344,0.001,14.64753645658493,37.0978142619133,27.041741013526917,23.274374425411224,20.948240518569946,18.449083358049393,17.241335302591324,15.851291596889496,14.767742395401001,14.35050168633461,14.311233162879944
249,log_sum_exp,QUANN_1c,10672,0.001,16.415511697530746,41.957316756248474,32.810149013996124,27.352545022964478,23.875269532203674,21.814264237880707,19.274035453796387,18.304571092128754,17.433581560850143,16.37806126475334,15.96796429157257
250,log_sum_exp,QUANN_2c,12864,0.001,14.673809736967087,40.3331104516983,29.67913693189621,23.742150247097015,19.224189966917038,17.927585870027542,17.089809000492096,15.846376836299896,15.156221330165863,16.028086960315704,14.183929085731506
251,log_sum_exp,QUANN_3c,17248,0.001,14.230867832899094,40.59847569465637,31.134075105190277,24.892671585083008,21.360695123672485,19.222907692193985,17.912146002054214,16.916765719652176,15.709028005599976,15.387222111225128,14.150566190481186
252,log_sum_exp,QUANN_1,9584,0.005,15.24969556927681,33.65935653448105,23.15192186832428,19.031402349472046,16.605460315942764,14.514623284339905,14.329569101333618,14.434125632047653,13.054742395877838,12.475624471902847,14.64709860086441
253,log_sum_exp,QUANN_2,10688,0.005,13.414328426122665,32.18167823553085,21.078481078147888,17.664758890867233,16.86944141983986,12.494420975446701,12.790816843509674,11.609239608049393,11.806621879339218,11.56433790922165,12.609828650951385
254,log_sum_exp,QUANN_3,12896,0.005,11.156144767999649,32.10938423871994,20.69976681470871,14.925843000411987,13.62692341208458,12.430986255407333,12.3580002784729,12.033996433019638,11.609617471694946,11.42287591099739,11.140275776386261
255,log_sum_exp,QUANN_1a,11696,0.005,15.025722593069077,29.54641306400299,18.785523742437363,16.783867865800858,14.581841707229614,12.839138895273209,12.214683026075363,11.992481797933578,12.202701389789581,12.309484034776688,14.743555635213852
256,log_sum_exp,QUANN_2a,14912,0.005,11.80750498175621,25.32694512605667,19.03098338842392,18.505577713251114,14.553549081087112,12.847798138856888,11.72107994556427,13.308933466672897,11.720423251390457,11.089394688606262,11.54621410369873
257,log_sum_exp,QUANN_3a,21344,0.005,11.760662525892258,24.264496326446533,16.582064241170883,14.45624041557312,13.982350528240204,11.972833096981049,11.795150756835938,11.017809748649597,11.579254269599915,11.292286723852158,11.314310431480408
258,log_sum_exp,QUANN_1c,10672,0.005,12.410063326358795,30.591217160224915,18.78587582707405,17.173288851976395,22.106593132019043,13.971648156642914,13.640883892774582,12.062616616487503,12.31206864118576,11.56663990020752,11.7519391477108
259,log_sum_exp,QUANN_2c,12864,0.005,13.099591732025146,24.89997762441635,17.972975820302963,17.285547107458115,14.835789382457733,14.320836067199707,12.735621094703674,12.549633145332336,12.973922163248062,11.380714476108551,12.640467762947083
260,log_sum_exp,QUANN_3c,17248,0.005,12.011214703321457,30.179083704948425,19.099444538354874,15.018099516630173,14.952283143997192,12.221516609191895,12.70938915014267,12.27966657280922,11.630143493413925,11.642858803272247,11.56449806690216
261,log_sum_exp,QUANN_1,9584,0.01,14.339372396469116,36.02740341424942,18.681128710508347,17.62650641798973,15.38423377275467,15.28793677687645,13.404000252485275,12.982012331485748,16.05770045518875,14.678138673305511,14.276989609003067
262,log_sum_exp,QUANN_2,10688,0.01,12.753464758396149,25.97075843811035,20.874099791049957,16.216807633638382,14.588772416114807,13.231954514980316,12.901329457759857,12.686622351408005,16.240313053131104,13.707232385873795,11.88966217637062
263,log_sum_exp,QUANN_3,12896,0.01,12.724857151508331,28.130920708179474,20.804337680339813,17.281975507736206,17.12641203403473,16.008353054523468,15.018777340650558,15.289113402366638,14.161050081253052,13.620043873786926,12.686547070741653
264,log_sum_exp,QUANN_1a,11696,0.01,13.147536218166351,32.6954088807106,20.42050528526306,16.77627232670784,15.646078258752823,14.943711429834366,15.659457415342331,15.60111591219902,14.157801926136017,13.586773484945297,13.007794082164764
265,log_sum_exp,QUANN_2a,14912,0.01,12.744827568531036,35.01152241230011,21.197312116622925,15.626648753881454,15.370416134595871,12.861760824918747,25.337609589099884,12.216112166643143,13.18102952837944,17.108128637075424,12.179110586643219
266,log_sum_exp,QUANN_3a,21344,0.01,13.141680240631104,19.988881707191467,15.303779631853104,12.858682572841644,13.3633713722229,12.646133840084076,13.178882479667664,12.159279555082321,12.0254225730896,13.007833063602448,13.041180849075317
267,log_sum_exp,QUANN_1c,10672,0.01,14.645819991827011,25.645531713962555,17.627388060092926,16.134307116270065,14.070013731718063,14.62433010339737,13.289901077747345,12.77463784813881,13.485443353652954,11.663971304893494,14.58059760928154
268,log_sum_exp,QUANN_2c,12864,0.01,13.927865713834763,27.5046289563179,18.685679525136948,18.210102945566177,16.605769962072372,14.461765348911285,12.776843070983887,12.441754341125488,13.480768859386444,12.145933717489243,13.305827766656876
269,log_sum_exp,QUANN_3c,17248,0.01,12.647600829601288,31.33234614133835,24.662053525447845,17.483523726463318,16.42601054906845,14.906036466360092,13.4559705555439,12.112316817045212,12.34041902422905,12.133595377206802,12.305708944797516
270,norm_max,QUANN_1,9584,0.0001,109.29587435722351,160.96854305267334,147.27387619018555,135.05132794380188,126.91109013557434,121.25505638122559,117.25475716590881,114.38364148139954,112.53416109085083,111.56226420402527,110.5614709854126
271,norm_max,QUANN_2,10688,0.0001,108.17613101005554,161.21869802474976,147.48557353019714,134.1502001285553,126.29771757125854,121.72453212738037,118.39545488357544,115.72356414794922,113.53054094314575,111.88077187538147,110.51708769798279
272,norm_max,QUANN_3,12896,0.0001,105.61216354370117,161.42912793159485,146.7636103630066,133.96556901931763,126.3976514339447,120.83553433418274,116.74404168128967,113.810302734375,111.2512514591217,109.22501707077026,107.623206615448
273,norm_max,QUANN_1a,11696,0.0001,110.45582723617554,160.92556047439575,146.56372117996216,131.94755220413208,123.43371677398682,118.94005560874939,116.69364356994629,115.14823079109192,113.97847247123718,112.93248653411865,111.81456565856934
274,norm_max,QUANN_2a,14912,0.0001,108.1889636516571,161.2721004486084,146.66332149505615,133.35065174102783,126.4005618095398,122.37891149520874,119.31638383865356,117.19074320793152,115.38648462295532,113.87348818778992,112.20491480827332
275,norm_max,QUANN_3a,21344,0.0001,107.93109607696533,160.82710647583008,146.14397549629211,134.11135172843933,127.11505794525146,122.82153725624084,119.526522397995,116.64033198356628,114.46072006225586,112.78073525428772,111.25490999221802
276,norm_max,QUANN_1c,10672,0.0001,109.6968150138855,160.64910554885864,145.68825578689575,133.24638438224792,125.61569881439209,120.8208396434784,117.59898805618286,115.50269794464111,114.03862619400024,112.96993970870972,112.09709739685059
277,norm_max,QUANN_2c,12864,0.0001,108.32927012443542,161.18043208122253,147.73759245872498,136.58269476890564,129.05719828605652,124.46211767196655,121.25804162025452,118.4934070110321,115.73849725723267,113.07114100456238,110.91566681861877
278,norm_max,QUANN_3c,17248,0.0001,109.66411137580872,161.04089426994324,147.29356288909912,138.06880807876587,131.86548137664795,127.47508502006531,123.66268277168274,120.22924828529358,116.99141430854797,114.19058537483215,111.71741652488708
279,norm_max,QUANN_1,9584,0.0005,90.83901000022888,124.32587099075317,106.90491914749146,101.3833646774292,100.92067551612854,100.15516972541809,99.39424538612366,98.39099955558777,97.4284656047821,95.46753931045532,93.9272369146347
280,norm_max,QUANN_2,10688,0.0005,90.76628804206848,119.32968831062317,107.53880023956299,104.26501941680908,102.7045955657959,99.94432163238525,98.01024913787842,97.07536935806274,94.83183741569519,93.22392964363098,91.95451998710632
281,norm_max,QUANN_3,12896,0.0005,91.14745569229126,122.12308716773987,112.33206367492676,106.74340915679932,104.11982870101929,102.10793876647949,100.1125099658966,97.71137475967407,95.34535503387451,94.31267046928406,93.78348183631897
282,norm_max,QUANN_1a,11696,0.0005,88.73881697654724,120.91867256164551,108.21954298019409,104.88374519348145,103.74648022651672,100.8187620639801,98.03925657272339,94.95025682449341,93.64864802360535,92.6913652420044,92.02853918075562
283,norm_max,QUANN_2a,14912,0.0005,88.92089939117432,122.2533028125763,108.41676330566406,105.01489686965942,102.71214938163757,98.29139447212219,96.0432562828064,94.3759834766388,93.13192176818848,92.0605798959732,91.45692539215088
284,norm_max,QUANN_3a,21344,0.0005,90.04271626472473,121.5036518573761,107.2800464630127,103.29334783554077,99.8614649772644,96.82015943527222,95.0344967842102,93.66650223731995,92.84805524349213,91.6666305065155,91.45388627052307
285,norm_max,QUANN_1c,10672,0.0005,89.97448897361755,119.41859149932861,108.81669569015503,105.42793679237366,103.45164370536804,100.69906067848206,98.62659168243408,97.52898740768433,95.90565013885498,94.1929304599762,92.94885873794556
286,norm_max,QUANN_2c,12864,0.0005,92.00668215751648,121.97005724906921,112.44464159011841,106.189288854599,103.92526888847351,102.47587156295776,101.1139087677002,99.17337536811829,96.85975766181946,94.9549560546875,94.04424214363098
287,norm_max,QUANN_3c,17248,0.0005,91.11335444450378,125.64783596992493,115.63849544525146,108.51964235305786,104.70564460754395,102.30867457389832,100.42601585388184,97.44345903396606,95.8847541809082,94.79716920852661,93.94128751754761
288,norm_max,QUANN_1,9584,0.001,87.31691312789917,114.05380010604858,102.32657718658447,99.87546801567078,96.07300114631653,93.53327631950378,91.74454021453857,90.82324695587158,90.62464332580566,90.54168367385864,89.73198974132538
289,norm_max,QUANN_2,10688,0.001,86.98027205467224,113.90115809440613,102.6710901260376,98.25377893447876,94.5553183555603,92.64529156684875,91.75232577323914,91.0661358833313,90.33445191383362,90.55363750457764,90.4551100730896
290,norm_max,QUANN_3,12896,0.001,88.61071634292603,111.44370317459106,103.16136741638184,99.03677129745483,97.8140664100647,96.2550938129425,94.54331612586975,93.46824479103088,92.98174858093262,92.68969488143921,92.14937615394592
291,norm_max,QUANN_1a,11696,0.001,87.31072044372559,111.8882622718811,103.52514266967773,98.47296261787415,94.74921011924744,92.90890228748322,91.611807346344,91.34534692764282,90.88280057907104,90.65875160694122,90.49263525009155
292,norm_max,QUANN_2a,14912,0.001,86.83774209022522,113.16371059417725,102.95001673698425,95.78075957298279,93.69548511505127,92.03416323661804,91.49742555618286,90.5395781993866,90.79664301872253,90.72171580791473,90.34180784225464
293,norm_max,QUANN_3a,21344,0.001,88.51387560367584,113.1008038520813,103.92066144943237,99.34004378318787,95.04090166091919,93.79125452041626,91.7534408569336,91.73735356330872,91.3932067155838,91.31647276878357,91.17513728141785
294,norm_max,QUANN_1c,10672,0.001,86.93368148803711,108.86174440383911,101.16095066070557,99.50520944595337,97.54068684577942,93.60172820091248,92.32156944274902,90.94523048400879,91.31838524341583,90.88224732875824,90.64582848548889
295,norm_max,QUANN_2c,12864,0.001,86.91596245765686,109.49113869667053,102.77983164787292,97.45768618583679,93.70398163795471,92.54359817504883,92.17449593544006,90.8795999288559,90.44298839569092,90.47606992721558,90.0688829421997
296,norm_max,QUANN_3c,17248,0.001,89.04273438453674,115.81570315361023,103.542720079422,100.07041764259338,96.1678409576416,95.40771508216858,93.19560241699219,91.87007665634155,92.03284525871277,91.29907488822937,91.20791578292847
297,norm_max,QUANN_1,9584,0.005,90.59704613685608,96.6411669254303,92.59244620800018,93.40652012825012,93.08314597606659,92.85506987571716,92.97666907310486,94.08841323852539,93.59633731842041,95.43504524230957,92.75987124443054
298,norm_max,QUANN_2,10688,0.005,90.962566614151,101.45566201210022,94.46176409721375,93.10650312900543,95.3242735862732,93.39798069000244,94.35300993919373,94.31138181686401,93.71635818481445,94.3283178806305,94.23331034183502
299,norm_max,QUANN_3,12896,0.005,90.23036670684814,98.38038635253906,94.11228537559509,92.99048829078674,93.65557050704956,94.20416986942291,93.83000230789185,94.22215962409973,95.00554704666138,93.78264570236206,92.99216568470001
300,norm_max,QUANN_1a,11696,0.005,89.08091115951538,96.46305108070374,96.9838273525238,94.46741914749146,93.49436509609222,92.96261215209961,94.88537001609802,94.00902366638184,92.98607313632965,93.82471179962158,93.1313066482544
301,norm_max,QUANN_2a,14912,0.005,89.57419037818909,95.17315554618835,94.50014925003052,93.12984132766724,93.47866201400757,97.55904197692871,93.82276010513306,92.87134718894958,92.9588258266449,92.39983081817627,92.59984016418457
302,norm_max,QUANN_3a,21344,0.005,90.97484850883484,97.64637351036072,93.89511227607727,94.13385784626007,94.46465182304382,94.7550277709961,93.65571331977844,94.60515332221985,93.553786277771,95.81943678855896,94.60790705680847
303,norm_max,QUANN_1c,10672,0.005,91.17644810676575,98.34083223342896,94.89670157432556,93.36996459960938,92.78992295265198,93.68472266197205,92.45119023323059,93.70033740997314,93.64087569713593,92.92923474311829,93.63982319831848
304,norm_max,QUANN_2c,12864,0.005,91.11601781845093,98.05079936981201,95.80863404273987,94.45975971221924,94.69599604606628,95.27901816368103,93.52927279472351,93.89388155937195,92.71346545219421,94.33811044692993,94.82630777359009
305,norm_max,QUANN_3c,17248,0.005,91.3209319114685,97.33745336532593,96.81271648406982,96.75416684150696,95.14719128608704,96.22870635986328,95.80582857131958,95.60109400749207,94.86331272125244,94.4362461566925,95.26863813400269
306,norm_max,QUANN_1,9584,0.01,92.77604651451111,99.68862199783325,98.67412328720093,99.31062364578247,98.45505785942078,96.17767691612244,98.25418734550476,98.6037449836731,97.59871745109558,98.97790884971619,97.23429846763611
307,norm_max,QUANN_2,10688,0.01,93.76873731613159,99.87924933433533,99.4471435546875,99.6751937866211,98.09788846969604,97.70992636680603,96.89811038970947,99.16739249229431,98.08258867263794,100.81701588630676,97.48141121864319
308,norm_max,QUANN_3,12896,0.01,95.49739909172058,103.15842604637146,99.31119084358215,107.65543127059937,101.31973171234131,97.95535492897034,97.86025881767273,101.11120104789734,99.37959790229797,99.1791741847992,99.29489707946777
309,norm_max,QUANN_1a,11696,0.01,92.90728569030762,101.97167789936066,99.01053404808044,99.85091543197632,96.10062110424042,96.93811166286469,96.59254384040833,98.16296648979187,98.08977699279785,97.12520408630371,96.89309644699097
310,norm_max,QUANN_2a,14912,0.01,94.55867290496826,104.56867551803589,100.3271415233612,98.38083982467651,98.75060820579529,98.9914665222168,96.35110211372375,97.58829319477081,98.10223126411438,98.04689741134644,97.65841627120972
311,norm_max,QUANN_3a,21344,0.01,91.47548532485962,98.83102750778198,99.16158843040466,99.65874528884888,97.7935905456543,97.3862624168396,96.74318361282349,97.03026497364044,96.55090081691742,96.75533843040466,94.66600632667542
312,norm_max,QUANN_1c,10672,0.01,92.57486724853516,100.49308800697327,98.83509993553162,97.6703097820282,98.34582781791687,99.94071412086487,98.78068733215332,98.58345365524292,97.78170037269592,97.30861043930054,97.00893950462341
313,norm_max,QUANN_2c,12864,0.01,97.44324851036072,104.54488778114319,101.57139754295349,99.13053441047668,99.2054455280304,98.52530670166016,98.84109497070312,97.39939975738525,101.80845427513123,98.47990298271179,99.33101153373718
314,norm_max,QUANN_3c,17248,0.01,96.76861047744751,106.22662115097046,103.9279637336731,107.29941630363464,99.57472705841064,102.64255499839783,99.79948568344116,101.46908855438232,100.94446063041687,101.1206419467926,100.5437114238739
315,row_max,QUANN_1,9584,0.0001,43.983176708221436,122.02906489372253,111.57176041603088,94.39260911941528,68.79760241508484,58.240081667900085,52.6089950799942,49.23747980594635,47.16905438899994,45.40926814079285,44.08108913898468
316,row_max,QUANN_2,10688,0.0001,39.114593386650085,113.41228294372559,83.17577171325684,59.927942752838135,51.874836802482605,48.42425537109375,46.28813683986664,44.62429642677307,42.86262059211731,41.33188343048096,39.851622581481934
317,row_max,QUANN_3,12896,0.0001,39.19194197654724,99.48653316497803,60.701165556907654,53.06836938858032,49.17270112037659,46.83253562450409,45.040406584739685,43.67165231704712,42.27842581272125,40.96919143199921,39.79179859161377
318,row_max,QUANN_1a,11696,0.0001,39.66978472471237,119.25657796859741,92.88234400749207,65.9031480550766,57.74886119365692,53.571319580078125,50.33458125591278,47.31614696979523,44.753458738327026,42.869481325149536,41.01056170463562
319,row_max,QUANN_2a,14912,0.0001,39.65293025970459,111.9832911491394,69.06936359405518,57.67771232128143,52.417967557907104,48.98253846168518,46.47221553325653,44.96388268470764,42.5349645614624,41.03875744342804,39.67940926551819
320,row_max,QUANN_3a,21344,0.0001,36.459023237228394,73.09274625778198,54.85983169078827,49.055235147476196,45.59495198726654,43.800599217414856,41.28818714618683,39.97210764884949,38.68737745285034,37.80408692359924,36.51621639728546
321,row_max,QUANN_1c,10672,0.0001,40.18481993675232,117.52294540405273,99.57312345504761,70.73816740512848,58.767645716667175,52.42546224594116,48.818578362464905,46.57325780391693,44.745816230773926,42.94032907485962,41.28079605102539
322,row_max,QUANN_2c,12864,0.0001,36.3813698887825,95.97415161132812,61.10865068435669,54.816081523895264,50.4617303609848,47.095956683158875,44.43460214138031,42.39553260803223,40.371055006980896,38.653610944747925,37.106197357177734
323,row_max,QUANN_3c,17248,0.0001,38.078227400779724,66.51273810863495,53.39716446399689,49.04720485210419,46.36018407344818,44.86938452720642,43.89650368690491,42.23924458026886,41.06175339221954,40.73453092575073,38.470968425273895
324,row_max,QUANN_1,9584,0.0005,24.30604487657547,59.95606184005737,44.41972291469574,38.7855920791626,33.42031514644623,30.621169090270996,27.817748725414276,26.39704656600952,25.72365176677704,24.22425878047943,24.1683566570282
325,row_max,QUANN_2,10688,0.0005,22.068639159202576,55.088667154312134,44.058483362197876,38.83815836906433,33.32961827516556,30.451339185237885,28.418457865715027,25.506860494613647,23.833169758319855,22.589362144470215,21.87182080745697
326,row_max,QUANN_3,12896,0.0005,19.982838660478592,50.05348825454712,42.698076605796814,34.71884232759476,31.08083325624466,27.73166412115097,25.33694177865982,23.45181494951248,21.75285428762436,20.39613711833954,19.630357831716537
327,row_max,QUANN_1a,11696,0.0005,20.824196338653564,49.30297338962555,38.70306837558746,34.41709178686142,31.04047590494156,28.04842644929886,26.003713309764862,24.18475478887558,22.566686391830444,21.097814172506332,20.26928821206093
328,row_max,QUANN_2a,14912,0.0005,20.371507167816162,50.54636788368225,43.35276448726654,34.45817333459854,30.424644112586975,27.17832386493683,24.7605100274086,23.090353310108185,22.180843949317932,20.88988298177719,19.82169371843338
329,row_max,QUANN_3a,21344,0.0005,19.247673213481903,47.50682282447815,37.98105561733246,32.95418643951416,29.323559880256653,26.4152370095253,24.910301446914673,23.050248444080353,21.626033663749695,20.076415568590164,19.108691722154617
330,row_max,QUANN_1c,10672,0.0005,21.332101583480835,54.34808397293091,45.381449699401855,40.821864545345306,34.5507315993309,30.598283529281616,28.40904587507248,25.208023011684418,23.448154985904694,22.794435501098633,21.151136875152588
331,row_max,QUANN_2c,12864,0.0005,20.11805748939514,49.44480514526367,43.63891530036926,37.830116629600525,33.09685963392258,30.17277032136917,26.25242990255356,23.582228899002075,21.61238545179367,21.56701409816742,20.383912682533264
332,row_max,QUANN_3c,17248,0.0005,19.85952964425087,49.68712031841278,40.85995078086853,35.18686032295227,30.084878861904144,27.308861255645752,25.4349205493927,23.48236310482025,21.979731500148773,20.49785354733467,19.822434097528458
333,row_max,QUANN_1,9584,0.001,18.995941758155823,48.49045956134796,37.33246070146561,31.31671178340912,27.410948157310486,24.371498197317123,22.822599947452545,21.614716827869415,21.126851081848145,19.541148215532303,18.960200518369675
334,row_max,QUANN_2,10688,0.001,17.52571603655815,46.039373993873596,35.99635136127472,30.15841430425644,23.68265163898468,21.399661242961884,19.818207621574402,19.058126121759415,17.890294909477234,17.465254962444305,17.191859632730484
335,row_max,QUANN_3,12896,0.001,15.421357035636902,42.27760684490204,32.83500152826309,25.718321561813354,23.76058340072632,20.410524725914,18.828981757164,17.691843420267105,16.63064941763878,15.49208015203476,15.07148814201355
336,row_max,QUANN_1a,11696,0.001,16.778033554553986,45.388715982437134,36.15208262205124,29.33557116985321,22.895367741584778,20.78012305498123,18.45801866054535,17.71708595752716,16.724233627319336,15.926226526498795,16.348548501729965
337,row_max,QUANN_2a,14912,0.001,16.010041773319244,41.701931834220886,32.242909252643585,27.901236712932587,23.75610315799713,21.07224476337433,18.717139929533005,17.9626022875309,17.639470130205154,16.388924211263657,15.81534892320633
338,row_max,QUANN_3a,21344,0.001,16.14410427212715,43.21876859664917,32.25509238243103,25.514536380767822,21.757851988077164,19.927752643823624,21.549983620643616,17.38951873779297,16.860103011131287,16.219150602817535,15.920856893062592
339,row_max,QUANN_1c,10672,0.001,17.16187995672226,45.61615550518036,37.74326175451279,30.668711185455322,26.375465869903564,23.84326922893524,21.633182287216187,19.67964494228363,18.693529456853867,17.67594936490059,16.59078422188759
340,row_max,QUANN_2c,12864,0.001,18.067097067832947,46.21551203727722,37.51613771915436,27.352131187915802,23.792470037937164,21.244478166103363,20.349665582180023,18.870125651359558,18.68465355038643,18.00925275683403,17.480545550584793
341,row_max,QUANN_3c,17248,0.001,16.67495408654213,42.762974977493286,32.134354174137115,26.255240261554718,23.26710021495819,20.741247594356537,19.749082505702972,17.488659292459488,16.696987986564636,16.38201117515564,16.236632496118546
342,row_max,QUANN_1,9584,0.005,13.563092410564423,37.91642868518829,26.96479505300522,20.237008154392242,18.827618718147278,17.071923971176147,15.887550115585327,14.57210624217987,16.366961538791656,14.19041982293129,13.250134140253067
343,row_max,QUANN_2,10688,0.005,13.301128029823303,34.52860414981842,20.663311064243317,16.838661015033722,15.411489993333817,15.795280933380127,15.873330563306808,13.689632058143616,13.504991948604584,15.403593987226486,12.90641963481903
344,row_max,QUANN_3,12896,0.005,13.196148812770844,32.60123026371002,22.59307837486267,19.152223706245422,14.782240688800812,14.598501741886139,13.127698183059692,15.202717661857605,13.961963087320328,12.762415051460266,13.092380553483963
345,row_max,QUANN_1a,11696,0.005,13.476863712072372,37.72790390253067,20.96624094247818,17.826062381267548,16.002347975969315,15.316554456949234,14.600873351097107,13.986655533313751,13.614297956228256,13.230871975421906,13.587572157382965
346,row_max,QUANN_2a,14912,0.005,12.841580748558044,29.172142148017883,18.97175043821335,15.890925019979477,14.62414401769638,14.134356081485748,13.96740147471428,15.930182754993439,12.77602231502533,13.913565844297409,12.686359971761703
347,row_max,QUANN_3a,21344,0.005,14.200862407684326,30.995680272579193,17.764014065265656,15.950403660535812,13.78343316912651,13.391130775213242,13.40641102194786,15.193701893091202,12.767542988061905,12.519038081169128,14.108400672674179
348,row_max,QUANN_1c,10672,0.005,13.66353589296341,31.831304132938385,22.18822094798088,18.042537808418274,16.45571479201317,15.282153725624084,15.156100749969482,15.352105468511581,14.294019937515259,13.57522714138031,13.592630088329315
349,row_max,QUANN_2c,12864,0.005,12.525217533111572,31.45121520757675,20.097074538469315,16.818517088890076,14.945733189582825,14.314214527606964,13.839807748794556,13.563301682472229,12.966477781534195,13.104849576950073,12.218014687299728
350,row_max,QUANN_3c,17248,0.005,13.250972330570221,30.88000464439392,20.699467062950134,21.383859038352966,13.853764593601227,16.29641741514206,14.708300620317459,12.657075583934784,14.988079994916916,12.359997242689133,12.61771422624588
351,row_max,QUANN_1,9584,0.01,16.58813315629959,34.742055892944336,22.429704308509827,24.872736930847168,18.401631772518158,15.613550931215286,15.097897857427597,15.47300699353218,13.768748670816422,14.904880613088608,16.436908334493637
352,row_max,QUANN_2,10688,0.01,13.826151490211487,43.659669637680054,22.606115102767944,16.922713845968246,15.915488243103027,14.72601106762886,14.919473648071289,13.917139202356339,22.35617360472679,14.609362363815308,13.601506978273392
353,row_max,QUANN_3,12896,0.01,14.471714913845062,30.4537855386734,21.365241140127182,17.540951192378998,16.002033203840256,14.668414175510406,14.754405438899994,15.804829865694046,13.60422033071518,15.790548652410507,14.241269171237946
354,row_max,QUANN_1a,11696,0.01,14.051134586334229,37.28445816040039,19.3598073720932,18.629483312368393,16.84933966398239,18.00871279835701,16.91767194867134,15.16430851817131,14.592973351478577,17.51179388165474,13.76896321773529
355,row_max,QUANN_2a,14912,0.01,15.26364615559578,28.88119864463806,17.55794969201088,16.43056419491768,15.413482636213303,14.769093453884125,15.126879125833511,14.245595753192902,13.726031869649887,14.660045623779297,15.144879639148712
356,row_max,QUANN_3a,21344,0.01,13.709357112646103,32.250464022159576,20.461360305547714,15.506441086530685,14.510742455720901,14.344385296106339,13.581964313983917,13.717258840799332,14.90824869275093,13.67876785993576,12.83674567937851
357,row_max,QUANN_1c,10672,0.01,14.57153257727623,30.091193914413452,21.749990940093994,16.71474677324295,17.333102494478226,14.06283238530159,14.551089018583298,13.803430944681168,13.801415175199509,13.10147425532341,14.041781157255173
358,row_max,QUANN_2c,12864,0.01,13.365638494491577,29.914694666862488,23.451306581497192,23.563790917396545,17.373886853456497,16.044133633375168,19.79349398612976,14.58015364408493,14.760728687047958,14.12735915184021,13.257225275039673
359,row_max,QUANN_3c,17248,0.01,13.785537034273148,47.10812336206436,26.20903307199478,18.998899072408676,18.672894567251205,15.61820724606514,15.28894704580307,14.496971905231476,14.500069111585617,14.324464619159698,14.029430329799652
360,variance,QUANN_1,9584,0.0001,455.73043727874756,1330.0145378112793,1200.1706428527832,1140.5167293548584,1046.2445964813232,888.0177574157715,700.3575105667114,598.7891263961792,528.6111068725586,479.7291612625122,437.6160635948181
361,variance,QUANN_2,10688,0.0001,297.4652314186096,1335.721263885498,1082.9342012405396,771.967456817627,577.533088684082,436.5238037109375,367.385648727417,333.1757559776306,311.7597699165344,301.36736011505127,295.5247058868408
362,variance,QUANN_3,12896,0.0001,305.36518573760986,955.1594514846802,660.3785943984985,513.3162479400635,413.4674725532532,343.5872530937195,331.59277415275574,298.59543442726135,288.09154510498047,281.0989089012146,296.3829126358032
363,variance,QUANN_1a,11696,0.0001,393.2080354690552,1330.4389629364014,1065.4877300262451,799.0194816589355,675.3122310638428,589.3250217437744,528.8419494628906,470.8839087486267,426.32969427108765,393.70612621307373,370.65081214904785
364,variance,QUANN_2a,14912,0.0001,200.7799835205078,1266.0990676879883,890.7196035385132,640.3542623519897,486.47631454467773,357.7569546699524,298.0249319076538,275.13844537734985,242.3886923789978,219.9250431060791,206.6495656967163
365,variance,QUANN_3a,21344,0.0001,158.74658799171448,1039.2617101669312,590.5416717529297,413.1874485015869,318.4662220478058,270.60322523117065,249.0016791820526,219.8342456817627,209.15085697174072,201.9505853652954,183.4136345386505
366,variance,QUANN_1c,10672,0.0001,371.8316812515259,1297.022954940796,1147.3836154937744,1014.0245037078857,817.1055021286011,656.5180158615112,533.3939800262451,464.4722971916199,420.64536142349243,393.45847940444946,369.24029636383057
367,variance,QUANN_2c,12864,0.0001,284.42274355888367,1295.2116813659668,870.6056451797485,622.861406326294,505.7252130508423,381.1743474006653,329.8209538459778,308.8381452560425,308.16955280303955,288.80171251296997,288.1370553970337
368,variance,QUANN_3c,17248,0.0001,220.29542922973633,736.1383209228516,429.64235258102417,329.737042427063,292.1704044342041,273.03979206085205,261.2728877067566,301.7044458389282,248.958993434906,243.66698098182678,239.2093825340271
369,variance,QUANN_1,9584,0.0005,154.93819069862366,902.6986713409424,412.9870991706848,323.7262818813324,295.02892875671387,283.7214412689209,259.3596956729889,231.4048867225647,206.65974724292755,173.42632460594177,169.74207150936127
370,variance,QUANN_2,10688,0.0005,104.47774064540863,610.3479337692261,415.27588176727295,317.63692140579224,287.77252531051636,260.887508392334,239.17882585525513,206.0062963962555,169.85646510124207,133.81450867652893,114.40817093849182
371,variance,QUANN_3,12896,0.0005,61.196050107479095,429.04877185821533,302.1278944015503,234.76596808433533,170.6548306941986,136.75676548480988,106.587122797966,100.6156622171402,78.0732901096344,69.52921080589294,67.71099257469177
372,variance,QUANN_1a,11696,0.0005,149.65670907497406,624.6562080383301,401.5824136734009,361.7479782104492,294.88996267318726,317.20315051078796,254.33501172065735,220.846759557724,201.74212670326233,224.90716242790222,163.79937601089478
373,variance,QUANN_2a,14912,0.0005,56.55259245634079,525.908700466156,285.8464033603668,247.4147744178772,182.6109595298767,144.83774316310883,114.461470246315,98.89077806472778,76.66503554582596,71.84431755542755,62.610347390174866
374,variance,QUANN_3a,21344,0.0005,64.50065618753433,433.1777582168579,293.9379229545593,210.0924334526062,159.28091835975647,144.6793336868286,106.16166889667511,89.3046098947525,77.12256574630737,75.10195273160934,71.6949457526207
375,variance,QUANN_1c,10672,0.0005,128.3917943239212,673.7707576751709,372.2326908111572,303.1472854614258,288.401486158371,259.9639654159546,220.77789306640625,206.62753343582153,180.49134755134583,177.72850942611694,135.21003592014313
376,variance,QUANN_2c,12864,0.0005,61.38284182548523,532.0238189697266,316.3536100387573,355.5882730484009,220.59772300720215,189.6752645969391,141.5814938545227,139.33317506313324,85.61775571107864,76.72530043125153,70.95452737808228
377,variance,QUANN_3c,17248,0.0005,59.77192026376724,412.10688972473145,262.0727162361145,215.97213292121887,151.17925143241882,115.32896000146866,99.39831221103668,81.63666534423828,94.7158864736557,68.40417075157166,64.70576667785645
378,variance,QUANN_1,9584,0.001,152.61905169487,482.0367531776428,336.96721172332764,370.96005153656006,303.4027409553528,268.66702818870544,252.54028391838074,271.96984934806824,201.54017090797424,203.9406397342682,154.16902351379395
379,variance,QUANN_2,10688,0.001,62.83099013566971,397.73471450805664,299.8016242980957,245.9152283668518,192.33661913871765,184.3925449848175,114.53882551193237,105.06832432746887,88.8490504026413,81.59717273712158,70.41474282741547
380,variance,QUANN_3,12896,0.001,56.34280723333359,391.3737087249756,279.8620047569275,157.45089554786682,104.59162962436676,73.65251398086548,68.58721357584,60.453154504299164,62.88860505819321,59.28423285484314,57.51382803916931
381,variance,QUANN_1a,11696,0.001,52.507357597351074,486.01670360565186,206.73996758460999,102.14022243022919,79.87451469898224,71.22762870788574,69.09983956813812,64.89179944992065,60.81551879644394,64.10312926769257,58.3579598069191
382,variance,QUANN_2a,14912,0.001,51.866008162498474,497.89205741882324,275.7791500091553,151.12047052383423,127.02188056707382,80.04936575889587,112.86331731081009,67.25593829154968,61.18919509649277,57.55651265382767,56.34804731607437
383,variance,QUANN_3a,21344,0.001,53.56083953380585,333.95333671569824,222.38087511062622,165.05944299697876,84.5464437007904,69.42624497413635,79.30777108669281,69.00960594415665,56.956540524959564,58.01271986961365,57.551159381866455
384,variance,QUANN_1c,10672,0.001,74.86387574672699,446.2099299430847,325.1655054092407,285.0001802444458,252.699609041214,219.40758895874023,191.13700604438782,144.65813636779785,107.21398115158081,115.56750738620758,81.00616908073425
385,variance,QUANN_2c,12864,0.001,52.53683429956436,416.94852209091187,284.27822256088257,335.60967206954956,141.67827033996582,108.9937516450882,80.18783593177795,68.8209320306778,58.61227887868881,63.34454768896103,55.98657900094986
386,variance,QUANN_3c,17248,0.001,58.20500832796097,297.1857719421387,193.16442441940308,136.80323207378387,117.79380011558533,79.37171232700348,83.72582924365997,59.87667566537857,55.616209387779236,68.64594030380249,55.97900581359863
387,variance,QUANN_1,9584,0.005,88.7304698228836,363.345335483551,265.4088680744171,144.90777015686035,111.52961325645447,100.14888226985931,87.4102954864502,73.1871474981308,83.61797678470612,67.75549131631851,99.25318574905396
388,variance,QUANN_2,10688,0.005,60.86274093389511,387.17215871810913,206.15398383140564,148.00443816184998,107.25064039230347,78.46561324596405,75.55706709623337,73.30469036102295,64.5387020111084,96.21878004074097,63.953731179237366
389,variance,QUANN_3,12896,0.005,97.38271772861481,351.9998860359192,135.04524147510529,171.42694425582886,95.87589871883392,135.5205841064453,104.33104455471039,77.37638473510742,127.2714056968689,69.69915008544922,102.02538752555847
390,variance,QUANN_1a,11696,0.005,48.922583758831024,353.8744249343872,297.5317225456238,77.2846160531044,72.36387526988983,153.84744691848755,73.18564808368683,72.03666692972183,63.8943407535553,61.25687503814697,56.49488818645477
391,variance,QUANN_2a,14912,0.005,57.6566544175148,552.1986703872681,140.3955180644989,79.5457022190094,91.74697816371918,81.26204776763916,58.112917304039,88.1115403175354,60.67628753185272,59.730658173561096,64.5445351600647
392,variance,QUANN_3a,21344,0.005,69.39881980419159,262.73045015335083,115.52174520492554,71.07904714345932,64.96171021461487,104.7411720752716,71.87115609645844,58.866108775138855,54.51509153842926,67.70292949676514,67.61811745166779
393,variance,QUANN_1c,10672,0.005,76.99645793437958,403.9379119873047,310.1993372440338,216.25471329689026,164.30914902687073,173.1246476173401,143.44307339191437,128.5832245349884,100.28896260261536,83.60364282131195,80.11433207988739
394,variance,QUANN_2c,12864,0.005,53.247856974601746,406.7286777496338,135.602508187294,104.53373575210571,67.3830429315567,62.56588441133499,59.265308260917664,54.55526292324066,61.73750525712967,69.07835191488266,57.0737130343914
395,variance,QUANN_3c,17248,0.005,46.180425345897675,306.6027321815491,136.9819849729538,89.44987654685974,67.59360617399216,71.14454400539398,56.785929918289185,88.40651178359985,56.06513035297394,59.68266570568085,56.17259359359741
396,variance,QUANN_1,9584,0.01,150.19786262512207,423.5002737045288,430.1062865257263,212.9744999408722,154.59841680526733,140.1067066192627,122.90785562992096,149.0863058567047,103.10783195495605,103.18385624885559,171.68209052085876
397,variance,QUANN_2,10688,0.01,89.5257009267807,469.70185232162476,231.60473203659058,138.48388612270355,118.01152515411377,99.62502574920654,78.76937675476074,150.60490560531616,79.61553603410721,106.71589922904968,93.2655861377716
398,variance,QUANN_3,12896,0.01,58.67993122339249,306.14209842681885,159.19297313690186,174.49713778495789,86.2131097316742,67.87702167034149,91.79571044445038,90.10670721530914,61.959849298000336,72.362753033638,56.48429161310196
399,variance,QUANN_1a,11696,0.01,76.7143303155899,361.81248235702515,292.8124940395355,325.6261806488037,144.94368314743042,140.8050891160965,109.16225588321686,116.92359817028046,89.18439376354218,85.85997986793518,88.48108756542206
400,variance,QUANN_2a,14912,0.01,71.8745082616806,367.50395822525024,620.0647587776184,169.44385957717896,110.1776864528656,104.89196002483368,119.82138085365295,111.35283660888672,132.37937450408936,64.12763637304306,67.31114798784256
401,variance,QUANN_3a,21344,0.01,78.21027898788452,253.0303132534027,296.91746950149536,113.06003725528717,84.2269059419632,103.81135165691376,81.02704727649689,95.13268637657166,82.29814207553864,79.54808342456818,83.16002917289734
402,variance,QUANN_1c,10672,0.01,70.83089888095856,641.4697909355164,210.66774320602417,240.0154891014099,210.72440719604492,152.11495172977448,101.28175377845764,95.21247458457947,116.5659806728363,83.02280151844025,72.28524446487427
403,variance,QUANN_2c,12864,0.01,97.71101891994476,333.7377073764801,234.74382138252258,143.5727355480194,92.66905212402344,71.73616588115692,98.6946177482605,96.61201000213623,72.89037454128265,68.78289496898651,108.76639533042908
404,variance,QUANN_3c,17248,0.01,2677.0949878692627,462.1308674812317,234.66936874389648,209.44591999053955,82.77402400970459,82.04858887195587,3276.227554321289,3160.9012451171875,3036.2696075439453,2909.6191062927246,2773.8988456726074
405,skewness,QUANN_1,9584,0.0001,0.026877008378505707,0.03003196354256943,0.02872918505454436,0.02832718496210873,0.028163915150798857,0.028056129114702344,0.02798690675990656,0.027976410114206374,0.027953829092439264,0.027923294983338565,0.02791646111290902
406,skewness,QUANN_2,10688,0.0001,0.026844616077141836,0.030346080951858312,0.028981052222661674,0.02852541662286967,0.0282989822444506,0.028165141702629626,0.028087925806175917,0.02804808656219393,0.027993106574285775,0.0279823366436176,0.027961792598944157
407,skewness,QUANN_3,12896,0.0001,0.026903292135102674,0.030088247847743332,0.028981174575164914,0.02855614374857396,0.028382136370055377,0.028249757597222924,0.02815956121776253,0.028094996290747076,0.028054185211658478,0.028010057663777843,0.028030802321154624
408,skewness,QUANN_1a,11696,0.0001,0.026811729767359793,0.03028112178435549,0.028916447248775512,0.028509440191555768,0.028305574436672032,0.028208307165186852,0.02810661232797429,0.028059557953383774,0.02802394947502762,0.02800543647026643,0.027984950691461563
409,skewness,QUANN_2a,14912,0.0001,0.026846305874641985,0.029987076297402382,0.02880987827666104,0.028441654983907938,0.02825799898710102,0.028144709474872798,0.02807301771827042,0.02806017018156126,0.028007350105326623,0.027979283360764384,0.027955869678407907
410,skewness,QUANN_3a,21344,0.0001,0.026864304672926664,0.03100346855353564,0.029265165445394814,0.028727782890200615,0.028489548072684556,0.028339554206468165,0.028241057880222797,0.02817242970922962,0.028152922575827688,0.028080040239728987,0.028074952366296202
411,skewness,QUANN_1c,10672,0.0001,0.02682179445400834,0.029908468073699623,0.028758454485796392,0.028399619710398838,0.028212056204210967,0.028121526585891843,0.02807826330536045,0.028013196657411754,0.02800125442445278,0.02798807917861268,0.02797782706329599
412,skewness,QUANN_2c,12864,0.0001,0.026868001732509583,0.029905428586062044,0.028781132132280618,0.02842847880674526,0.028228488692548126,0.02815150748938322,0.02807594445766881,0.02802918353700079,0.027992159448331222,0.027961778920143843,0.027944239642238244
413,skewness,QUANN_3c,17248,0.0001,0.026875720359385014,0.03068335010902956,0.02908967435359955,0.02859470626572147,0.028385823068674654,0.02824632596457377,0.02817303064512089,0.02807675168151036,0.028084315708838403,0.028023698716424406,0.02800663490779698
414,skewness,QUANN_1,9584,0.0005,0.026855391421122476,0.02813768875785172,0.028047862462699413,0.027960692066699266,0.027957239653915167,0.02795026754029095,0.028017632197588682,0.02801075705792755,0.02797148237004876,0.027940455765929073,0.027979084523394704
415,skewness,QUANN_2,10688,0.0005,0.026852044567931443,0.02824971976224333,0.02806234883610159,0.02803111297544092,0.028007041139062494,0.028074923087842762,0.02798385001369752,0.027924549678573385,0.027961360348854214,0.027985433116555214,0.027975565259112045
416,skewness,QUANN_3,12896,0.0005,0.026816224883077666,0.028329477238003165,0.028078949020709842,0.028057298390194774,0.02789206791203469,0.028021669189911336,0.02791446790797636,0.027917413681279868,0.027981217222986743,0.027980036160442978,0.027923071495024487
417,skewness,QUANN_1a,11696,0.0005,0.026804932713275775,0.028283698309678584,0.028007428045384586,0.028078975330572575,0.027972996700555086,0.028038726362865418,0.027985412249108776,0.027922247303649783,0.027946443937253207,0.02798845508368686,0.027964586566668004
418,skewness,QUANN_2a,14912,0.0005,0.026839634781936184,0.028334490954875946,0.02805106801679358,0.028007578512188047,0.02801884795189835,0.027960991952568293,0.027949006645940244,0.027945201203692704,0.027989019610686228,0.02796172274975106,0.028025584761053324
419,skewness,QUANN_3a,21344,0.0005,0.026878394332015887,0.028419309644959867,0.028140877286205068,0.028027406136970967,0.02800273656612262,0.02799058929667808,0.027925535570830107,0.027921284752665088,0.028017003496643156,0.027925741334911436,0.027926710055908188
420,skewness,QUANN_1c,10672,0.0005,0.02682789377286099,0.028203246067278087,0.028016719676088542,0.028020226338412613,0.02797464930335991,0.027998267323710024,0.02808449318399653,0.027908857533475384,0.02794058946892619,0.027915306680370122,0.027923203713726252
421,skewness,QUANN_2c,12864,0.0005,0.026800048479344696,0.02852148504462093,0.0281760414945893,0.028081973898224533,0.0279885062482208,0.028008334862533957,0.027961537736700848,0.028023963619489223,0.02800871431827545,0.02799121121643111,0.027995146811008453
422,skewness,QUANN_3c,17248,0.0005,0.026889328815741464,0.028356563416309655,0.028127543162554502,0.028015987540129572,0.027924498543143272,0.027918700478039682,0.02793433447368443,0.02794954157434404,0.02793368892162107,0.027992610936053097,0.02799981043790467
423,skewness,QUANN_1,9584,0.001,0.026726005133241415,0.028082588978577405,0.027993331663310528,0.028019880410283804,0.02796524509903975,0.027954811259405687,0.027882124471943825,0.027919710730202496,0.027892701444216073,0.02794092701515183,0.027845399570651352
424,skewness,QUANN_2,10688,0.001,0.026807759335497394,0.028061285032890737,0.028021321748383343,0.02799248229712248,0.027881144487764686,0.027911932265851647,0.027970087889116257,0.027963708620518446,0.02790086978347972,0.02785146574024111,0.02790803910465911
425,skewness,QUANN_3,12896,0.001,0.02674050210043788,0.02799503691494465,0.027981422666925937,0.027974369353614748,0.027909696917049587,0.027919083833694458,0.02794235455803573,0.02789959026267752,0.027951796888373792,0.027800608164398,0.027817878464702517
426,skewness,QUANN_1a,11696,0.001,0.026775741775054485,0.028025271953083575,0.02805771047133021,0.02795039414195344,0.028041431796737015,0.02789800346363336,0.02794070981326513,0.02799535874510184,0.027871831436641514,0.027881113754119724,0.027877025946509093
427,skewness,QUANN_2a,14912,0.001,0.02677996503189206,0.028078178322175518,0.02812877850374207,0.027968518261332065,0.027962184802163392,0.027929866686463356,0.027989242633339018,0.02795895142480731,0.027985197521047667,0.027888333366718143,0.02790699718752876
428,skewness,QUANN_3a,21344,0.001,0.026779078238178045,0.028225909976754338,0.02799198467982933,0.027905651833862066,0.028018062439514324,0.02800190035486594,0.02797163196373731,0.027897096413653344,0.027919654792640358,0.02796869757003151,0.027911825658520684
429,skewness,QUANN_1c,10672,0.001,0.02682101703248918,0.02822711248882115,0.028093262517359108,0.0280358208110556,0.028083353186957538,0.027951276628300548,0.027969211456365883,0.028018780052661896,0.028014146344503388,0.02789055072935298,0.027952989505138248
430,skewness,QUANN_2c,12864,0.001,0.026806487643625587,0.028189449745696038,0.028110633953474462,0.027914748090552166,0.027980448823655024,0.02797296829521656,0.02803000807762146,0.027964817127212882,0.027959240542259067,0.027890747762285173,0.027942272601649165
431,skewness,QUANN_3c,17248,0.001,0.02677594858687371,0.028219712199643254,0.027980002283584327,0.02803521731402725,0.027980013517662883,0.028034809220116585,0.027986177359707654,0.027907433483051136,0.02791062812320888,0.027986394241452217,0.027916103426832706
432,skewness,QUANN_1,9584,0.005,0.02673033141763881,0.027850508282426745,0.027837568311952055,0.027822260628454387,0.027885692194104195,0.02790120692225173,0.027874372142832726,0.0277735487325117,0.027859629306476563,0.027886338444659486,0.02781156194396317
433,skewness,QUANN_2,10688,0.005,0.026786191418068483,0.027907410461921245,0.027847150631714612,0.027810970874270424,0.027826559729874134,0.027929478732403368,0.027871818718267605,0.027821914933156222,0.0278218382736668,0.027849114005221054,0.027858694025781006
434,skewness,QUANN_3,12896,0.005,0.02673602575669065,0.027814160217531025,0.02780743851326406,0.02785218763165176,0.027904692222364247,0.027827826619613916,0.027844325464684516,0.027873296639882028,0.027861592825502157,0.0278402132098563,0.027819397277198732
435,skewness,QUANN_1a,11696,0.005,0.02675228228326887,0.027877817366970703,0.027884273673407733,0.027833799220388755,0.027851066552102566,0.027870635967701674,0.027879994828253984,0.027902684872969985,0.027863759227329865,0.02786084677791223,0.027863896364578977
436,skewness,QUANN_2a,14912,0.005,0.02677395916543901,0.027843615680467337,0.02786259973072447,0.027774393471190706,0.027843262563692406,0.027914022415643558,0.027830776351038367,0.02781685086665675,0.027813491091364995,0.027844374999403954,0.02785399346612394
437,skewness,QUANN_3a,21344,0.005,0.026797788916155696,0.027875474246684462,0.02789112488972023,0.027855793392518535,0.02783048342098482,0.027803498145658523,0.02786738847498782,0.027778981544543058,0.027900914195924997,0.027802300406619906,0.027910623990464956
438,skewness,QUANN_1c,10672,0.005,0.02673300472088158,0.02782725982251577,0.027824460732517764,0.027918194100493565,0.027859654743224382,0.02791987414821051,0.027834592387080193,0.027929107134696096,0.027890884404769167,0.027834855252876878,0.027846666314871982
439,skewness,QUANN_2c,12864,0.005,0.02675631217425689,0.027839774353196844,0.027799234463600442,0.027870820893440396,0.027937048085732386,0.02784645213978365,0.027910458156839013,0.02786460204515606,0.027833232161356136,0.02777824384975247,0.02786771088722162
440,skewness,QUANN_3c,17248,0.005,0.0267227990552783,0.027853772713569924,0.027906583505682647,0.02792627102462575,0.027863425493706018,0.027895915030967444,0.0278283174848184,0.027848181198351085,0.02786203706637025,0.027861086593475193,0.027837688743602484
441,skewness,QUANN_1,9584,0.01,0.026865737308980897,0.02778652371489443,0.027883778617251664,0.02797028492204845,0.027960319275734946,0.027914642327232286,0.02790955497766845,0.02780031767906621,0.027834789594635367,0.027896977378986776,0.028046063671354204
442,skewness,QUANN_2,10688,0.01,0.026866844564210624,0.027917765430174768,0.028066518192645162,0.02785662707174197,0.028066825587302446,0.027925908099859953,0.027891030011232942,0.027975637989584357,0.02808409626595676,0.02798887575045228,0.027903439302463084
443,skewness,QUANN_3,12896,0.01,0.11835245322436094,0.027893800084711984,0.02784146470366977,0.02789719880092889,0.027857176319230348,0.028043855796568096,0.02798153186449781,0.02792900986969471,0.02804294863017276,0.027911356242839247,0.12017013831064105
444,skewness,QUANN_1a,11696,0.01,0.026838053192477673,0.027850971615407616,0.027909662516321987,0.0279265457065776,0.027913369645830244,0.027872597216628492,0.027898148488020524,0.027882555237738416,0.02791385567979887,0.027910946577321738,0.02789590592146851
445,skewness,QUANN_2a,14912,0.01,0.026809198141563684,0.027868542762007564,0.02788730146130547,0.027983685373328626,0.027884920535143465,0.027931986202020198,0.02793256804579869,0.027997869881801307,0.027845641714520752,0.027921774017158896,0.027929889038205147
446,skewness,QUANN_3a,21344,0.01,0.026838596153538674,0.027851285267388448,0.02800712239695713,0.027847839053720236,0.027863651979714632,0.027908622461836785,0.0278539655264467,0.027881626097951084,0.027981028833892196,0.02786908921552822,0.02796478581149131
447,skewness,QUANN_1c,10672,0.01,0.026811620220541954,0.027825677767395973,0.027924152091145515,0.02805642335442826,0.027884485200047493,0.027864429110195488,0.027838461101055145,0.02791682828683406,0.027874887746293098,0.027836715162266046,0.027966066321823746
448,skewness,QUANN_2c,12864,0.01,0.026795741461683065,0.02788978922762908,0.027876511274371296,0.027838471753057092,0.027841055853059515,0.027907167561352253,0.027877444226760417,0.02780763030750677,0.027880948036909103,0.027905698749236763,0.027894528640899807
449,skewness,QUANN_3c,17248,0.01,0.23025534488260746,0.027859189722221345,0.02785611368017271,0.02790062257554382,0.027928297640755773,0.028005947591736913,0.02784270085976459,0.02786470769206062,0.027848773897858337,0.2326210169121623,0.2326189293526113
