,Aggregator,Model,Parameters,Learning rate,Test loss,Eval loss 1,Eval loss 2,Eval loss 3,Eval loss 4,Eval loss 5,Eval loss 6,Eval loss 7,Eval loss 8,Eval loss 9,Eval loss 10
0,L2_medoid,QUANN_1,9584,0.0001,23.986203253269196,42.84636700153351,36.06423979997635,31.52012950181961,29.148636639118195,27.435948848724365,26.32808917760849,25.660933911800385,25.170680701732635,24.90294897556305,24.589832484722137
1,L2_medoid,QUANN_2,10688,0.0001,23.44340044260025,42.81262171268463,36.59106558561325,32.27576106786728,29.82094931602478,28.178729593753815,26.87391757965088,26.037724256515503,25.437614381313324,24.958666265010834,24.5871199965477
2,L2_medoid,QUANN_3,12896,0.0001,24.183180034160614,43.19522476196289,36.536352694034576,32.1044437289238,29.37733268737793,27.524319529533386,26.761918365955353,26.411184310913086,26.05505919456482,25.627078115940094,25.306009888648987
3,L2_medoid,QUANN_1a,11696,0.0001,23.32961094379425,42.84120547771454,36.00997060537338,31.774162232875824,29.35377663373947,27.579644083976746,26.540232717990875,25.918833136558533,25.244434118270874,24.61947786808014,24.116241991519928
4,L2_medoid,QUANN_2a,14912,0.0001,23.956941783428192,42.881444454193115,35.83341681957245,30.73003488779068,28.211503505706787,26.85148549079895,26.072093605995178,25.554164588451385,25.159646570682526,24.920605957508087,24.76549530029297
5,L2_medoid,QUANN_3a,21344,0.0001,24.097673416137695,42.47466206550598,35.175191819667816,30.762342989444733,28.72472769021988,27.782682061195374,27.095975279808044,26.350513815879822,25.715223133563995,25.243230521678925,24.968074083328247
6,L2_medoid,QUANN_1c,10672,0.0001,22.796286940574646,42.93166172504425,35.88039517402649,30.703366994857788,27.406084299087524,25.537967801094055,24.585859894752502,24.085736095905304,23.924400091171265,23.855954468250275,23.825025022029877
7,L2_medoid,QUANN_2c,12864,0.0001,24.04016613960266,42.89633584022522,36.19290781021118,32.008534610271454,29.206805050373077,27.40536081790924,26.299560010433197,25.609538078308105,25.160090625286102,24.90488588809967,24.712965190410614
8,L2_medoid,QUANN_3c,17248,0.0001,24.545908629894257,42.85823905467987,35.96363413333893,31.96439003944397,29.983589947223663,28.527706503868103,27.52777749300003,26.650323510169983,26.056944131851196,25.615209341049194,25.121452808380127
9,L2_medoid,QUANN_1,9584,0.0005,18.323956072330475,28.958203673362732,25.474708318710327,24.161219656467438,23.582840383052826,23.2806533575058,22.529473960399628,21.29642316699028,20.220779061317444,19.506520301103592,18.95147094130516
10,L2_medoid,QUANN_2,10688,0.0005,18.05869621038437,28.76758325099945,24.08794891834259,23.549882113933563,22.750366866588593,21.56965345144272,20.459065169095993,19.56581625342369,19.069217056035995,18.76847669482231,18.44750702381134
11,L2_medoid,QUANN_3,12896,0.0005,17.730063796043396,26.895723342895508,23.906626522541046,23.3048894405365,22.215438187122345,20.651833087205887,19.640797197818756,19.008736789226532,18.71676406264305,18.403262943029404,18.259673476219177
12,L2_medoid,QUANN_1a,11696,0.0005,17.89736008644104,27.96258944272995,25.040692389011383,23.535633981227875,22.23466157913208,20.853019148111343,19.89858365058899,19.2151942551136,18.859870463609695,18.56103879213333,18.36548438668251
13,L2_medoid,QUANN_2a,14912,0.0005,17.771083384752274,29.200535118579865,24.797873079776764,23.41828614473343,21.81781968474388,20.639212042093277,19.73228630423546,19.055800884962082,18.703308522701263,18.441656202077866,18.210213035345078
14,L2_medoid,QUANN_3a,21344,0.0005,18.054387897253036,28.50440865755081,24.31887674331665,22.147015929222107,20.35619682073593,19.596186220645905,19.12892284989357,18.72821545600891,18.483864337205887,18.329276233911514,18.100032180547714
15,L2_medoid,QUANN_1c,10672,0.0005,18.122773200273514,27.5727077126503,24.0627760887146,23.562860012054443,23.211293578147888,22.681086659431458,21.16631782054901,19.831208974123,19.171477407217026,18.788862347602844,18.424290388822556
16,L2_medoid,QUANN_2c,12864,0.0005,17.828208327293396,27.956554234027863,24.09341561794281,23.59738689661026,22.470660656690598,21.39694580435753,20.418893545866013,19.692446798086166,19.172908663749695,18.705112606287003,18.537364780902863
17,L2_medoid,QUANN_3c,17248,0.0005,18.257545322179794,29.566575586795807,25.713621854782104,22.979288935661316,21.45042923092842,20.478073835372925,19.921634018421173,19.439602255821228,19.17877671122551,18.904190868139267,18.70326378941536
18,L2_medoid,QUANN_1,9584,0.001,17.61057612299919,24.877619802951813,22.724202752113342,20.06024721264839,18.78474313020706,18.480709493160248,18.223289132118225,18.020696192979813,18.07749843597412,17.988880276679993,18.010345697402954
19,L2_medoid,QUANN_2,10688,0.001,17.535992801189423,25.088801860809326,22.549028158187866,20.099645614624023,18.933685153722763,18.489547044038773,18.199986189603806,18.121145576238632,17.925141632556915,17.768993616104126,17.805232793092728
20,L2_medoid,QUANN_3,12896,0.001,17.389298647642136,25.336435854434967,22.2602219581604,19.977696537971497,18.925280272960663,18.40861541032791,18.106556594371796,17.97555649280548,17.983982264995575,17.73822546005249,17.7826367020607
21,L2_medoid,QUANN_1a,11696,0.001,17.658697068691254,24.56232476234436,21.603576570749283,19.835817515850067,18.954670399427414,18.515553206205368,18.30600878596306,18.033839464187622,18.031574338674545,17.971700727939606,17.948004961013794
22,L2_medoid,QUANN_2a,14912,0.001,17.31512424349785,24.66248643398285,20.84615784883499,19.433603793382645,18.54187723994255,18.23634597659111,18.056010395288467,17.996058374643326,17.772862255573273,17.834689885377884,17.88516452908516
23,L2_medoid,QUANN_3a,21344,0.001,17.703861951828003,23.205949366092682,20.379407107830048,18.97981882095337,18.648187518119812,18.158674001693726,18.106279015541077,17.992102026939392,17.785211890935898,17.88194689154625,18.00915038585663
24,L2_medoid,QUANN_1c,10672,0.001,17.480611741542816,24.517137944698334,21.678875625133514,19.647182911634445,18.682955503463745,18.277555286884308,17.97265300154686,17.92822965979576,17.837283700704575,17.791916400194168,17.831931918859482
25,L2_medoid,QUANN_2c,12864,0.001,17.60764330625534,25.323637008666992,21.58014914393425,19.618173271417618,18.733261168003082,18.3653746843338,18.082658499479294,18.055713266134262,17.862423688173294,17.829381197690964,17.751760751008987
26,L2_medoid,QUANN_3c,17248,0.001,17.55463758111,25.074989795684814,22.12402269244194,19.942954689264297,18.858581990003586,18.400061547756195,18.3707295358181,17.992424815893173,17.961229234933853,17.97706827521324,17.963646978139877
27,L2_medoid,QUANN_1,9584,0.005,18.095417618751526,19.812248826026917,18.754535675048828,18.72788667678833,18.438099205493927,18.723700046539307,18.42139846086502,18.506208300590515,18.470919013023376,18.27290451526642,18.56245192885399
28,L2_medoid,QUANN_2,10688,0.005,18.52469128370285,19.152085453271866,19.292082101106644,18.869896829128265,18.94953629374504,18.972972691059113,18.785660177469254,19.11849695444107,18.58226278424263,18.47158834338188,18.699755638837814
29,L2_medoid,QUANN_3,12896,0.005,18.21500614285469,19.51999568939209,18.82067659497261,18.566504627466202,18.737938672304153,18.792351812124252,18.496316522359848,18.49946966767311,18.367397755384445,18.62171509861946,18.456114500761032
30,L2_medoid,QUANN_1a,11696,0.005,17.9706811606884,19.13989469408989,18.754060536623,18.587233513593674,18.366233706474304,18.299851775169373,18.640460073947906,18.362129032611847,18.34925338625908,18.52881547808647,18.315112113952637
31,L2_medoid,QUANN_2a,14912,0.005,18.05821257829666,19.576263457536697,18.722139328718185,18.32888388633728,18.708825051784515,19.034821838140488,18.830388456583023,18.498468071222305,18.094453662633896,18.32811415195465,18.59312927722931
32,L2_medoid,QUANN_3a,21344,0.005,18.023827970027924,19.106408029794693,18.926469385623932,18.08079332113266,18.316889584064484,18.374428004026413,18.364969164133072,18.455984711647034,18.354051262140274,18.3288796544075,18.121825248003006
33,L2_medoid,QUANN_1c,10672,0.005,17.80491703748703,20.20863699913025,19.18123534321785,19.03963828086853,19.126886695623398,18.7098171710968,18.5620274245739,18.91357445716858,18.589009702205658,18.55164486169815,18.5171038210392
34,L2_medoid,QUANN_2c,12864,0.005,17.860372871160507,19.90399795770645,19.560312300920486,19.056935042142868,19.167990684509277,18.903419941663742,18.74067708849907,18.547443956136703,18.83185502886772,18.648574650287628,18.465475499629974
35,L2_medoid,QUANN_3c,17248,0.005,18.272589325904846,20.61190575361252,19.581537544727325,19.231930375099182,19.053970336914062,19.130004733800888,19.012068659067154,18.902492374181747,18.86260226368904,19.517277240753174,18.979002088308334
36,L2_medoid,QUANN_1,9584,0.01,18.43057581782341,21.36817765235901,19.9075730741024,19.471201717853546,19.532790064811707,20.225986778736115,19.258246779441833,19.600758105516434,19.490737468004227,18.942231744527817,18.95604369044304
37,L2_medoid,QUANN_2,10688,0.01,19.178907811641693,20.024974703788757,19.879001945257187,19.495924532413483,20.52217525243759,20.198807179927826,19.681037217378616,19.53969967365265,19.430313229560852,19.504219233989716,19.546056807041168
38,L2_medoid,QUANN_3,12896,0.01,19.12814772129059,20.931958317756653,20.05693346261978,19.976955473423004,19.80355679988861,19.732905119657516,19.63960674405098,19.67792910337448,19.844781816005707,19.267032742500305,19.706160575151443
39,L2_medoid,QUANN_1a,11696,0.01,18.51410648226738,20.511270821094513,19.80440765619278,19.413786470890045,19.622389942407608,19.225470393896103,18.87402081489563,19.298761785030365,19.241774797439575,19.310649394989014,18.8561914563179
40,L2_medoid,QUANN_2a,14912,0.01,18.641581922769547,19.799155831336975,20.06307601928711,20.034678399562836,20.08286166191101,19.81658947467804,19.598163068294525,19.68904882669449,19.48765540122986,19.839731484651566,19.058408081531525
41,L2_medoid,QUANN_3a,21344,0.01,18.94588077068329,20.251297295093536,19.721937835216522,20.19558882713318,20.46515190601349,19.915011763572693,19.18233260512352,19.620930314064026,19.053356915712357,18.936600625514984,19.24639093875885
42,L2_medoid,QUANN_1c,10672,0.01,19.252460807561874,20.78445416688919,20.203335344791412,20.92015165090561,20.68980348110199,20.38096112012863,19.246894121170044,19.68514895439148,19.5136598944664,19.61728858947754,19.63159465789795
43,L2_medoid,QUANN_2c,12864,0.01,19.4238161444664,20.650271117687225,21.090205311775208,20.62235563993454,20.444207310676575,19.415753334760666,20.204169392585754,19.931987285614014,19.824855625629425,19.82858693599701,19.614728450775146
44,L2_medoid,QUANN_3c,17248,0.01,18.794676333665848,20.992610096931458,20.954951465129852,19.62719064950943,19.52908307313919,20.096769988536835,19.473041474819183,19.239379584789276,19.25440502166748,19.622437953948975,19.330468207597733
45,P2_mean,QUANN_1,9584,0.0001,4.914188824594021,20.4074709713459,16.435302704572678,5.952957659959793,5.185413494706154,5.027391001582146,4.95891797542572,4.877678737044334,4.818362735211849,4.760178290307522,4.711480043828487
46,P2_mean,QUANN_2,10688,0.0001,4.340071141719818,18.769111335277557,5.845948502421379,4.943492613732815,4.781607106328011,4.642598666250706,4.583735838532448,4.4736068323254585,4.353792726993561,4.22261094301939,4.127827845513821
47,P2_mean,QUANN_3,12896,0.0001,4.362269312143326,11.281944930553436,4.945367828011513,4.738020591437817,4.625886991620064,4.57934395223856,4.513833835721016,4.448641262948513,4.374187849462032,4.275939911603928,4.190954014658928
48,P2_mean,QUANN_1a,11696,0.0001,4.335062094032764,18.89694055914879,8.652819350361824,5.416530907154083,5.062503024935722,4.815213792026043,4.683294616639614,4.54978983104229,4.401831850409508,4.232494220137596,4.100357957184315
49,P2_mean,QUANN_2a,14912,0.0001,4.403449647128582,13.421785771846771,5.172050885856152,4.8709557056427,4.7390346378088,4.6369728446006775,4.565233029425144,4.508415192365646,4.403529390692711,4.3149688467383385,4.17874600738287
50,P2_mean,QUANN_3a,21344,0.0001,3.6634504348039627,5.571646481752396,4.538661301136017,4.204107001423836,3.907506324350834,3.770381435751915,3.6976506114006042,3.640418954193592,3.6052000671625137,3.5818371921777725,3.553258456289768
51,P2_mean,QUANN_1c,10672,0.0001,4.402185335755348,18.88041177392006,9.415865123271942,5.069914370775223,4.83808821439743,4.687966786324978,4.619175739586353,4.464789375662804,4.356834389269352,4.244508385658264,4.156749069690704
52,P2_mean,QUANN_2c,12864,0.0001,3.976217821240425,12.356667399406433,4.9469283148646355,4.680831231176853,4.527867168188095,4.410820379853249,4.302409760653973,4.155552923679352,4.019722364842892,3.903543271124363,3.821035757660866
53,P2_mean,QUANN_3c,17248,0.0001,3.7589035406708717,5.355216100811958,4.709733508527279,4.520904637873173,4.365447789430618,4.143230505287647,3.9719625413417816,3.8090362399816513,3.7299171686172485,3.6858650594949722,3.6465605199337006
54,P2_mean,QUANN_1,9584,0.0005,3.5214020535349846,4.988567039370537,4.5801346600055695,4.310866482555866,4.137867972254753,3.8083971738815308,3.6919923797249794,3.6139471009373665,3.5615400448441505,3.4975181594491005,3.4114471450448036
55,P2_mean,QUANN_2,10688,0.0005,3.46636363863945,4.911813423037529,4.6308848336339,4.104610204696655,3.73407468944788,3.637116454541683,3.5653648003935814,3.5073315426707268,3.4860799685120583,3.499466799199581,3.3468396589159966
56,P2_mean,QUANN_3,12896,0.0005,3.3025940358638763,4.649469144642353,4.280784763395786,3.792262315750122,3.610159806907177,3.5220433175563812,3.4374398812651634,3.3769878447055817,3.3835562616586685,3.2994690909981728,3.2208999022841454
57,P2_mean,QUANN_1a,11696,0.0005,3.4735170528292656,4.4603690057992935,3.855759710073471,3.6959638372063637,3.6210397109389305,3.5700777620077133,3.559863269329071,3.5122894644737244,3.5098026394844055,3.4526427760720253,3.3881498500704765
58,P2_mean,QUANN_2a,14912,0.0005,3.3604066893458366,3.9885084480047226,3.6461135521531105,3.577178940176964,3.5210737884044647,3.4837976470589638,3.508340761065483,3.451717972755432,3.4383101239800453,3.3763269782066345,3.256440833210945
59,P2_mean,QUANN_3a,21344,0.0005,3.2845891937613487,3.8458631932735443,3.6673930063843727,3.523049511015415,3.503508150577545,3.4781688302755356,3.454536810517311,3.440874569118023,3.4049444273114204,3.4075432643294334,3.2011469528079033
60,P2_mean,QUANN_1c,10672,0.0005,3.5707176104187965,4.852103531360626,4.4180445447564125,3.9922821298241615,3.7486203759908676,3.650975063443184,3.602381020784378,3.5680848509073257,3.548220656812191,3.5230055898427963,3.4610866755247116
61,P2_mean,QUANN_2c,12864,0.0005,3.416346564888954,4.609708942472935,4.02273141592741,3.6821315214037895,3.580946609377861,3.539161019027233,3.4868422225117683,3.4638244807720184,3.426921121776104,3.3994812443852425,3.319509282708168
62,P2_mean,QUANN_3c,17248,0.0005,3.2109141498804092,4.488194830715656,3.8464122116565704,3.604050025343895,3.53332681953907,3.4876961559057236,3.4895332232117653,3.4532380774617195,3.3963363468647003,3.259018748998642,3.110040247440338
63,P2_mean,QUANN_1,9584,0.001,2.965978115797043,4.719227097928524,4.177095383405685,3.72708173841238,3.643050491809845,3.5969109386205673,3.541846051812172,3.5244427397847176,3.317570738494396,3.1002513021230698,2.890622965991497
64,P2_mean,QUANN_2,10688,0.001,2.640749268233776,4.55181859433651,3.8986830189824104,3.638743869960308,3.5151352211833,3.4673598632216454,3.3947377279400826,3.2197857424616814,2.9998224154114723,2.754217505455017,2.5366111025214195
65,P2_mean,QUANN_3,12896,0.001,2.4308906458318233,4.094682924449444,3.628536820411682,3.535628616809845,3.53189530223608,3.4736656099557877,3.38673085719347,3.184411972761154,3.025872051715851,2.687285788357258,2.3358516953885555
66,P2_mean,QUANN_1a,11696,0.001,2.4505519531667233,4.037002243101597,3.6597403287887573,3.589304730296135,3.515623554587364,3.475360758602619,3.3660125732421875,3.2082128301262856,2.9572765082120895,2.697667345404625,2.3964401595294476
67,P2_mean,QUANN_2a,14912,0.001,2.1502272747457027,3.785144694149494,3.5956775099039078,3.5238538533449173,3.5396868363022804,3.389292262494564,3.2657213360071182,3.0830890238285065,2.851457044482231,2.3907354585826397,2.0640786066651344
68,P2_mean,QUANN_3a,21344,0.001,2.257759552448988,3.812568910419941,3.5464324429631233,3.4823666512966156,3.477848067879677,3.408490054309368,3.3347097039222717,3.066811367869377,2.639396883547306,2.41079892963171,2.181375913321972
69,P2_mean,QUANN_1c,10672,0.001,2.4372438788414,4.606537386775017,3.874714344739914,3.6419920176267624,3.5648555904626846,3.508891187608242,3.355603866279125,3.1637436896562576,2.8499962240457535,2.5818594992160797,2.331985682249069
70,P2_mean,QUANN_2c,12864,0.001,2.535608034580946,4.249371841549873,3.706940546631813,3.544355645775795,3.561752788722515,3.514726012945175,3.473289243876934,3.3314372524619102,3.1100158989429474,2.6798121258616447,2.4313964396715164
71,P2_mean,QUANN_3c,17248,0.001,2.2223675958812237,4.312732502818108,3.722489297389984,3.6620781421661377,3.5644733905792236,3.4048037230968475,3.235536739230156,2.9320932403206825,2.606488548219204,2.398166235536337,2.1074095964431763
72,P2_mean,QUANN_1,9584,0.005,1.0032267458736897,4.803309917449951,3.6540865525603294,3.3923436403274536,3.10702932626009,2.007218398153782,1.5265856869518757,1.2820886187255383,1.14364879950881,0.9835579078644514,0.9244968742132187
73,P2_mean,QUANN_2,10688,0.005,0.8423347882926464,3.987657770514488,3.4923496693372726,3.0127340853214264,2.2719769552350044,1.698394875973463,1.3339247275143862,1.261787572875619,1.2609559576958418,0.8216597102582455,0.7405729033052921
74,P2_mean,QUANN_3,12896,0.005,0.9297743067145348,4.17181858420372,3.4107854291796684,3.411849766969681,2.3315570391714573,1.6428898349404335,1.3800151515752077,1.2223496939986944,1.091538967564702,0.8819484822452068,0.8360742069780827
75,P2_mean,QUANN_1a,11696,0.005,0.9359284937381744,3.7988647148013115,3.5162500143051147,3.3680654540657997,2.5939609557390213,1.95246347412467,1.619314718991518,1.1864227391779423,0.978246321901679,0.9591951947659254,0.849747440777719
76,P2_mean,QUANN_2a,14912,0.005,1.0259903753176332,3.657928168773651,3.519520975649357,3.3631891533732414,2.3742897994816303,1.770278062671423,1.2383049856871367,1.103476231917739,1.053435631096363,0.8502799868583679,0.9364828579127789
77,P2_mean,QUANN_3a,21344,0.005,0.9228638224303722,3.6703424900770187,3.5074906945228577,3.210487477481365,2.455917812883854,1.762455753982067,1.4581116177141666,1.3350562509149313,1.0364130958914757,0.93160729855299,0.8239336032420397
78,P2_mean,QUANN_1c,10672,0.005,0.9537680223584175,3.693410649895668,3.619739681482315,3.343938000500202,2.90599574893713,1.6416844315826893,1.397321417927742,1.1811704821884632,1.0165604576468468,0.9972267691046,0.8620640141889453
79,P2_mean,QUANN_2c,12864,0.005,1.1721091847866774,3.621102787554264,3.447873167693615,3.235344775021076,2.634621910750866,1.8826057091355324,1.676144052296877,1.3283096924424171,1.2211556192487478,1.1058819591999054,1.0598112717270851
80,P2_mean,QUANN_3c,17248,0.005,0.9192888624966145,3.5903156399726868,3.5074930638074875,3.8779107332229614,2.1299178563058376,1.7561107762157917,1.4330609515309334,1.1411277428269386,1.076903434470296,0.9915825221687555,0.8386768130585551
81,P2_mean,QUANN_1,9584,0.01,0.8997167348861694,4.003635063767433,3.4344769939780235,2.705480694770813,1.8041258119046688,1.569379586726427,1.1247646398842335,1.1116953399032354,0.930665573105216,0.866758881136775,0.8275599889457226
82,P2_mean,QUANN_2,10688,0.01,0.9686155822128057,3.917925536632538,3.5593715459108353,2.8384300619363785,2.018293023109436,1.7118295170366764,1.330293470993638,1.340278048068285,0.9504890255630016,0.9625098835676908,0.8919199518859386
83,P2_mean,QUANN_3,12896,0.01,1.0332860946655273,4.3658459931612015,3.546933688223362,2.883130043745041,2.2746065706014633,1.758540078997612,1.4843353815376759,1.19669752381742,1.0034643802791834,0.9599277023226023,0.9789054971188307
84,P2_mean,QUANN_1a,11696,0.01,1.151995813474059,4.639403857290745,3.7231645584106445,3.0949130207300186,2.1851296834647655,1.6473045125603676,1.2237216625362635,1.07677480019629,1.0261364188045263,1.052432855591178,1.1014759913086891
85,P2_mean,QUANN_2a,14912,0.01,1.0521357972174883,3.767607130110264,3.4719796404242516,2.9275754168629646,2.1129342764616013,1.6235911399126053,1.3346169013530016,1.2253506295382977,1.065583610907197,1.3290910329669714,0.9906012341380119
86,P2_mean,QUANN_3a,21344,0.01,1.0022149160504341,3.6501065269112587,3.470731556415558,2.6619198992848396,1.8801959678530693,1.6095827594399452,1.2664441037923098,1.2199505306780338,1.0726849380880594,0.9495159015059471,0.9523268938064575
87,P2_mean,QUANN_1c,10672,0.01,1.0028815064579248,4.115346573293209,3.788566991686821,3.0499951988458633,2.4378817826509476,1.7299458533525467,1.4030140675604343,1.3119225315749645,0.9187764143571258,0.9319059774279594,0.9073524158447981
88,P2_mean,QUANN_2c,12864,0.01,0.9190309755504131,3.604894705116749,3.283959999680519,2.2606071159243584,1.599989179521799,1.1919231582432985,1.1323107201606035,1.1130844093859196,1.0034695342183113,0.9486242737621069,0.8310548327863216
89,P2_mean,QUANN_3c,17248,0.01,0.9756114333868027,3.6953213065862656,3.4068010225892067,2.9458637684583664,2.307147353887558,1.488499492406845,1.1199543103575706,1.0483476966619492,0.9616853855550289,0.9563439190387726,0.8957348838448524
90,midpoint,QUANN_1,9584,0.0001,29.799226105213165,47.546793818473816,41.05632472038269,36.662410378456116,34.10014009475708,32.44647467136383,31.422327280044556,30.729256570339203,30.17989844083786,29.696963906288147,29.313013434410095
91,midpoint,QUANN_2,10688,0.0001,29.37938630580902,47.422542333602905,40.880213499069214,36.21113586425781,33.719678819179535,32.22164165973663,31.251863658428192,30.466105699539185,29.76925539970398,29.15656554698944,28.692880988121033
92,midpoint,QUANN_3,12896,0.0001,30.56960618495941,47.48322403430939,41.456702709198,37.694965839385986,35.622919857501984,34.32925617694855,33.215873658657074,32.14904165267944,31.241665482521057,30.526975095272064,30.01767408847809
93,midpoint,QUANN_1a,11696,0.0001,29.487491965293884,47.48956859111786,40.5909823179245,35.614260494709015,33.22828537225723,31.92450922727585,31.109903752803802,30.54080319404602,30.076110780239105,29.616903245449066,29.22713702917099
94,midpoint,QUANN_2a,14912,0.0001,29.372400224208832,48.21789562702179,41.592283487319946,36.71111446619034,34.24255049228668,32.75504958629608,31.594083070755005,30.554386258125305,29.856839060783386,29.472110629081726,29.199154257774353
95,midpoint,QUANN_3a,21344,0.0001,30.0375634431839,47.49995565414429,41.168389439582825,37.75741636753082,35.67407542467117,33.7581986784935,32.33781909942627,31.309718906879425,30.65703111886978,30.183635354042053,29.616876125335693
96,midpoint,QUANN_1c,10672,0.0001,29.94619482755661,47.37967789173126,40.64001107215881,36.23678547143936,33.749676287174225,32.34190624952316,31.460063636302948,30.741739809513092,30.346130788326263,30.056298077106476,29.925182580947876
97,midpoint,QUANN_2c,12864,0.0001,29.595743477344513,47.5882533788681,41.25252318382263,37.15509736537933,34.75558465719223,33.16911858320236,31.91686761379242,31.00960212945938,30.46576553583145,29.962062180042267,29.38647961616516
98,midpoint,QUANN_3c,17248,0.0001,30.485551297664642,47.24893414974213,40.55306351184845,36.68784153461456,34.61792153120041,33.12027561664581,31.994628608226776,31.204610466957092,30.690738320350647,30.304130613803864,29.897439181804657
99,midpoint,QUANN_1,9584,0.0005,25.553865373134613,32.44128608703613,29.158414602279663,28.363881528377533,28.203417479991913,28.022055447101593,27.736091911792755,27.520601987838745,26.7673721909523,25.78001230955124,24.739556789398193
100,midpoint,QUANN_2,10688,0.0005,24.054200649261475,34.95602583885193,30.7522234916687,28.92375820875168,27.54877656698227,26.549851417541504,25.618014097213745,24.791298747062683,24.107974261045456,23.71047705411911,23.60000815987587
101,midpoint,QUANN_3,12896,0.0005,24.17607444524765,33.92459261417389,30.506731808185577,28.96467810869217,27.336585581302643,26.259089529514313,25.34454655647278,24.65255892276764,24.31096524000168,24.000321447849274,23.71092164516449
102,midpoint,QUANN_1a,11696,0.0005,24.14722353219986,33.08623081445694,28.595364928245544,27.982202112674713,26.918800830841064,25.67179661989212,24.826052486896515,24.316047370433807,23.945901930332184,23.633812963962555,23.418501287698746
103,midpoint,QUANN_2a,14912,0.0005,24.123960554599762,32.698744118213654,29.621779918670654,29.020198941230774,27.640431582927704,26.424506664276123,25.17711478471756,24.364208459854126,23.77761137485504,23.60922747850418,23.481443166732788
104,midpoint,QUANN_3a,21344,0.0005,23.978246837854385,33.8918337225914,29.018856465816498,27.300564289093018,26.10448509454727,25.195906698703766,24.73188441991806,24.248648583889008,24.359858572483063,23.957043826580048,23.698215782642365
105,midpoint,QUANN_1c,10672,0.0005,24.411993503570557,33.57747584581375,30.134439051151276,29.64512002468109,28.725040078163147,27.0665745139122,26.03011119365692,25.04742395877838,24.425572335720062,24.01718693971634,23.70764172077179
106,midpoint,QUANN_2c,12864,0.0005,24.02814769744873,33.50903332233429,30.108216047286987,28.89192008972168,27.77993357181549,26.396403431892395,25.449334144592285,24.7951300740242,24.329227089881897,24.047277212142944,23.72245478630066
107,midpoint,QUANN_3c,17248,0.0005,25.58613747358322,34.494558811187744,29.69781845808029,27.956750750541687,27.17062908411026,26.589983344078064,26.10325336456299,25.641937732696533,25.563483953475952,25.264228343963623,25.017380714416504
108,midpoint,QUANN_1,9584,0.001,23.66489154100418,30.19480210542679,28.001725018024445,26.39420884847641,24.89033532142639,23.889023780822754,23.656490325927734,23.380881786346436,23.158982634544373,23.13170599937439,23.101613491773605
109,midpoint,QUANN_2,10688,0.001,23.68722754716873,30.218184888362885,28.017264187335968,25.34991830587387,24.445444405078888,23.885790824890137,23.445745050907135,23.56985080242157,23.264932096004486,23.43030709028244,23.431200087070465
110,midpoint,QUANN_3,12896,0.001,23.71473491191864,29.904924511909485,27.246212780475616,25.005528956651688,24.11562991142273,23.606881231069565,23.284003496170044,23.18066194653511,23.092200100421906,23.066433280706406,23.03079903125763
111,midpoint,QUANN_1a,11696,0.001,23.69295072555542,30.013333678245544,26.333698511123657,24.6765074133873,23.983763098716736,23.468937188386917,23.265103816986084,23.265179455280304,23.223586916923523,23.218368619680405,23.025612592697144
112,midpoint,QUANN_2a,14912,0.001,23.377252221107483,29.791860342025757,25.82324379682541,24.36055052280426,23.690191626548767,23.31539386510849,23.141741782426834,23.271202474832535,23.022093325853348,22.905945867300034,22.98624038696289
113,midpoint,QUANN_3a,21344,0.001,23.774662047624588,30.14361399412155,25.9530246257782,24.41468334197998,23.805275350809097,23.350484669208527,23.189679116010666,23.142026215791702,23.255801737308502,23.04239559173584,23.14153391122818
114,midpoint,QUANN_1c,10672,0.001,23.788196980953217,29.693612337112427,28.032680928707123,25.872279047966003,24.630195379257202,23.739849269390106,23.534348845481873,23.479918479919434,23.276866883039474,23.240462601184845,23.174433082342148
115,midpoint,QUANN_2c,12864,0.001,23.700769066810608,29.00566655397415,26.99524450302124,25.146853148937225,24.192190408706665,23.761599957942963,23.459336519241333,23.462564885616302,23.232974737882614,23.283879041671753,23.158380150794983
116,midpoint,QUANN_3c,17248,0.001,24.11766141653061,30.27779060602188,26.576673209667206,25.020442306995392,24.32478368282318,23.553250789642334,23.44419103860855,23.222670555114746,23.756673336029053,23.328274607658386,23.29334145784378
117,midpoint,QUANN_1,9584,0.005,24.250048398971558,24.901305079460144,24.228692591190338,24.048763751983643,24.070651948451996,24.249293744564056,23.84785532951355,24.374586939811707,24.03313010931015,23.784257411956787,23.748451113700867
118,midpoint,QUANN_2,10688,0.005,24.277842313051224,25.340246379375458,24.42469894886017,24.245425134897232,24.362699061632156,24.13791698217392,23.78405198454857,23.898226231336594,24.29516166448593,24.14726972579956,23.934582978487015
119,midpoint,QUANN_3,12896,0.005,24.786901146173477,25.35412108898163,24.91473889350891,24.253970354795456,23.83670926094055,23.996544539928436,24.65678709745407,24.062168419361115,24.16332083940506,24.326292008161545,24.135650724172592
120,midpoint,QUANN_1a,11696,0.005,24.597143352031708,25.034666419029236,24.255114912986755,24.512933135032654,23.799043595790863,23.899946928024292,24.06271255016327,23.638435661792755,23.786482572555542,23.6409592628479,24.08045995235443
121,midpoint,QUANN_2a,14912,0.005,24.41322410106659,24.639673233032227,24.520779609680176,24.221847355365753,24.431497037410736,24.28171795606613,23.982625424861908,24.072747468948364,23.96665060520172,23.85796320438385,24.000271916389465
122,midpoint,QUANN_3a,21344,0.005,24.33188533782959,24.918968498706818,24.58383333683014,23.815523505210876,23.918221473693848,23.728170156478882,23.952787160873413,23.382301151752472,23.765818297863007,23.3904190659523,23.56046062707901
123,midpoint,QUANN_1c,10672,0.005,24.716015607118607,24.42533165216446,24.415804088115692,24.4081848859787,24.094431459903717,24.145331144332886,23.98644596338272,24.21158492565155,23.718335509300232,23.917646408081055,23.808972150087357
124,midpoint,QUANN_2c,12864,0.005,24.245739936828613,24.74712175130844,24.233343183994293,24.158453732728958,24.65219497680664,24.184504747390747,24.22800099849701,24.098916709423065,24.166268706321716,23.88720241189003,24.05406963825226
125,midpoint,QUANN_3c,17248,0.005,23.99030292034149,26.086941719055176,24.339749813079834,24.658196091651917,24.004787743091583,24.232738733291626,23.751106441020966,24.107051134109497,23.726720929145813,23.978931784629822,23.401412665843964
126,midpoint,QUANN_1,9584,0.01,25.439676105976105,27.273772299289703,25.777523517608643,25.73836487531662,25.75017023086548,25.65647029876709,25.80934900045395,25.177938878536224,24.787326097488403,24.744416177272797,24.706373393535614
127,midpoint,QUANN_2,10688,0.01,25.768647611141205,26.576676070690155,26.235925555229187,25.790313601493835,25.677156031131744,26.371466994285583,26.27643257379532,25.31905323266983,24.92214459180832,24.70991289615631,25.489962458610535
128,midpoint,QUANN_3,12896,0.01,24.71973243355751,26.46796953678131,25.817437171936035,25.806742310523987,25.58237510919571,25.50660538673401,25.05324763059616,25.36045616865158,25.253837883472443,24.89835387468338,24.47765040397644
129,midpoint,QUANN_1a,11696,0.01,25.921472311019897,26.156279146671295,25.417790114879608,25.421167194843292,25.23673650622368,25.721555829048157,26.11516910791397,24.990475058555603,25.11616688966751,24.819511651992798,25.03429001569748
130,midpoint,QUANN_2a,14912,0.01,24.73297244310379,25.12710839509964,25.5508816242218,25.593305110931396,25.056957840919495,25.35265827178955,27.019056499004364,24.888225197792053,25.725618481636047,24.915599048137665,24.538255870342255
131,midpoint,QUANN_3a,21344,0.01,25.677791714668274,27.058578491210938,26.063903748989105,26.584758281707764,26.03094655275345,25.067851305007935,25.406772553920746,24.914059191942215,25.26004946231842,25.381441950798035,25.404451549053192
132,midpoint,QUANN_1c,10672,0.01,25.600333034992218,26.39459490776062,26.597777485847473,25.474713653326035,24.598565995693207,25.22942292690277,24.826333343982697,25.05140656232834,24.73655742406845,25.008809685707092,24.900606632232666
133,midpoint,QUANN_2c,12864,0.01,25.55454647541046,26.424783289432526,26.422383189201355,25.444060564041138,25.935528099536896,25.068462669849396,26.542091190814972,24.662960708141327,25.303092658519745,24.67099541425705,25.05964559316635
134,midpoint,QUANN_3c,17248,0.01,25.086890876293182,28.170305252075195,27.2096688747406,26.806332230567932,26.010628044605255,26.15601873397827,25.19524085521698,25.050297796726227,24.5051372051239,24.688536942005157,24.7054483294487
135,geometric_median,QUANN_1,9584,0.0001,10.312915310263634,29.1934717297554,20.991439402103424,15.950137287378311,13.75425586104393,12.540387213230133,11.833307951688766,11.211162999272346,10.611028090119362,10.499511048197746,10.443332374095917
136,geometric_median,QUANN_2,10688,0.0001,10.190122067928314,29.703980445861816,21.37947827577591,15.664676070213318,13.229160279035568,12.365303829312325,11.688931673765182,11.260666847229004,10.597706198692322,10.286747142672539,10.225888222455978
137,geometric_median,QUANN_3,12896,0.0001,10.390768319368362,29.714805781841278,21.471493542194366,16.630232751369476,13.861214101314545,12.692217737436295,11.836556822061539,11.41670161485672,10.915801480412483,10.331129118800163,10.13677254319191
138,geometric_median,QUANN_1a,11696,0.0001,10.190862074494362,29.636825442314148,21.77507895231247,16.339916437864304,13.571729838848114,11.696789652109146,10.711595207452774,10.47521097958088,10.404993414878845,10.338189452886581,10.28367167711258
139,geometric_median,QUANN_2a,14912,0.0001,10.746715322136879,29.507126092910767,21.489983320236206,17.151119858026505,14.82065486907959,13.379114091396332,12.293202921748161,11.850306451320648,11.633305743336678,11.340159565210342,10.788534015417099
140,geometric_median,QUANN_3a,21344,0.0001,9.915389984846115,29.81467241048813,21.725150108337402,16.696603417396545,13.895471721887589,12.775117754936218,11.93348804116249,11.01486012339592,10.335433095693588,10.042128756642342,9.868911996483803
141,geometric_median,QUANN_1c,10672,0.0001,10.473940253257751,29.55806928873062,21.180187582969666,16.453644633293152,14.076901286840439,12.248367011547089,11.758746534585953,11.344281673431396,10.624326020479202,10.381229773163795,10.326839819550514
142,geometric_median,QUANN_2c,12864,0.0001,10.317524373531342,29.684257090091705,21.42380714416504,15.922782242298126,12.750477939844131,11.236865133047104,10.542268618941307,10.405883252620697,10.34242008626461,10.252516388893127,10.189541921019554
143,geometric_median,QUANN_3c,17248,0.0001,9.958762422204018,29.20488739013672,21.373226821422577,17.68021211028099,15.460989564657211,13.792431861162186,12.479966506361961,11.172085523605347,10.365436866879463,10.118752494454384,9.925687909126282
144,geometric_median,QUANN_1,9584,0.0005,4.765869557857513,13.846844494342804,10.4140814691782,10.069904088973999,9.095013231039047,6.96690758317709,5.887674733996391,5.4024583622813225,5.204364776611328,5.068513609468937,4.948688603937626
145,geometric_median,QUANN_2,10688,0.0005,4.923286035656929,12.947721630334854,10.171396553516388,9.428985640406609,7.215308554470539,6.043605364859104,5.4388924688100815,5.110623866319656,4.939699523150921,4.880992844700813,4.786313876509666
146,geometric_median,QUANN_3,12896,0.0005,4.783850446343422,13.676759868860245,8.96932439506054,7.101094916462898,6.044707432389259,5.48917680233717,5.1909293457865715,5.027423873543739,4.954617016017437,4.8506540432572365,4.8038177490234375
147,geometric_median,QUANN_1a,11696,0.0005,4.589731477200985,13.077706277370453,10.268408015370369,8.846093863248825,7.037541672587395,5.967792846262455,5.337204128503799,5.040821731090546,4.888938955962658,4.746487058699131,4.660084627568722
148,geometric_median,QUANN_2a,14912,0.0005,4.629586696624756,13.118685930967331,9.866712093353271,7.5059448182582855,6.178143180906773,5.4571860283613205,5.12749133259058,4.955955728888512,4.862978056073189,4.794144377112389,4.7365153431892395
149,geometric_median,QUANN_3a,21344,0.0005,4.728561073541641,13.359456539154053,9.298022836446762,7.052866041660309,6.050892062485218,5.503788344562054,5.171465873718262,4.992738217115402,4.9247185960412025,4.806562624871731,4.806409426033497
150,geometric_median,QUANN_1c,10672,0.0005,4.8268391117453575,12.252128094434738,10.294845819473267,9.396519988775253,7.324044436216354,6.0472313687205315,5.505840517580509,5.231443926692009,5.152556203305721,4.9808816611766815,4.92476662248373
151,geometric_median,QUANN_2c,12864,0.0005,4.783889554440975,13.485396683216095,9.998154565691948,7.91188271343708,6.469390228390694,5.670465514063835,5.2926211804151535,5.085089795291424,4.950135953724384,4.880602292716503,4.832581073045731
152,geometric_median,QUANN_3c,17248,0.0005,4.957170970737934,13.950784027576447,9.619990691542625,8.275507345795631,7.556338667869568,6.765661180019379,5.950259380042553,5.636532448232174,5.366819441318512,5.178349487483501,5.0527951791882515
153,geometric_median,QUANN_1,9584,0.001,4.754585482180119,10.473433792591095,9.596879601478577,6.252853944897652,5.31117770075798,5.101675160229206,4.948218986392021,4.935920991003513,4.921525031328201,4.834616161882877,4.8100767359137535
154,geometric_median,QUANN_2,10688,0.001,4.535053417086601,10.419785186648369,9.306870922446251,5.829985484480858,5.0432784259319305,4.779651887714863,4.693296521902084,4.699411228299141,4.571470223367214,4.552710175514221,4.448907785117626
155,geometric_median,QUANN_3,12896,0.001,4.436469316482544,10.439701795578003,6.940033055841923,5.552219443023205,5.151538394391537,4.939372688531876,4.887259297072887,4.731288477778435,4.659480467438698,4.588900297880173,4.50029743462801
156,geometric_median,QUANN_1a,11696,0.001,4.598860815167427,10.347649723291397,6.781302951276302,5.400894783437252,5.021526366472244,4.86669883877039,4.8618075624108315,4.778483338654041,4.620715066790581,4.57861714810133,4.532379999756813
157,geometric_median,QUANN_2a,14912,0.001,4.333807170391083,10.852854579687119,6.889057874679565,5.274236790835857,4.980318792164326,4.798202283680439,4.749349914491177,4.67679987847805,4.572324767708778,4.546705931425095,4.458609871566296
158,geometric_median,QUANN_3a,21344,0.001,4.42636413872242,9.270612925291061,6.138108439743519,5.104507863521576,4.8255975767970085,4.6884773671627045,4.623331420123577,4.598379835486412,4.487460292875767,4.453107334673405,4.450157776474953
159,geometric_median,QUANN_1c,10672,0.001,4.504508942365646,10.259757280349731,6.866506345570087,5.378636829555035,4.998821772634983,4.907385632395744,4.802934028208256,4.8050351813435555,4.699701055884361,4.638823673129082,4.590710639953613
160,geometric_median,QUANN_2c,12864,0.001,4.267746232450008,10.167640045285225,6.515660345554352,5.374811910092831,5.080334015190601,4.944562092423439,4.837948761880398,4.796533357352018,4.695929907262325,4.723006810992956,4.581113561987877
161,geometric_median,QUANN_3c,17248,0.001,4.405791558325291,10.180096119642258,7.438815996050835,5.672171629965305,5.38999342918396,4.991801343858242,4.903966836631298,4.848287515342236,4.825702056288719,4.751558192074299,4.701277032494545
162,geometric_median,QUANN_1,9584,0.005,4.320020459592342,5.419594168663025,5.280369512736797,4.968360543251038,4.9392596408724785,4.984643340110779,4.890710450708866,5.033054456114769,4.705727659165859,4.528987370431423,4.386470668017864
163,geometric_median,QUANN_2,10688,0.005,3.308078944683075,5.386904612183571,5.0840714275836945,4.947660528123379,4.793994642794132,4.574786797165871,4.233572609722614,4.199438750743866,3.945139314979315,3.802220046520233,3.68499593436718
164,geometric_median,QUANN_3,12896,0.005,3.593747556209564,5.2327712923288345,5.119786195456982,4.761670425534248,4.546509712934494,4.47325624525547,4.379838444292545,4.063361532986164,3.9958753138780594,3.796654872596264,3.680266037583351
165,geometric_median,QUANN_1a,11696,0.005,3.648562416434288,5.332091465592384,4.9778075739741325,4.94182937592268,4.860975734889507,4.8357773423194885,4.511360235512257,4.424256056547165,4.130916051566601,4.204764999449253,3.933962531387806
166,geometric_median,QUANN_2a,14912,0.005,3.6142458617687225,5.159237504005432,4.9401805102825165,4.980849482119083,4.670337989926338,4.557392805814743,4.475242987275124,4.2983828112483025,4.181977950036526,4.1733914986252785,3.8465374410152435
167,geometric_median,QUANN_3a,21344,0.005,4.128932885825634,5.258266098797321,5.095723539590836,4.814605675637722,4.692552872002125,4.681121028959751,4.619296632707119,4.434027269482613,4.574416287243366,4.437973573803902,4.3375313729047775
168,geometric_median,QUANN_1c,10672,0.005,3.709328278899193,5.6863846108317375,5.262780964374542,4.9204816445708275,4.869523487985134,4.512628272175789,4.434595435857773,4.174515932798386,4.11382482200861,3.972520098090172,3.819463074207306
169,geometric_median,QUANN_2c,12864,0.005,3.7312578335404396,5.3868297934532166,5.006457418203354,4.905965968966484,4.897458992898464,4.845357231795788,4.710860848426819,4.344624795019627,4.0860723704099655,4.169119507074356,4.004270046949387
170,geometric_median,QUANN_3c,17248,0.005,3.4074109569191933,6.043732732534409,5.479643382132053,5.104724496603012,4.869920905679464,4.6345344632864,4.505469024181366,4.2834238559007645,4.233504548668861,4.058642365038395,3.68308462202549
171,geometric_median,QUANN_1,9584,0.01,3.6020678356289864,5.687329009175301,5.726769417524338,5.037248991429806,4.70047102868557,4.72921995818615,4.382268816232681,4.306008189916611,4.281093597412109,4.1233576983213425,3.868527002632618
172,geometric_median,QUANN_2,10688,0.01,3.8726268857717514,6.074987314641476,5.539526745676994,5.29599903523922,5.038190878927708,4.358914352953434,4.272413864731789,4.265634931623936,4.094046153128147,4.328822441399097,4.244918987154961
173,geometric_median,QUANN_3,12896,0.01,3.9930824413895607,5.813091963529587,5.823867172002792,5.106876574456692,5.091213658452034,5.145098336040974,4.771518625319004,4.730624742805958,4.544110968708992,4.437617361545563,4.340061068534851
174,geometric_median,QUANN_1a,11696,0.01,3.671498268842697,6.144195668399334,5.480388402938843,5.476271785795689,4.887872226536274,5.142429850995541,4.8121253326535225,4.242430746555328,4.16535035520792,4.032203674316406,3.9504009038209915
175,geometric_median,QUANN_2a,14912,0.01,4.049235478043556,5.633935905992985,5.41547068208456,5.374830283224583,5.438256658613682,4.951864868402481,4.679744124412537,4.654383644461632,4.3922718688845634,4.203654080629349,4.124418430030346
176,geometric_median,QUANN_3a,21344,0.01,3.7693758383393288,5.198630064725876,5.492932438850403,5.216890946030617,4.540859222412109,4.820048101246357,4.255510151386261,4.379284523427486,4.1004461124539375,3.926697552204132,4.039132684469223
177,geometric_median,QUANN_1c,10672,0.01,4.075922518968582,5.5804722011089325,5.466593600809574,5.63357612490654,5.782259479165077,5.314102977514267,4.700198911130428,4.516456499695778,4.2026452496647835,4.167057603597641,4.201289810240269
178,geometric_median,QUANN_2c,12864,0.01,3.9390027076005936,5.787615820765495,6.579639106988907,5.382768094539642,5.195720806717873,5.068804010748863,4.6892122104763985,4.36101745814085,4.151686511933804,4.384199172258377,4.11370949447155
179,geometric_median,QUANN_3c,17248,0.01,3.4975257515907288,6.931250482797623,5.914390996098518,5.238192431628704,4.86572203040123,4.572439320385456,4.6026526764035225,4.119249776005745,4.264454200863838,4.012912154197693,3.8036769405007362
180,marginal_median,QUANN_1,9584,0.0001,10.669213652610779,29.80337244272232,21.638933181762695,16.20230734348297,13.038777649402618,11.984553217887878,11.574143409729004,10.93870498239994,10.38155534863472,10.247112393379211,10.197381556034088
181,marginal_median,QUANN_2,10688,0.0001,10.682064086198807,29.606417298316956,21.966704308986664,17.07644295692444,14.492927938699722,12.79318767786026,11.783347845077515,11.084412962198257,10.457887470722198,10.280875757336617,10.253268241882324
182,marginal_median,QUANN_3,12896,0.0001,10.543003782629967,29.51783186197281,21.08694177865982,16.890970200300217,15.151208847761154,13.483608901500702,12.069351494312286,11.097427159547806,10.263297751545906,9.869862884283066,9.692982077598572
183,marginal_median,QUANN_1a,11696,0.0001,10.728040546178818,29.49924910068512,21.053560256958008,15.48575684428215,12.605452239513397,11.608638375997543,11.316960334777832,10.83178000152111,10.274014040827751,10.158753111958504,10.062011286616325
184,marginal_median,QUANN_2a,14912,0.0001,10.518560320138931,29.518385767936707,21.24973636865616,16.359548538923264,14.052792459726334,12.299180656671524,11.184448480606079,10.38517190515995,10.103486955165863,9.999524906277657,9.892164170742035
185,marginal_median,QUANN_3a,21344,0.0001,9.515430614352226,29.506312489509583,20.653079986572266,15.663480460643768,13.423491150140762,12.203467160463333,11.216241598129272,10.406440570950508,9.802224218845367,9.358854547142982,8.964795425534248
186,marginal_median,QUANN_1c,10672,0.0001,10.77091497182846,29.812730371952057,21.440350830554962,16.284234136343002,13.699094027280807,12.176770687103271,11.736800879240036,11.344180837273598,10.743925407528877,10.310324311256409,10.209083631634712
187,marginal_median,QUANN_2c,12864,0.0001,10.6787229180336,29.595059275627136,21.067769646644592,16.037580341100693,13.552632212638855,12.147554486989975,11.488273844122887,10.899997413158417,10.272825613617897,10.069076851010323,9.965820118784904
188,marginal_median,QUANN_3c,17248,0.0001,10.860641986131668,29.199737191200256,20.842030823230743,16.38560989499092,14.09184405207634,13.229882001876831,12.849995791912079,12.389015167951584,11.73787385225296,10.934962451457977,10.195182994008064
189,marginal_median,QUANN_1,9584,0.0005,5.159541115164757,12.04353865981102,10.288636639714241,9.852146312594414,8.646433353424072,7.157760709524155,6.0588230937719345,5.557028315961361,5.241575181484222,5.1089881882071495,4.994347512722015
190,marginal_median,QUANN_2,10688,0.0005,5.193084396421909,13.62582466006279,10.189104154706001,9.370247319340706,7.338151067495346,6.234436243772507,5.728766776621342,5.387658432126045,5.238543219864368,5.163284718990326,5.117182895541191
191,marginal_median,QUANN_3,12896,0.0005,5.055651031434536,12.220165640115738,9.923377081751823,7.748454287648201,6.50326793640852,5.859974302351475,5.597652725875378,5.359263487160206,5.262428142130375,5.179391548037529,5.142213970422745
192,marginal_median,QUANN_1a,11696,0.0005,4.828754022717476,11.441380828619003,10.121250465512276,8.823845863342285,6.830712966620922,5.880383215844631,5.363137237727642,5.134947687387466,4.998269744217396,4.898526221513748,4.836583975702524
193,marginal_median,QUANN_2a,14912,0.0005,4.966667674481869,13.013132929801941,9.878659024834633,7.564458012580872,6.245712026953697,5.600044764578342,5.279624007642269,5.122916139662266,5.027120336890221,4.978038728237152,4.953991085290909
194,marginal_median,QUANN_3a,21344,0.0005,4.997541569173336,11.921954661607742,8.758722469210625,6.986596435308456,5.9982273653149605,5.502616815268993,5.243587248027325,5.112510174512863,5.004604645073414,4.911933749914169,4.882877819240093
195,marginal_median,QUANN_1c,10672,0.0005,5.292531721293926,12.910476267337799,10.353211179375648,9.980436474084854,8.937460854649544,7.0200226828455925,6.056320637464523,5.631855569779873,5.429139226675034,5.273111447691917,5.199291869997978
196,marginal_median,QUANN_2c,12864,0.0005,5.006431192159653,11.956160753965378,10.100418701767921,8.853830590844154,6.924716658890247,6.0535266771912575,5.599502921104431,5.393457978963852,5.3100681602954865,5.1956777125597,5.130505211651325
197,marginal_median,QUANN_3c,17248,0.0005,5.24248132109642,13.051153868436813,9.75906565785408,7.863838121294975,6.818617612123489,6.283354967832565,5.981188125908375,5.75478121638298,5.606075435876846,5.499990180134773,5.413034684956074
198,marginal_median,QUANN_1,9584,0.001,4.786414228379726,10.408960714936256,8.356868222355843,5.924655817449093,5.369884118437767,5.190464988350868,5.035695962607861,5.034823149442673,4.926693290472031,4.898681156337261,4.800999090075493
199,marginal_median,QUANN_2,10688,0.001,4.8506214171648026,11.22935202717781,6.980226323008537,5.532709300518036,5.082236424088478,4.947085224092007,4.791781634092331,4.701985754072666,4.696669340133667,4.6896082535386086,4.620990484952927
200,marginal_median,QUANN_3,12896,0.001,4.754406720399857,10.63685518503189,6.696700908243656,5.614066436886787,5.151832357048988,5.024800330400467,4.8882962092757225,4.808259032666683,4.683337487280369,4.66926433891058,4.600323051214218
201,marginal_median,QUANN_1a,11696,0.001,4.577911838889122,10.128067553043365,6.846079722046852,5.444269686937332,5.02236295491457,4.871161125600338,4.810789734125137,4.709846593439579,4.646049007773399,4.650754697620869,4.591362901031971
202,marginal_median,QUANN_2a,14912,0.001,4.7168283239007,9.956468254327774,6.764214739203453,5.676045618951321,5.228679157793522,5.062444597482681,4.93522946536541,4.918179765343666,4.852252148091793,4.856387682259083,4.7520227655768394
203,marginal_median,QUANN_3a,21344,0.001,4.710193462669849,9.08754251897335,5.96206683665514,5.264259539544582,5.080394171178341,4.937692031264305,4.878053233027458,4.7778515964746475,4.728435754776001,4.658977098762989,4.631372548639774
204,marginal_median,QUANN_1c,10672,0.001,4.6308150216937065,10.310154631733894,7.49594034999609,5.697740666568279,5.262516669929028,5.092086032032967,4.911109954118729,4.877870254218578,4.792521379888058,4.786431536078453,4.755153149366379
205,marginal_median,QUANN_2c,12864,0.001,4.850223064422607,10.161159634590149,6.66723544895649,5.517929695546627,5.2323723286390305,5.067220091819763,4.972361408174038,4.941784478724003,4.8793725445866585,4.879112228751183,4.8471081629395485
206,marginal_median,QUANN_3c,17248,0.001,4.63103087246418,8.539814725518227,6.067354440689087,5.427958101034164,5.105334974825382,5.009715408086777,4.9570470079779625,4.893332630395889,4.849427685141563,4.746560603380203,4.700496092438698
207,marginal_median,QUANN_1,9584,0.005,3.917617030441761,5.679033048450947,5.353755205869675,5.080352298915386,5.122478470206261,4.907458111643791,4.7340420335531235,4.51087348908186,4.496724806725979,4.50119211524725,4.106758914887905
208,marginal_median,QUANN_2,10688,0.005,3.97483641654253,5.461565442383289,5.255766838788986,5.224556766450405,4.814008846879005,4.595694951713085,4.472078137099743,4.479215659201145,4.300193294882774,4.011277101933956,4.057217992842197
209,marginal_median,QUANN_3,12896,0.005,3.95778751373291,5.780686087906361,5.2818775326013565,5.192804172635078,5.0355474799871445,4.959607131779194,4.670504711568356,4.6917040422558784,4.501910284161568,4.3911294266581535,4.106472089886665
210,marginal_median,QUANN_1a,11696,0.005,3.777774564921856,5.35562165081501,5.126587830483913,5.040019780397415,4.893423564732075,5.113738030195236,4.540067538619041,4.313920743763447,4.383523114025593,4.057675443589687,3.971932180225849
211,marginal_median,QUANN_2a,14912,0.005,3.9098345041275024,5.574638813734055,5.28550623357296,5.208886377513409,5.004364296793938,4.893437504768372,4.720746740698814,4.892723977565765,4.507664516568184,4.46975114941597,4.281367942690849
212,marginal_median,QUANN_3a,21344,0.005,4.220979139208794,5.317582406103611,4.967262431979179,4.955453425645828,4.78926020860672,5.0547908544540405,4.708524219691753,4.716358073055744,4.548303455114365,4.6792581379413605,4.405937053263187
213,marginal_median,QUANN_1c,10672,0.005,3.8059445172548294,5.543249323964119,5.249112531542778,5.002753399312496,5.018920004367828,4.833193309605122,4.455375570803881,4.378810003399849,4.203583624213934,4.012534026056528,3.9830307960510254
214,marginal_median,QUANN_2c,12864,0.005,3.8131726309657097,5.785627707839012,5.299955204129219,4.908995941281319,5.0261023715138435,4.757552079856396,4.53108075261116,4.374116666615009,4.001962840557098,3.9522002935409546,3.8403861671686172
215,marginal_median,QUANN_3c,17248,0.005,4.278821408748627,5.965583562850952,5.425050966441631,5.237503923475742,5.229429945349693,5.223421923816204,4.848866946995258,4.758420519530773,4.724974162876606,4.545127756893635,4.456072308123112
216,marginal_median,QUANN_1,9584,0.01,4.183791160583496,5.975110746920109,5.310201577842236,4.922672227025032,4.749984838068485,4.539891287684441,4.578104987740517,4.352173037827015,4.579005964100361,4.14284411072731,4.291530214250088
217,marginal_median,QUANN_2,10688,0.01,4.37370777875185,6.013153955340385,5.647821024060249,5.4656461253762245,5.844328112900257,5.396705709397793,5.2019665241241455,4.885192476212978,4.473867304623127,4.526643939316273,4.597466431558132
218,marginal_median,QUANN_3,12896,0.01,4.880330987274647,5.774233266711235,5.8513825461268425,5.721796616911888,5.705356799066067,5.254549942910671,5.144541874527931,5.059746935963631,4.55560977011919,4.385404631495476,4.813734635710716
219,marginal_median,QUANN_1a,11696,0.01,4.173644453287125,5.96455705165863,5.978939786553383,5.769476592540741,6.411468684673309,5.293604806065559,5.200318887829781,4.853374786674976,4.852544032037258,4.7678681537508965,4.235602393746376
220,marginal_median,QUANN_2a,14912,0.01,4.131446026265621,6.352883264422417,5.77618595212698,6.103280767798424,4.971796654164791,4.510524347424507,4.6543954834342,4.878602474927902,4.318422980606556,4.182746939361095,4.482208654284477
221,marginal_median,QUANN_3a,21344,0.01,4.50651965290308,6.445266529917717,5.881728060543537,5.497419223189354,5.861292265355587,5.774545855820179,5.2818931713700294,5.436908334493637,5.273085281252861,5.124968126416206,4.649781338870525
222,marginal_median,QUANN_1c,10672,0.01,4.193919442594051,6.203415133059025,5.9308857917785645,5.645616076886654,5.5985385701060295,4.939117729663849,4.73627308011055,4.760954037308693,4.326347008347511,4.767143659293652,4.184547282755375
223,marginal_median,QUANN_2c,12864,0.01,4.346481628715992,6.243355423212051,5.776846006512642,5.477545201778412,5.565731689333916,5.423663780093193,5.116474151611328,4.843732118606567,4.790163733065128,4.369917489588261,4.354168966412544
224,marginal_median,QUANN_3c,17248,0.01,4.251645840704441,6.191347114741802,5.6850235015153885,5.635176621377468,5.424703530967236,5.309222720563412,4.89355193823576,4.752093613147736,4.492740988731384,4.311307072639465,4.219233296811581
225,log_sum_exp,QUANN_1,9584,0.0001,42.602175116539,118.77599835395813,108.09839153289795,88.4177188873291,60.910011410713196,52.31273317337036,48.00900900363922,45.35423290729523,43.66065979003906,42.11954069137573,40.78802561759949
226,log_sum_exp,QUANN_2,10688,0.0001,40.979299902915955,112.3365740776062,76.42516756057739,53.18239784240723,48.359484791755676,45.942076325416565,44.44711446762085,42.89032745361328,41.739755272865295,40.71582388877869,39.437880873680115
227,log_sum_exp,QUANN_3,12896,0.0001,38.362616300582886,93.0144829750061,52.73428165912628,46.97823417186737,44.658549070358276,43.293723821640015,41.87061870098114,40.70376408100128,39.229387283325195,38.23850214481354,37.13027215003967
228,log_sum_exp,QUANN_1a,11696,0.0001,40.859010457992554,113.17926406860352,76.44898629188538,56.2712037563324,49.967655539512634,46.92285108566284,44.95050024986267,43.49517810344696,42.1287477016449,40.65690231323242,39.35908901691437
229,log_sum_exp,QUANN_2a,14912,0.0001,35.871227502822876,109.15432596206665,59.8618780374527,50.428678035736084,46.76056134700775,43.77634596824646,41.84130012989044,39.7539519071579,37.83800911903381,36.46680796146393,35.17078411579132
230,log_sum_exp,QUANN_3a,21344,0.0001,36.01500403881073,89.64419054985046,55.04156231880188,48.76560044288635,44.80639708042145,42.506142377853394,40.46571469306946,39.625531792640686,37.68810331821442,36.514987111091614,35.35029447078705
231,log_sum_exp,QUANN_1c,10672,0.0001,40.39242148399353,114.22532057762146,93.89313530921936,61.30861282348633,50.90576696395874,47.20179355144501,44.825496196746826,43.06665813922882,41.642353773117065,39.902788043022156,38.481417536735535
232,log_sum_exp,QUANN_2c,12864,0.0001,38.85541641712189,104.36203217506409,58.54991948604584,49.65689158439636,46.086498618125916,44.16322040557861,42.86331915855408,42.06086039543152,40.42387115955353,39.37446916103363,38.005671977996826
233,log_sum_exp,QUANN_3c,17248,0.0001,36.25336992740631,60.38117587566376,49.38182580471039,45.68239092826843,43.814693570137024,42.285215854644775,40.945133328437805,39.40647888183594,38.371633887290955,36.83791267871857,35.44807183742523
234,log_sum_exp,QUANN_1,9584,0.0005,22.369466722011566,57.70334565639496,41.28408753871918,34.90688306093216,30.785634338855743,28.27416169643402,25.536628901958466,23.954451084136963,22.529253393411636,21.412916362285614,20.89372617006302
235,log_sum_exp,QUANN_2,10688,0.0005,19.678199350833893,54.96804237365723,44.27473545074463,36.948182344436646,32.63222259283066,27.848278641700745,24.473314881324768,22.42142426967621,21.085459232330322,19.793070644140244,18.548340409994125
236,log_sum_exp,QUANN_3,12896,0.0005,19.02534681558609,46.37502443790436,37.948936462402344,32.78577524423599,29.82589292526245,26.332803308963776,23.896122872829437,22.824300169944763,21.587983012199402,20.112404704093933,18.56461825966835
237,log_sum_exp,QUANN_1a,11696,0.0005,18.950285375118256,47.91573739051819,41.13843476772308,35.07009381055832,30.614426851272583,26.06399977207184,23.963549435138702,21.6268173456192,20.424541532993317,19.00577002763748,18.144553303718567
238,log_sum_exp,QUANN_2a,14912,0.0005,18.4911387860775,46.58615159988403,36.908318758010864,31.421661853790283,26.79867398738861,23.715870678424835,22.026222109794617,20.211493730545044,19.484798848628998,18.581213414669037,17.83464425802231
239,log_sum_exp,QUANN_3a,21344,0.0005,17.86185398697853,42.91196823120117,35.36421686410904,30.551842391490936,26.103808522224426,23.466716825962067,21.610020995140076,20.075764775276184,18.7326220870018,18.421467900276184,17.312678068876266
240,log_sum_exp,QUANN_1c,10672,0.0005,18.79465588927269,54.06763827800751,42.90373623371124,34.21738255023956,29.035411059856415,24.929060220718384,21.94585758447647,19.534694105386734,18.668508410453796,18.20613032579422,18.042999655008316
241,log_sum_exp,QUANN_2c,12864,0.0005,19.13183483481407,47.27688646316528,41.50149965286255,35.640926003456116,32.218492925167084,28.939659893512726,24.86921501159668,22.464969396591187,21.49155980348587,20.354621410369873,19.012761652469635
242,log_sum_exp,QUANN_3c,17248,0.0005,17.71159702539444,44.568525314331055,37.44990563392639,30.298664927482605,26.254587709903717,23.296747088432312,21.35095715522766,19.882917761802673,18.622424215078354,17.74198007583618,17.076789528131485
243,log_sum_exp,QUANN_1,9584,0.001,17.391167998313904,46.84716522693634,37.86045277118683,29.64029633998871,26.203938126564026,25.256300628185272,21.28117972612381,19.575040072202682,18.756814509630203,16.984663754701614,16.619385838508606
244,log_sum_exp,QUANN_2,10688,0.001,16.866607546806335,45.11296093463898,34.208003640174866,26.469980120658875,23.053328812122345,20.45456063747406,19.0167133808136,17.735271394252777,17.113977700471878,16.828934133052826,16.247498750686646
245,log_sum_exp,QUANN_3,12896,0.001,15.729650437831879,45.15778362751007,30.78746622800827,24.1706440448761,20.82254832983017,19.982395976781845,18.01456043124199,16.730652898550034,16.195961713790894,15.589498668909073,14.971326440572739
246,log_sum_exp,QUANN_1a,11696,0.001,15.431819468736649,42.80565822124481,31.25313627719879,24.64012849330902,20.396414756774902,19.00367295742035,17.36130204796791,16.623453110456467,15.631263792514801,14.951110780239105,14.734278827905655
247,log_sum_exp,QUANN_2a,14912,0.001,14.815426796674728,40.86174917221069,31.848799288272858,24.870417773723602,20.147295355796814,18.773818790912628,17.474585711956024,16.946514785289764,15.29380178451538,14.734389901161194,14.409807622432709
248,log_sum_exp,QUANN_3a,21344,0.001,13.861619979143143,39.21060574054718,29.68395233154297,23.867198526859283,21.43545174598694,19.597937881946564,17.865322560071945,15.902612090110779,15.425720751285553,14.268189519643784,13.362209558486938
249,log_sum_exp,QUANN_1c,10672,0.001,16.163935214281082,45.35179662704468,34.418063044548035,26.71539294719696,24.01191657781601,20.222641587257385,20.088679045438766,19.359906435012817,16.951756685972214,16.40944066643715,15.50239473581314
250,log_sum_exp,QUANN_2c,12864,0.001,15.499493718147278,41.19712579250336,31.59489130973816,24.52153217792511,19.825477212667465,18.158605992794037,17.4039708673954,16.398534297943115,16.045394480228424,15.235413551330566,14.652945071458817
251,log_sum_exp,QUANN_3c,17248,0.001,15.293265104293823,40.71154844760895,32.732596039772034,26.20210897922516,21.584775388240814,18.942626237869263,17.591519057750702,17.8582983314991,15.833844631910324,15.684604197740555,14.176958501338959
252,log_sum_exp,QUANN_1,9584,0.005,13.110949665307999,33.40934783220291,21.737136721611023,17.647838085889816,16.495305448770523,15.849357545375824,15.579160422086716,13.008839905261993,13.284558147192001,12.634239345788956,12.647353887557983
253,log_sum_exp,QUANN_2,10688,0.005,12.534815907478333,30.02116984128952,20.89582669734955,17.0846628844738,16.535440742969513,14.968263298273087,13.750458478927612,13.200158447027206,12.336907744407654,12.034133166074753,11.881325453519821
254,log_sum_exp,QUANN_3,12896,0.005,12.196314871311188,27.442028999328613,17.056441515684128,14.042495042085648,13.334592372179031,11.996413111686707,12.19830533862114,12.266662687063217,11.309622079133987,11.39961063861847,11.731378555297852
255,log_sum_exp,QUANN_1a,11696,0.005,11.762451767921448,33.23690164089203,21.575362265110016,16.287240505218506,14.412368327379227,14.553375452756882,12.973637253046036,12.727396875619888,12.887979298830032,12.174326092004776,11.875429809093475
256,log_sum_exp,QUANN_2a,14912,0.005,11.365455314517021,30.72703593969345,16.99414885044098,16.88033840060234,13.313526660203934,12.267192870378494,11.985302895307541,11.85548546910286,11.832170724868774,11.64386522769928,11.280784904956818
257,log_sum_exp,QUANN_3a,21344,0.005,11.770889908075333,28.060376286506653,18.561849176883698,15.561866343021393,14.274891674518585,14.812328040599823,12.560504019260406,11.920563876628876,12.216708332300186,15.325514912605286,11.331100076436996
258,log_sum_exp,QUANN_1c,10672,0.005,12.30080994963646,31.93197065591812,19.190032929182053,15.057470232248306,13.16697233915329,14.582266807556152,12.821402043104172,16.22098684310913,12.450381189584732,12.10524469614029,12.040138959884644
259,log_sum_exp,QUANN_2c,12864,0.005,12.502554297447205,29.850093603134155,19.34911808371544,16.935993254184723,13.416634678840637,15.441605508327484,13.068751126527786,12.381853103637695,14.624258935451508,13.95235887169838,12.081231743097305
260,log_sum_exp,QUANN_3c,17248,0.005,11.554195255041122,25.70334905385971,17.139375239610672,14.275502771139145,13.299875795841217,13.880954533815384,12.384013801813126,11.829301714897156,11.74192264676094,12.628682881593704,11.210747480392456
261,log_sum_exp,QUANN_1,9584,0.01,12.849455446004868,26.779601335525513,18.28649812936783,17.07508608698845,14.909193277359009,13.076092004776001,13.328673601150513,13.574967116117477,12.0964575111866,12.89089959859848,12.449259489774704
262,log_sum_exp,QUANN_2,10688,0.01,14.402178645133972,30.832132041454315,22.84591382741928,17.447012662887573,14.86889460682869,16.106987953186035,13.291735023260117,13.358844459056854,12.357502073049545,12.343696117401123,14.596666902303696
263,log_sum_exp,QUANN_3,12896,0.01,14.912628531455994,31.104440987110138,19.291522651910782,17.06684121489525,18.491680026054382,15.460956633090973,14.424510180950165,12.980723768472672,13.097312092781067,13.48108994960785,15.139479875564575
264,log_sum_exp,QUANN_1a,11696,0.01,14.986553937196732,34.9097803235054,21.982136249542236,15.416991174221039,13.515164196491241,14.668480813503265,13.84202453494072,12.989103734493256,12.137546062469482,14.878736168146133,14.665617763996124
265,log_sum_exp,QUANN_2a,14912,0.01,12.40549287199974,26.657811641693115,16.524519979953766,14.009915202856064,18.782338559627533,13.588485836982727,14.017111539840698,13.187115520238876,12.92484962940216,13.1561578810215,11.891403049230576
266,log_sum_exp,QUANN_3a,21344,0.01,14.162158995866776,23.83577787876129,15.86226710677147,13.881073087453842,14.414240002632141,12.424170136451721,12.686318904161453,12.184751719236374,12.388241559267044,12.227058291435242,13.730442345142365
267,log_sum_exp,QUANN_1c,10672,0.01,11.837515592575073,30.62283593416214,18.26230800151825,19.88000786304474,15.8461474776268,14.28988003730774,13.544263333082199,15.023129373788834,12.472715705633163,13.393769979476929,11.624652296304703
268,log_sum_exp,QUANN_2c,12864,0.01,13.593205362558365,33.936183869838715,21.267317235469818,18.615387052297592,18.765970826148987,15.082173943519592,14.848979115486145,13.327064841985703,13.330727338790894,13.193217873573303,13.302709341049194
269,log_sum_exp,QUANN_3c,17248,0.01,13.135321378707886,35.3762149810791,18.26539397239685,15.090043514966965,15.833135813474655,13.686891555786133,12.71627527475357,15.49378952383995,12.668833673000336,12.278008610010147,12.359658122062683
270,norm_max,QUANN_1,9584,0.0001,110.60706400871277,160.22110795974731,147.7332706451416,135.64938926696777,128.1747031211853,123.44813084602356,120.40864181518555,117.83261728286743,115.77550029754639,113.77968668937683,112.19664931297302
271,norm_max,QUANN_2,10688,0.0001,109.55484914779663,159.94625759124756,146.90807604789734,133.70605516433716,125.20108675956726,119.11646246910095,114.92264938354492,111.96689081192017,110.68241286277771,110.08766603469849,109.79041910171509
272,norm_max,QUANN_3,12896,0.0001,111.86424326896667,160.04236698150635,146.98294639587402,133.98494672775269,125.94394731521606,121.0983829498291,117.51344728469849,115.17362523078918,113.72059941291809,112.65540671348572,112.10470938682556
273,norm_max,QUANN_1a,11696,0.0001,109.45349025726318,160.58813214302063,147.60540342330933,134.21654796600342,127.00657916069031,122.50094366073608,119.30303931236267,116.5176100730896,114.23686242103577,112.17062830924988,110.27296352386475
274,norm_max,QUANN_2a,14912,0.0001,110.9097740650177,160.52658891677856,147.88912534713745,135.8745129108429,129.142911195755,125.08811354637146,121.47848963737488,118.35616111755371,115.9431562423706,114.3616783618927,112.89882159233093
275,norm_max,QUANN_3a,21344,0.0001,109.22543144226074,160.63128685951233,145.38953495025635,130.63789105415344,123.80762577056885,120.15023946762085,117.93192529678345,115.99930000305176,114.114666223526,112.66128587722778,111.23598265647888
276,norm_max,QUANN_1c,10672,0.0001,108.03719449043274,160.43032312393188,148.23384475708008,135.75128555297852,128.85998249053955,123.8301591873169,119.2476499080658,115.66910982131958,112.95767307281494,110.85041165351868,109.23169541358948
277,norm_max,QUANN_2c,12864,0.0001,111.4845597743988,160.062579870224,146.1177158355713,135.3443238735199,129.7645137310028,125.15407705307007,121.1278030872345,118.4095528125763,116.38137173652649,114.77588272094727,113.37915325164795
278,norm_max,QUANN_3c,17248,0.0001,112.84957075119019,160.14654111862183,146.0415894985199,134.5174536705017,129.55621576309204,126.21178245544434,123.29409527778625,120.47044730186462,117.88974475860596,115.82436227798462,114.20119452476501
279,norm_max,QUANN_1,9584,0.0005,93.60487151145935,124.80213212966919,109.33634161949158,104.28104138374329,102.47703123092651,102.09718227386475,101.19812345504761,100.1018180847168,99.07967734336853,97.37598657608032,95.7420711517334
280,norm_max,QUANN_2,10688,0.0005,93.0401086807251,118.69950866699219,107.5922920703888,104.21193790435791,100.96995997428894,100.47824454307556,99.51170873641968,98.06672096252441,96.91147232055664,95.39690375328064,93.99076271057129
281,norm_max,QUANN_3,12896,0.0005,92.0489650964737,123.52676010131836,113.25150609016418,107.23195552825928,101.78809714317322,100.98671627044678,99.66806483268738,97.48749923706055,96.18793368339539,95.8525812625885,94.66792273521423
282,norm_max,QUANN_1a,11696,0.0005,91.1643795967102,124.26400876045227,110.86016130447388,106.41594076156616,104.16090416908264,101.2749855518341,98.49983143806458,96.26737380027771,94.71953058242798,93.41707110404968,93.1261682510376
283,norm_max,QUANN_2a,14912,0.0005,91.37731051445007,124.60593104362488,110.93052959442139,105.23931336402893,102.82063961029053,99.25720930099487,97.23049545288086,95.45228314399719,94.31008577346802,93.89176595211029,93.1637978553772
284,norm_max,QUANN_3a,21344,0.0005,90.27525401115417,123.77031874656677,111.34367895126343,105.11302185058594,102.64837121963501,99.15805149078369,95.86927771568298,94.61542797088623,94.03679978847504,92.72161817550659,92.31426167488098
285,norm_max,QUANN_1c,10672,0.0005,90.74692523479462,121.24770879745483,110.3050274848938,105.70771479606628,103.2936155796051,100.42158484458923,99.13031220436096,97.55957055091858,96.1967601776123,94.46028935909271,93.76415586471558
286,norm_max,QUANN_2c,12864,0.0005,91.13267731666565,123.98656415939331,109.04609870910645,104.64921188354492,103.48961186408997,100.48031234741211,99.11638045310974,96.70404744148254,95.47452974319458,94.35070705413818,93.84336376190186
287,norm_max,QUANN_3c,17248,0.0005,92.02461981773376,126.54640126228333,114.05797553062439,110.11297297477722,105.44651436805725,102.07426190376282,99.17792892456055,97.10342264175415,95.83977699279785,94.71388339996338,94.04095530509949
288,norm_max,QUANN_1,9584,0.001,89.21861052513123,111.20735454559326,103.7033212184906,101.15964674949646,98.10102677345276,95.0128390789032,93.58228158950806,92.36992740631104,92.38017010688782,92.14101123809814,91.76230239868164
289,norm_max,QUANN_2,10688,0.001,88.72267663478851,111.86050939559937,101.44573521614075,99.02657222747803,95.79987025260925,93.64260244369507,92.49999499320984,91.51098930835724,91.1404572725296,91.09653306007385,91.00488519668579
290,norm_max,QUANN_3,12896,0.001,88.91530168056488,112.93873286247253,103.15013146400452,97.93933916091919,94.66685676574707,92.88117814064026,92.40885865688324,91.82722878456116,92.03682172298431,91.84750866889954,92.10334432125092
291,norm_max,QUANN_1a,11696,0.001,88.04417049884796,109.47253155708313,101.76907563209534,97.68389320373535,94.3424642086029,92.35581994056702,91.31703317165375,91.08004605770111,91.16867804527283,90.49799764156342,90.53020882606506
292,norm_max,QUANN_2a,14912,0.001,88.10481476783752,112.81400227546692,101.7151985168457,97.85197830200195,95.06566023826599,93.39704525470734,92.71877026557922,92.48239696025848,91.86085951328278,91.77104103565216,91.53413510322571
293,norm_max,QUANN_3a,21344,0.001,88.32755970954895,110.63806438446045,102.4920539855957,98.5585470199585,94.26479268074036,92.86618137359619,93.62852764129639,91.82226383686066,91.65469145774841,91.78601455688477,91.93388032913208
294,norm_max,QUANN_1c,10672,0.001,89.21521806716919,109.6396427154541,101.67989349365234,99.77976655960083,95.85173511505127,94.08968448638916,92.26543140411377,91.67310500144958,92.1432843208313,91.2319884300232,91.67414093017578
295,norm_max,QUANN_2c,12864,0.001,88.59602117538452,113.43352699279785,103.94614291191101,98.10299587249756,95.00126814842224,93.81099843978882,92.55247139930725,91.82455277442932,91.63288474082947,91.83318209648132,91.42082786560059
296,norm_max,QUANN_3c,17248,0.001,89.88498544692993,110.8979902267456,101.62186741828918,97.7004132270813,95.67374610900879,94.6878582239151,93.40845167636871,92.77468514442444,93.26891553401947,92.39598774909973,93.3682781457901
297,norm_max,QUANN_1,9584,0.005,90.17969250679016,97.88810610771179,94.60532355308533,94.94161891937256,93.7702407836914,94.49311447143555,95.64373922348022,94.57349967956543,94.85659599304199,95.03614854812622,94.20817255973816
298,norm_max,QUANN_2,10688,0.005,90.03572821617126,95.92284560203552,94.4713773727417,95.1476366519928,93.83197784423828,94.63758754730225,95.93359041213989,93.24863076210022,95.30622148513794,94.30960941314697,92.67497849464417
299,norm_max,QUANN_3,12896,0.005,91.59958934783936,100.36876630783081,94.84590005874634,95.52043128013611,95.70519948005676,95.01396870613098,96.60196018218994,93.72461557388306,93.41859292984009,93.42495679855347,93.8777027130127
300,norm_max,QUANN_1a,11696,0.005,91.20394897460938,95.83807802200317,94.29826307296753,94.12733364105225,94.589639544487,93.0225145816803,93.61281967163086,94.63000869750977,94.38815212249756,92.3803939819336,93.23869967460632
301,norm_max,QUANN_2a,14912,0.005,92.19732880592346,97.67759561538696,93.45802712440491,93.88791966438293,93.96303367614746,94.55524039268494,94.54600405693054,93.63255000114441,93.90824568271637,93.06156063079834,94.93280291557312
302,norm_max,QUANN_3a,21344,0.005,90.24016189575195,98.201180934906,95.50411128997803,94.03345894813538,93.94046306610107,94.18018293380737,94.46284031867981,93.93388342857361,94.00553560256958,94.06633925437927,93.21696591377258
303,norm_max,QUANN_1c,10672,0.005,90.64797294139862,97.96211385726929,94.08391332626343,93.95790886878967,93.75592565536499,93.19094443321228,93.79409217834473,94.24827361106873,93.50125527381897,95.46465396881104,93.11549746990204
304,norm_max,QUANN_2c,12864,0.005,92.23581433296204,97.4319097995758,94.03403830528259,93.79259037971497,93.02537870407104,92.85745930671692,94.44264101982117,94.31430268287659,95.26813912391663,94.28073382377625,94.87794709205627
305,norm_max,QUANN_3c,17248,0.005,92.17331457138062,100.80238223075867,96.642982006073,98.17884492874146,95.17610764503479,96.11055040359497,97.19664931297302,94.983558177948,95.89589762687683,95.8080005645752,95.79756665229797
306,norm_max,QUANN_1,9584,0.01,96.38390588760376,101.44648504257202,101.56604957580566,98.12214350700378,99.7078537940979,99.955730676651,98.27994561195374,97.14433598518372,98.38114476203918,97.87480926513672,98.96866750717163
307,norm_max,QUANN_2,10688,0.01,94.82042622566223,100.5672960281372,98.00201869010925,97.83743786811829,99.15247130393982,98.41933679580688,99.96503806114197,97.66799831390381,98.7966513633728,96.20399284362793,98.70247721672058
308,norm_max,QUANN_3,12896,0.01,95.77941083908081,100.91080737113953,101.8484058380127,101.85085034370422,101.01837801933289,100.3857696056366,100.35142922401428,99.68375062942505,99.98608922958374,98.27317905426025,98.00217461585999
309,norm_max,QUANN_1a,11696,0.01,95.08204913139343,102.60117793083191,103.23761129379272,97.34650015830994,102.31608271598816,98.36847853660583,100.03278231620789,97.48299884796143,97.02749609947205,101.23834109306335,96.66286492347717
310,norm_max,QUANN_2a,14912,0.01,93.0405490398407,101.44718170166016,98.41056370735168,101.83213925361633,99.01710891723633,98.99570345878601,98.13342237472534,99.284499168396,97.5137403011322,97.77792429924011,96.18575930595398
311,norm_max,QUANN_3a,21344,0.01,95.82101130485535,102.32878637313843,100.29140615463257,102.07336926460266,99.22707176208496,98.73536133766174,98.49193906784058,100.21582651138306,98.0697386264801,98.30169916152954,99.54285883903503
312,norm_max,QUANN_1c,10672,0.01,94.4129228591919,101.54594421386719,99.07988262176514,98.37049674987793,98.42147207260132,96.36106014251709,100.11323022842407,95.39160561561584,101.36344170570374,99.26241159439087,96.92485570907593
313,norm_max,QUANN_2c,12864,0.01,96.25563883781433,113.39100813865662,102.3703818321228,101.37253093719482,100.57282567024231,99.3180091381073,99.84170269966125,101.41492652893066,99.14314675331116,101.77068400382996,98.5953471660614
314,norm_max,QUANN_3c,17248,0.01,97.41849422454834,106.97642540931702,103.23674893379211,100.29920077323914,99.62763524055481,99.2246036529541,106.9666633605957,98.90990829467773,99.78154826164246,99.77732276916504,99.441086769104
315,row_max,QUANN_1,9584,0.0001,44.39882946014404,112.75582909584045,102.65008020401001,88.96026539802551,68.07367181777954,56.430447578430176,51.494003653526306,48.56293082237244,46.663461446762085,45.041696310043335,43.23819303512573
316,row_max,QUANN_2,10688,0.0001,41.36744409799576,108.0430281162262,79.31266736984253,60.820481300354004,53.92051291465759,50.13337063789368,47.522202014923096,45.35195732116699,43.48259997367859,41.85029137134552,40.42386257648468
317,row_max,QUANN_3,12896,0.0001,39.91683113574982,95.52467203140259,61.06686234474182,53.240455985069275,49.76096832752228,47.07434666156769,45.32835793495178,43.79330778121948,42.41982567310333,41.69957184791565,39.59562301635742
318,row_max,QUANN_1a,11696,0.0001,40.003589510917664,109.59438824653625,84.86883425712585,63.000775933265686,55.62429082393646,51.474751591682434,48.57906377315521,46.1252806186676,43.53090953826904,41.28044629096985,39.131136655807495
319,row_max,QUANN_2a,14912,0.0001,37.253964602947235,104.22436594963074,65.51300191879272,55.982046723365784,50.330118060112,45.8171728849411,42.68301844596863,40.605321407318115,39.01997470855713,37.63598716259003,36.70556712150574
320,row_max,QUANN_3a,21344,0.0001,37.53224515914917,85.1657075881958,57.81387007236481,50.082667112350464,46.494200348854065,43.17714512348175,41.533902287483215,40.20593595504761,38.71417057514191,37.57831406593323,36.64229613542557
321,row_max,QUANN_1c,10672,0.0001,41.06081295013428,110.67726063728333,94.18811321258545,72.18991696834564,59.007532238960266,52.62582445144653,48.98913288116455,46.078715324401855,43.787795186042786,41.800206661224365,40.4839072227478
322,row_max,QUANN_2c,12864,0.0001,39.669703125953674,94.08921098709106,61.91028618812561,53.89997458457947,49.893847942352295,46.924941182136536,45.617512226104736,42.971819281578064,41.44719195365906,40.04555678367615,38.733765602111816
323,row_max,QUANN_3c,17248,0.0001,36.38221997022629,61.59687852859497,51.757408142089844,47.84295606613159,45.65246629714966,43.66201889514923,41.872658133506775,40.08798825740814,38.5677250623703,37.15710747241974,35.988262474536896
324,row_max,QUANN_1,9584,0.0005,23.544208079576492,61.67779791355133,45.8422566652298,38.698776721954346,33.593427300453186,29.73246842622757,27.56950569152832,25.315814912319183,24.327019095420837,23.706820130348206,22.93617844581604
325,row_max,QUANN_2,10688,0.0005,22.985201716423035,52.18879520893097,44.26398837566376,39.50500202178955,35.20835888385773,31.320566833019257,29.77570539712906,26.26593679189682,25.294001638889313,23.441320598125458,22.02229741215706
326,row_max,QUANN_3,12896,0.0005,20.703134834766388,48.77632784843445,39.98026764392853,34.11558651924133,30.857969403266907,26.99268788099289,25.57199990749359,23.28872412443161,21.822456657886505,21.188722491264343,20.60207951068878
327,row_max,QUANN_1a,11696,0.0005,23.364309012889862,54.401270031929016,44.74251699447632,42.23514223098755,39.00830090045929,33.52502626180649,30.30334496498108,27.411976873874664,25.09778380393982,23.50957942008972,22.821605324745178
328,row_max,QUANN_2a,14912,0.0005,19.166626751422882,50.22791302204132,38.140307545661926,33.65955424308777,29.53822696208954,27.25108951330185,24.316480100154877,22.88731074333191,20.762378573417664,19.768966615200043,19.17162898182869
329,row_max,QUANN_3a,21344,0.0005,20.702524960041046,46.15593731403351,38.69706749916077,33.93840354681015,29.744348287582397,26.994890987873077,25.127638816833496,23.961345374584198,22.20078933238983,21.458057045936584,20.439001619815826
330,row_max,QUANN_1c,10672,0.0005,19.733924955129623,55.01209104061127,42.921955823898315,35.678950548172,30.064033567905426,25.665671825408936,23.32296097278595,21.750776648521423,20.3632053732872,19.329682052135468,19.055934727191925
331,row_max,QUANN_2c,12864,0.0005,20.091705679893494,50.685850739479065,42.044443130493164,37.58796751499176,32.42526489496231,28.510264933109283,25.767610788345337,23.676420629024506,22.222830712795258,21.68633332848549,20.026551842689514
332,row_max,QUANN_3c,17248,0.0005,18.978763163089752,47.4348247051239,41.03588151931763,32.66982251405716,28.57821899652481,24.862005710601807,24.090565860271454,25.040890157222748,20.689536303281784,19.711934864521027,18.981232583522797
333,row_max,QUANN_1,9584,0.001,19.067356765270233,48.88490569591522,37.16417574882507,30.254112780094147,26.450088918209076,24.87265318632126,23.075994729995728,21.67360234260559,20.243616938591003,19.3546923995018,18.69771960377693
334,row_max,QUANN_2,10688,0.001,17.57821673154831,44.194403409957886,34.613753497600555,28.275474846363068,24.545560777187347,23.361680030822754,20.927019208669662,20.848759829998016,19.35952389240265,18.343927204608917,17.937241971492767
335,row_max,QUANN_3,12896,0.001,16.45340606570244,44.75549840927124,33.31653982400894,27.387801229953766,22.970307409763336,22.732636868953705,19.75260218977928,18.640722692012787,18.091211944818497,17.39764630794525,16.04730787873268
336,row_max,QUANN_1a,11696,0.001,17.279505878686905,48.09980094432831,36.30490416288376,29.570938289165497,25.6408514380455,22.796620666980743,20.915122091770172,19.289662063121796,18.948465645313263,18.53901293873787,17.305809289216995
337,row_max,QUANN_2a,14912,0.001,15.756914168596268,44.75717771053314,34.12888067960739,27.72249126434326,22.589849531650543,19.780993282794952,18.44584709405899,17.732024163007736,16.924005836248398,16.795179098844528,15.751488029956818
338,row_max,QUANN_3a,21344,0.001,15.63486099243164,38.39131736755371,28.981940627098083,24.255783081054688,23.78278076648712,21.326008021831512,18.92539882659912,17.563497573137283,16.565361231565475,16.384234219789505,15.486309677362442
339,row_max,QUANN_1c,10672,0.001,16.97008726000786,45.27591288089752,33.950143814086914,26.210393488407135,22.9514240026474,21.120698273181915,19.954731702804565,18.947554290294647,18.725204646587372,18.11581438779831,16.780343860387802
340,row_max,QUANN_2c,12864,0.001,16.69014871120453,43.91438055038452,34.088755428791046,27.41020119190216,23.765612721443176,24.340684473514557,20.228505581617355,18.8670437335968,18.30258822441101,17.347725749015808,16.648120403289795
341,row_max,QUANN_3c,17248,0.001,16.40864047408104,40.429861664772034,29.588393926620483,24.387318074703217,21.33474099636078,19.416136652231216,18.888552576303482,18.478471159934998,17.482447564601898,16.49283069372177,16.261625587940216
342,row_max,QUANN_1,9584,0.005,13.458919644355774,44.13641655445099,22.302814304828644,19.239972829818726,16.325837403535843,15.362390637397766,15.457638531923294,14.96248134970665,14.455423176288605,12.963244438171387,13.719715356826782
343,row_max,QUANN_2,10688,0.005,12.895180344581604,38.53562593460083,21.597534716129303,19.292017072439194,15.424992889165878,15.000420659780502,13.887144207954407,13.939891964197159,13.26896020770073,13.888853579759598,12.568659633398056
344,row_max,QUANN_3,12896,0.005,13.733975857496262,34.064620554447174,20.449875444173813,18.457086890935898,16.15533870458603,14.758578091859818,13.735088527202606,13.126880496740341,13.946684777736664,13.074089735746384,13.187594503164291
345,row_max,QUANN_1a,11696,0.005,13.843090325593948,34.94240206480026,23.231495082378387,17.96070545911789,17.27313819527626,15.278360694646835,14.057542115449905,14.318025350570679,13.49110358953476,14.044791132211685,13.734797209501266
346,row_max,QUANN_2a,14912,0.005,12.68848267197609,31.406844079494476,19.63649946451187,16.7697371840477,13.853786408901215,13.684066444635391,13.271875470876694,12.675096601247787,12.652611047029495,12.776321858167648,12.333809822797775
347,row_max,QUANN_3a,21344,0.005,12.237637370824814,29.667056441307068,17.391342848539352,15.98490497469902,16.174795627593994,15.028653383255005,13.691676408052444,12.648653388023376,13.242730915546417,12.515306502580643,12.428395688533783
348,row_max,QUANN_1c,10672,0.005,12.76317274570465,32.886457681655884,19.58674657344818,17.433552086353302,16.317904353141785,15.032803565263748,13.851950347423553,13.774121642112732,14.348715364933014,13.581005960702896,12.68344596028328
349,row_max,QUANN_2c,12864,0.005,12.725169584155083,28.73886603116989,19.395496487617493,15.226802468299866,13.992624789476395,13.859602332115173,13.488025963306427,12.60998746752739,12.895903468132019,12.852053135633469,12.530206680297852
350,row_max,QUANN_3c,17248,0.005,15.604555577039719,28.467958688735962,17.846279978752136,17.451506406068802,13.99455612897873,14.892079919576645,13.142832964658737,12.767786920070648,12.369263291358948,12.464536339044571,15.767936199903488
351,row_max,QUANN_1,9584,0.01,14.596948355436325,31.8728187084198,20.363807439804077,18.010907292366028,16.999758899211884,19.332345485687256,15.989818543195724,15.224323719739914,16.198001354932785,14.603102594614029,14.249691903591156
352,row_max,QUANN_2,10688,0.01,13.744682669639587,31.305688619613647,22.81974232196808,23.044497847557068,15.358575999736786,15.495835572481155,14.344524830579758,15.500954926013947,14.097649723291397,15.80629026889801,13.7727772295475
353,row_max,QUANN_3,12896,0.01,14.403543382883072,27.166218519210815,23.69578182697296,15.992506355047226,15.948842257261276,13.72236481308937,14.22157633304596,14.288142561912537,13.170894145965576,13.294628947973251,14.260927706956863
354,row_max,QUANN_1a,11696,0.01,14.717522874474525,35.46530097723007,18.830894112586975,18.25193503499031,15.658921360969543,17.979432463645935,14.99275466799736,16.077653020620346,15.085653513669968,16.61417031288147,14.657016217708588
355,row_max,QUANN_2a,14912,0.01,14.489704936742783,41.357199013233185,24.91912692785263,20.765916645526886,17.418297171592712,17.808682829141617,15.751955360174179,16.239704489707947,15.758902996778488,14.56097686290741,14.369642525911331
356,row_max,QUANN_3a,21344,0.01,13.21642741560936,28.310998558998108,17.82150200009346,15.35855433344841,16.535480499267578,13.935651272535324,14.220274239778519,13.941102474927902,15.83811840415001,13.754153162240982,13.215945273637772
357,row_max,QUANN_1c,10672,0.01,14.101125240325928,32.912376046180725,23.731161534786224,19.665828496217728,25.97184455394745,15.799091160297394,16.010142922401428,14.729212135076523,14.34175968170166,14.59717282652855,13.776500284671783
358,row_max,QUANN_2c,12864,0.01,15.399834513664246,39.741957008838654,22.63812655210495,21.765973329544067,18.838547557592392,16.580582976341248,14.492809057235718,17.659278631210327,14.62779113650322,14.883778631687164,15.097634643316269
359,row_max,QUANN_3c,17248,0.01,15.325508952140808,29.491958737373352,19.86019653081894,20.71790450811386,16.507917791604996,14.907893896102905,14.364179760217667,14.314809530973434,13.976857215166092,15.798643678426743,15.412445336580276
360,variance,QUANN_1,9584,0.0001,352.8971791267395,1273.3886184692383,1165.4130554199219,1108.0193977355957,993.8357620239258,771.2263040542603,587.8856716156006,475.22578716278076,420.8041694164276,383.95550298690796,365.3558750152588
361,variance,QUANN_2,10688,0.0001,362.96434450149536,1277.3313903808594,1007.7096004486084,742.2510032653809,595.5486288070679,536.0677299499512,493.28216648101807,451.5084171295166,418.99302768707275,394.97935342788696,376.21160221099854
362,variance,QUANN_3,12896,0.0001,247.685688495636,979.3281288146973,668.8082695007324,521.2044696807861,427.67179441452026,363.8213891983032,324.6258828639984,306.43958282470703,299.36260986328125,291.62093448638916,275.46556758880615
363,variance,QUANN_1a,11696,0.0001,361.33915853500366,1247.3749713897705,1046.2123413085938,789.8955755233765,629.8120784759521,562.7304258346558,512.6085348129272,492.4205541610718,461.6121597290039,433.20797300338745,406.99873876571655
364,variance,QUANN_2a,14912,0.0001,251.02568554878235,1171.4946422576904,769.6348686218262,596.8929805755615,479.94501972198486,401.8753123283386,359.292932510376,316.89604663848877,313.35754203796387,279.49785590171814,271.30750250816345
365,variance,QUANN_3a,21344,0.0001,133.19633328914642,868.8966493606567,587.4099445343018,425.2261881828308,317.0403718948364,262.33465099334717,229.04525923728943,197.84502243995667,175.40145182609558,154.5473051071167,151.0449149608612
366,variance,QUANN_1c,10672,0.0001,330.1574649810791,1234.332571029663,1083.3927059173584,904.5876665115356,729.3153457641602,588.883508682251,496.16982316970825,436.60961627960205,400.14850425720215,376.52764987945557,361.845778465271
367,variance,QUANN_2c,12864,0.0001,247.28176879882812,1025.5851249694824,675.6591081619263,533.8968887329102,459.17702293395996,395.6909604072571,356.684645652771,315.1604082584381,305.06172037124634,276.1139566898346,261.7199659347534
368,variance,QUANN_3c,17248,0.0001,203.6157829761505,664.4027729034424,491.2137780189514,393.37690234184265,331.61073637008667,301.2769265174866,271.1235542297363,259.5197288990021,247.85717678070068,235.75975275039673,234.8804371356964
369,variance,QUANN_1,9584,0.0005,186.35463857650757,791.98397397995,390.6001081466675,350.8904826641083,311.2119560241699,299.7823781967163,283.4098906517029,267.97724962234497,235.08880352973938,221.30532026290894,202.7460277080536
370,variance,QUANN_2,10688,0.0005,254.87451457977295,606.6323204040527,374.4845943450928,348.91102933883667,329.0910334587097,319.5167393684387,289.7861976623535,283.0561647415161,250.71718454360962,257.7787606716156,277.50644159317017
371,variance,QUANN_3,12896,0.0005,77.78999191522598,534.385235786438,429.1315336227417,314.4311828613281,254.39046001434326,247.96235704421997,173.9329469203949,137.14420235157013,119.19488978385925,107.43252694606781,91.05348539352417
372,variance,QUANN_1a,11696,0.0005,66.53929096460342,646.8343191146851,459.27503728866577,312.23376655578613,220.53272080421448,127.1717164516449,111.27077829837799,118.3755578994751,89.54721689224243,89.96884733438492,77.57711708545685
373,variance,QUANN_2a,14912,0.0005,59.19831711053848,416.431312084198,285.0864329338074,249.79960250854492,201.14779949188232,159.0731898546219,117.83691263198853,116.83578538894653,92.37750190496445,82.90075314044952,67.88033086061478
374,variance,QUANN_3a,21344,0.0005,46.01023805141449,425.03832626342773,231.92936658859253,156.86566376686096,121.83400702476501,88.00968968868256,69.9684020280838,71.70100712776184,62.11859047412872,60.1768102645874,53.02208453416824
375,variance,QUANN_1c,10672,0.0005,65.20029085874557,671.1176605224609,417.5730104446411,320.30764985084534,280.3017864227295,202.93137001991272,170.57690048217773,131.85719895362854,112.96033811569214,90.02928555011749,80.59564709663391
376,variance,QUANN_2c,12864,0.0005,101.65016639232635,389.2712411880493,297.86984157562256,266.05836963653564,236.44666481018066,244.4300730228424,238.79209280014038,243.97158670425415,170.8926384449005,127.93109273910522,109.93967378139496
377,variance,QUANN_3c,17248,0.0005,52.39450532197952,381.94979214668274,281.070228099823,213.68105959892273,140.63896811008453,104.02059578895569,92.5765153169632,85.819167137146,64.49100482463837,70.55753433704376,62.43165671825409
378,variance,QUANN_1,9584,0.001,101.36827039718628,472.9620065689087,355.03325748443604,307.8020188808441,260.29042530059814,254.42186331748962,180.99271273612976,153.3324854373932,141.1777482032776,132.27878332138062,117.5686383843422
379,variance,QUANN_2,10688,0.001,59.43634808063507,433.31776905059814,352.0659513473511,272.41648840904236,199.7831084728241,163.69446551799774,112.99867856502533,146.09294962882996,87.13197839260101,100.0091518163681,75.18273890018463
380,variance,QUANN_3,12896,0.001,58.893921852111816,394.7082395553589,379.0666313171387,213.92724585533142,127.62160396575928,89.05665928125381,74.96387004852295,74.51463556289673,63.804115414619446,105.62028920650482,62.22728228569031
381,variance,QUANN_1a,11696,0.001,48.07194113731384,516.576268196106,323.6883029937744,277.13488721847534,227.9550015926361,123.8614890575409,96.52047026157379,88.70623099803925,79.83989655971527,63.59858858585358,60.17151474952698
382,variance,QUANN_2a,14912,0.001,52.44853353500366,317.4354956150055,188.92007398605347,118.19171392917633,89.11473417282104,77.5757600069046,99.99960374832153,69.04934877157211,69.60263693332672,69.72948336601257,59.07460242509842
383,variance,QUANN_3a,21344,0.001,46.127894163131714,261.10892152786255,134.31227660179138,110.09553050994873,66.00371634960175,56.95620954036713,63.93335998058319,49.85629063844681,64.19146054983139,49.28913867473602,57.05394583940506
384,variance,QUANN_1c,10672,0.001,103.18223929405212,393.63229513168335,328.0764784812927,245.85573863983154,194.98525142669678,171.23333859443665,143.39152455329895,128.5550456047058,118.45206367969513,106.89759302139282,113.83120638132095
385,variance,QUANN_2c,12864,0.001,57.628574311733246,398.6820983886719,282.88069677352905,200.16279673576355,121.86674678325653,97.53113794326782,83.21230107545853,91.97078835964203,90.21971583366394,70.78556114435196,66.05245912075043
386,variance,QUANN_3c,17248,0.001,47.11065500974655,314.1419155597687,215.8170576095581,164.3180878162384,86.07244062423706,80.47645103931427,59.80894309282303,58.00155693292618,66.15525960922241,51.77462691068649,48.2559711933136
387,variance,QUANN_1,9584,0.005,63.55469501018524,390.9795255661011,713.4507808685303,239.48739218711853,124.35707545280457,141.21183896064758,81.62598979473114,73.92245543003082,83.06454193592072,63.55297887325287,74.54786145687103
388,variance,QUANN_2,10688,0.005,66.89953237771988,417.9866976737976,367.4696698188782,122.90189266204834,89.19482982158661,90.94130837917328,62.41701763868332,75.47527921199799,56.06353211402893,78.18018460273743,71.4627103805542
389,variance,QUANN_3,12896,0.005,53.902602314949036,315.61144065856934,153.26181077957153,68.60090041160583,61.30586975812912,105.14037537574768,55.3504399061203,55.385174453258514,65.60776376724243,72.39594721794128,63.132397413253784
390,variance,QUANN_1a,11696,0.005,66.94163060188293,464.0106291770935,235.0324423313141,186.896888256073,128.08291959762573,127.05832624435425,116.97295844554901,70.05389869213104,65.06882536411285,90.18938624858856,75.00301587581635
391,variance,QUANN_2a,14912,0.005,63.15017944574356,361.6170868873596,130.70804119110107,62.104705929756165,82.34591603279114,126.50446486473083,77.24629366397858,58.74504512548447,52.52990537881851,55.89905095100403,67.49819648265839
392,variance,QUANN_3a,21344,0.005,47.741722762584686,368.1565089225769,68.34757816791534,81.31472980976105,82.48601698875427,72.71199119091034,55.74218910932541,63.960689187049866,65.79320496320724,50.19823461771011,58.463718473911285
393,variance,QUANN_1c,10672,0.005,53.14710819721222,370.8241114616394,300.80146741867065,123.83111190795898,83.4182493686676,57.984185218811035,74.72098863124847,66.45423913002014,53.501643002033234,51.26259422302246,54.77931183576584
394,variance,QUANN_2c,12864,0.005,60.10862684249878,406.96016216278076,112.61124324798584,65.49345457553864,64.57203495502472,53.08250880241394,55.03404575586319,46.556941986083984,54.91695165634155,47.35236608982086,65.98313856124878
395,variance,QUANN_3c,17248,0.005,42.54733669757843,352.8278932571411,163.60872960090637,84.42233490943909,62.22925764322281,60.1586252450943,117.513263463974,50.736001670360565,63.92868423461914,52.98121786117554,46.333847641944885
396,variance,QUANN_1,9584,0.01,81.31536877155304,400.7029538154602,279.4345374107361,139.30834293365479,107.96320736408234,76.43264961242676,101.13163900375366,71.5857093334198,93.6770122051239,78.86858570575714,86.94861245155334
397,variance,QUANN_2,10688,0.01,52.062983334064484,351.29255533218384,278.5012412071228,104.79748213291168,104.16277992725372,86.51064717769623,77.32244789600372,100.59191524982452,77.39753198623657,54.75116854906082,57.19326829910278
398,variance,QUANN_3,12896,0.01,83.94873368740082,332.53369426727295,87.03719818592072,75.5975604057312,82.85282361507416,59.53606963157654,55.02985405921936,57.65585482120514,65.59932112693787,53.90688693523407,95.23115003108978
399,variance,QUANN_1a,11696,0.01,74.24033498764038,384.8429625034332,262.69280529022217,207.8988115787506,209.66601526737213,123.13301873207092,107.43232023715973,115.37083446979523,99.68028104305267,98.64788782596588,81.30507302284241
400,variance,QUANN_2a,14912,0.01,43.2531995177269,280.32316398620605,130.59196734428406,93.43274223804474,59.64505898952484,110.2558102607727,53.576348543167114,111.97684228420258,63.70625984668732,48.98310303688049,47.20816695690155
401,variance,QUANN_3a,21344,0.01,54.69757604598999,631.6091194152832,172.97011065483093,116.66082608699799,129.24669432640076,84.32983088493347,85.06735622882843,81.68263077735901,58.260321617126465,51.570407807826996,58.52665573358536
402,variance,QUANN_1c,10672,0.01,52.45409965515137,405.5354323387146,309.9567303657532,170.2472014427185,115.2130959033966,167.55408430099487,79.986601293087,79.41216349601746,85.09796237945557,70.46685695648193,66.3749647140503
403,variance,QUANN_2c,12864,0.01,86.1912692785263,411.86283683776855,604.479320526123,241.22399282455444,185.9304437637329,161.36345911026,116.03521627187729,122.4443393945694,97.90478765964508,81.66370314359665,103.16306579113007
404,variance,QUANN_3c,17248,0.01,244.60158705711365,419.2460460662842,549.3049564361572,105.33175051212311,106.02901709079742,157.9843773841858,66.69887518882751,78.21288049221039,639.381513595581,316.1863250732422,272.1561207771301
405,skewness,QUANN_1,9584,0.0001,0.0272075908142142,0.030638573691248894,0.029131271468941122,0.02863158698892221,0.028406834608176723,0.028270807291846722,0.028183844726299867,0.028110516199376434,0.02809058947605081,0.02805926534347236,0.028019926277920604
406,skewness,QUANN_2,10688,0.0001,0.027226238453295082,0.03034663706785068,0.029001600720221177,0.028539398597786203,0.02834947794326581,0.028236936894245446,0.028147176519269124,0.028106520476285368,0.02805867762072012,0.028027378750266507,0.028033959184540436
407,skewness,QUANN_3,12896,0.0001,0.0271782775525935,0.03003314638044685,0.02888260973850265,0.02848752128193155,0.028325517399935052,0.02822375058894977,0.028150586207630113,0.02810689661419019,0.02808858803473413,0.02804666868178174,0.02802792051807046
408,skewness,QUANN_1a,11696,0.0001,0.02718284394359216,0.030174661718774587,0.02883904497139156,0.028439330664696172,0.028269837755942717,0.028200070781167597,0.028122689167503268,0.02806575215072371,0.028049006883520633,0.028023379942169413,0.02802257490111515
409,skewness,QUANN_2a,14912,0.0001,0.02722925881971605,0.030278913327492774,0.02907210076227784,0.028688088583294302,0.028433370782295242,0.028306416585110128,0.028238269995199516,0.02816173853352666,0.02808906714199111,0.028055082104401663,0.028073269233573228
410,skewness,QUANN_3a,21344,0.0001,0.027212362823775038,0.029895676154410467,0.02883214590838179,0.028422496397979558,0.028296910517383367,0.02820235921535641,0.028125512559199706,0.028090762003557757,0.028083897195756435,0.028036882693413645,0.02802311966661364
411,skewness,QUANN_1c,10672,0.0001,0.027223096054513007,0.030456475738901645,0.02902919432381168,0.02855188582907431,0.02833099357667379,0.028204535075929016,0.028151366190286353,0.028076326270820573,0.028040876262821257,0.02802839013747871,0.028009249275783077
412,skewness,QUANN_2c,12864,0.0001,0.02716269646771252,0.029802161909174174,0.028739102446706966,0.028461190493544564,0.028264624590519816,0.02819959234329872,0.028133752348367125,0.028111465246183798,0.02808920165989548,0.028037311742082238,0.028033491427777335
413,skewness,QUANN_3c,17248,0.0001,0.027176111238077283,0.030105578538496047,0.02891436539357528,0.028512216929811984,0.028320239100139588,0.02821845468133688,0.028137306944699958,0.028090323379728943,0.028042140242177993,0.028053628921043128,0.02802968697506003
414,skewness,QUANN_1,9584,0.0005,0.027110080001875758,0.028377012175042182,0.028142462484538555,0.028034814720740542,0.027995182492304593,0.027956665930105373,0.027946368441917002,0.027984246495179832,0.027964769979007542,0.027940111089264974,0.027952501113759354
415,skewness,QUANN_2,10688,0.0005,0.027115004253573716,0.028239335340913385,0.028105378238251433,0.028080833406420425,0.02799466432770714,0.02803047010092996,0.027979796373983845,0.028017994889523834,0.02796473298803903,0.02791998302564025,0.02793801881489344
416,skewness,QUANN_3,12896,0.0005,0.027137969416799024,0.02825492064584978,0.028041051322361454,0.027995080687105656,0.027940480678807944,0.027964050183072686,0.02798834620625712,0.02796941259293817,0.0279619260400068,0.027951327705523,0.0279433554969728
417,skewness,QUANN_1a,11696,0.0005,0.027128262328915298,0.02820785332005471,0.02817281722673215,0.027973604621365666,0.02798858832102269,0.028000865830108523,0.027970969444140792,0.027978523197816685,0.02797047491185367,0.027973510674200952,0.02799756612512283
418,skewness,QUANN_2a,14912,0.0005,0.0271677699056454,0.028388021979480982,0.02819013176485896,0.028070340224076062,0.02804775140248239,0.027987260546069592,0.027955673052929342,0.028028352971887216,0.027914986538235098,0.027972790645435452,0.027934666199143976
419,skewness,QUANN_3a,21344,0.0005,0.02714987681247294,0.028231368836713955,0.02810451469849795,0.0280368963140063,0.02802162111038342,0.02803153666900471,0.02804586081765592,0.027999804995488375,0.027990045229671523,0.028006967826513574,0.027992351533612236
420,skewness,QUANN_1c,10672,0.0005,0.027125545748276636,0.028293545881751925,0.028054950846126303,0.027993975818390027,0.028006602922687307,0.02798790534143336,0.02797581345657818,0.027955321391345933,0.027972900890745223,0.027938931627431884,0.027975352975772694
421,skewness,QUANN_2c,12864,0.0005,0.027127016859594733,0.028384674224071205,0.028108075144700706,0.028022895101457834,0.027988781686872244,0.027992974122753367,0.027992074319627136,0.02801705783349462,0.027998765785014257,0.027969581598881632,0.027994026080705225
422,skewness,QUANN_3c,17248,0.0005,0.02717348502483219,0.02832763473270461,0.028127446392318234,0.02805290839751251,0.02803926166961901,0.0280856141471304,0.0280384499928914,0.02795533003518358,0.027956035686656833,0.027979781560134143,0.028059583710273728
423,skewness,QUANN_1,9584,0.001,0.02719301506294869,0.028142341325292364,0.028038072254275903,0.02799093959038146,0.027970053226454183,0.02790691438713111,0.02796154032694176,0.02796898959786631,0.027986793807940558,0.02802332569262944,0.02796313096769154
424,skewness,QUANN_2,10688,0.001,0.02704955858644098,0.028105942881666124,0.028134593943832442,0.027991666313027963,0.02801995907793753,0.02798810988315381,0.027988615474896505,0.027954557357588783,0.02789508886053227,0.027897484978893772,0.027921778295421973
425,skewness,QUANN_3,12896,0.001,0.027157850156072527,0.02812524509499781,0.02812488906783983,0.028084329329431057,0.02810732609941624,0.027996453980449587,0.027947229624260217,0.028003752027871087,0.02801578980870545,0.028016825497616082,0.02795903876540251
426,skewness,QUANN_1a,11696,0.001,0.02711598083260469,0.028183550311950967,0.028030699060764164,0.028077429480617866,0.028012008900986984,0.028015308285830542,0.02802094758953899,0.02803110974491574,0.028008384950226173,0.027959068975178525,0.027918522711843252
427,skewness,QUANN_2a,14912,0.001,0.027149327332153916,0.028163282258901745,0.0281050467165187,0.028068571380572394,0.02799282397609204,0.028036407835315913,0.02798895791056566,0.027952970354817808,0.027948793314862996,0.027949692506808788,0.027957327285548672
428,skewness,QUANN_3a,21344,0.001,0.02707954664947465,0.028101881471229717,0.02797568717505783,0.027961106650764123,0.028005789790768176,0.027970219001872465,0.027956683101365343,0.027964630047790706,0.027914806472836062,0.027893893391592428,0.02789191936608404
429,skewness,QUANN_1c,10672,0.001,0.027045939583331347,0.02809993750997819,0.02791142900241539,0.02797649020794779,0.027946025802521035,0.027920019085286185,0.02797303383704275,0.027933285833569244,0.02791199117200449,0.027909970085602254,0.02788720410899259
430,skewness,QUANN_2c,12864,0.001,0.02703894767910242,0.02818239273619838,0.028079024981707335,0.028044171776855364,0.027981528954114765,0.0280136646470055,0.027968909504124895,0.02795250783674419,0.027904759539524093,0.027891808102140203,0.027911964687518775
431,skewness,QUANN_3c,17248,0.001,0.027048580814152956,0.028129551967140287,0.02805215324042365,0.028066548984497786,0.028006099368212745,0.02799205936025828,0.02794787019956857,0.02794431062648073,0.027933045872487128,0.0279280872491654,0.02795209491159767
432,skewness,QUANN_1,9584,0.005,0.027091531024780124,0.027916091989027336,0.02789335517445579,0.027931347693083808,0.027896635176148266,0.027866028161952272,0.027940683969063684,0.027925386326387525,0.027956246078247204,0.027909002878004685,0.02787746023386717
433,skewness,QUANN_2,10688,0.005,0.027157434029504657,0.02791829899069853,0.027867918455740437,0.0279103311477229,0.02791619673371315,0.027904936257982627,0.027908963384106755,0.028001623548334464,0.02791929995873943,0.027963267115410417,0.027896724437596276
434,skewness,QUANN_3,12896,0.005,0.027090260002296418,0.028010609734337777,0.027877823711605743,0.027878141263499856,0.02796897347434424,0.02789156316430308,0.02790431451285258,0.027890751021914184,0.02788989950204268,0.027906457835342735,0.027922842447878793
435,skewness,QUANN_1a,11696,0.005,0.027064439287642017,0.02801065144012682,0.027911325363675132,0.027900331828277558,0.0279424857289996,0.027952397271292284,0.027976573910564184,0.02798181146499701,0.02792855812003836,0.02801942834048532,0.027940427244175225
436,skewness,QUANN_2a,14912,0.005,0.027104505861643702,0.027944180852500722,0.0278857612865977,0.02798007763340138,0.027924644673475996,0.02793647738872096,0.027896341372979805,0.027921547094592825,0.027908865420613438,0.0279215851041954,0.02795355737907812
437,skewness,QUANN_3a,21344,0.005,0.02717741852393374,0.027934122597798705,0.027927390416152775,0.02788976504234597,0.0278726838005241,0.0279512811684981,0.02790470060426742,0.027894632308743894,0.028039463300956413,0.027938720624661073,0.027929742267588153
438,skewness,QUANN_1c,10672,0.005,0.02705773033085279,0.02798047414398752,0.027900061948457733,0.027908657706575468,0.027943947265157476,0.027975601435173303,0.027891197707504034,0.027877951477421448,0.02793941245181486,0.027968814014457166,0.027911940007470548
439,skewness,QUANN_2c,12864,0.005,0.0271366054948885,0.02790463890414685,0.027957947633694857,0.027880570094566792,0.027934215002460405,0.027892738638911396,0.027922165143536404,0.027938388142501935,0.02788104017963633,0.027939928259002045,0.027917766681639478
440,skewness,QUANN_3c,17248,0.005,0.027108101698104292,0.028076958493329585,0.027900807675905526,0.027868882578331977,0.02796883910195902,0.02792001486523077,0.0279213574831374,0.027894697996089235,0.027903707668883726,0.027881931309821084,0.027880204957909882
441,skewness,QUANN_1,9584,0.01,0.02708201840869151,0.027983085543382913,0.027937315637245774,0.02796469716122374,0.028022195037920028,0.027999941172311082,0.02799557408434339,0.028027620661305264,0.027950897987466305,0.027898969128727913,0.027996633987640962
442,skewness,QUANN_2,10688,0.01,0.02716861985391006,0.027904082380700856,0.028038456715876237,0.027944358385866508,0.027919346728594974,0.027948865201324224,0.02796584230964072,0.0280492851161398,0.027993004390737042,0.02799306536326185,0.027989566151518375
443,skewness,QUANN_3,12896,0.01,0.02708794770296663,0.02797344166901894,0.027910966920899227,0.02793201510212384,0.028035074472427368,0.027976981742540374,0.027947882568696514,0.027973223419394344,0.027929456991842017,0.027960475243162364,0.02788680515368469
444,skewness,QUANN_1a,11696,0.01,0.02722696866840124,0.027899224631255493,0.02792349041556008,0.0279587009572424,0.027994960197247565,0.027972358162514865,0.028074366768123582,0.028078483941499144,0.027900462941033766,0.027925820992095396,0.028033005248289555
445,skewness,QUANN_2a,14912,0.01,0.027263394207693636,0.02792190873879008,0.028023032180499285,0.027955160738201812,0.02800613292492926,0.027963516680756584,0.027931401215028018,0.02796577275148593,0.027996309188893065,0.028144069539848715,0.02804159591323696
446,skewness,QUANN_3a,21344,0.01,0.02712039859034121,0.027909123862627894,0.028010885405819863,0.027981328079476953,0.02798774029361084,0.027987544890493155,0.028095692017814144,0.02796788391424343,0.027951046329690143,0.027968137990683317,0.028011560789309442
447,skewness,QUANN_1c,10672,0.01,0.027187617524759844,0.027944741974351928,0.027923932124394923,0.027959000231930986,0.028043950180290267,0.027923097513848916,0.027920047927182168,0.027899161708774045,0.028033523325575516,0.02805004341644235,0.02804797817952931
448,skewness,QUANN_2c,12864,0.01,0.027119245321955532,0.02794807040481828,0.027909138763789088,0.027933383214985952,0.027966389956418425,0.02792733212118037,0.028000600286759436,0.02806667221011594,0.027936373109696433,0.02804253064095974,0.027929026953643188
449,skewness,QUANN_3c,17248,0.01,7.629509434103966,0.028045483806636184,0.028050446941051632,0.02801324235042557,0.027926421083975583,0.028004728897940367,0.02787941711721942,0.028057360788807273,0.02794256166089326,23.694449631497264,0.4246148858219385
