,Aggregator,Model,Parameters,Learning rate,Test loss,Eval loss 1,Eval loss 2,Eval loss 3,Eval loss 4,Eval loss 5,Eval loss 6,Eval loss 7,Eval loss 8,Eval loss 9,Eval loss 10
0,L2_medoid,QUANN_1,9584,0.0001,22.17984640598297,41.40839731693268,34.22837275266647,29.831863462924957,27.507022500038147,26.035970330238342,24.827626824378967,23.989880442619324,23.29504144191742,22.751816987991333,22.343551576137543
1,L2_medoid,QUANN_2,10688,0.0001,23.52169644832611,41.81235146522522,34.409678280353546,29.69966161251068,27.534223914146423,25.81735372543335,24.82929676771164,24.284066140651703,24.031221628189087,23.96417111158371,23.882897913455963
2,L2_medoid,QUANN_3,12896,0.0001,23.030873596668243,41.8639395236969,34.95599168539047,30.10120850801468,27.52821636199951,25.814538180828094,24.651439607143402,23.962470829486847,23.654892563819885,23.45759606361389,23.13034701347351
3,L2_medoid,QUANN_1a,11696,0.0001,22.109569191932678,41.44950449466705,34.90438395738602,30.2329723238945,27.97152978181839,26.68220967054367,25.632692337036133,24.711233139038086,23.846545040607452,23.01411944627762,22.356657207012177
4,L2_medoid,QUANN_2a,14912,0.0001,22.18389993906021,41.53769910335541,34.37141788005829,29.49964028596878,26.947875142097473,25.43724399805069,24.533814430236816,23.81595242023468,23.08598428964615,22.386279046535492,22.060220420360565
5,L2_medoid,QUANN_3a,21344,0.0001,22.62328040599823,41.617663621902466,34.28781443834305,29.802686750888824,27.337794542312622,25.922233283519745,25.009180009365082,24.31718510389328,23.651688635349274,23.099328219890594,22.661197423934937
6,L2_medoid,QUANN_1c,10672,0.0001,22.340708792209625,41.50199818611145,34.73411762714386,30.24254220724106,27.55618989467621,25.8322696685791,24.445734083652496,23.552199065685272,22.932644426822662,22.45778727531433,22.321850776672363
7,L2_medoid,QUANN_2c,12864,0.0001,22.253341138362885,41.895442724227905,34.52911615371704,29.58067399263382,27.280064404010773,25.960171580314636,25.102994441986084,24.266723036766052,23.445908188819885,22.66436380147934,22.212031662464142
8,L2_medoid,QUANN_3c,17248,0.0001,23.47260969877243,41.31369137763977,34.227233827114105,30.351544499397278,28.145536601543427,26.781044900417328,25.830772936344147,25.057782232761383,24.308264553546906,23.70180433988571,23.29365086555481
9,L2_medoid,QUANN_1,9584,0.0005,17.376446813344955,26.884525299072266,22.929005801677704,22.023466527462006,21.706566095352173,21.283291339874268,20.361622214317322,19.12397661805153,18.174189805984497,17.692291975021362,17.376161634922028
10,L2_medoid,QUANN_2,10688,0.0005,17.39387446641922,25.793936550617218,22.339838206768036,22.090733289718628,21.90583026409149,21.344333827495575,20.17258757352829,19.08586695790291,18.42319792509079,17.866331785917282,17.610746681690216
11,L2_medoid,QUANN_3,12896,0.0005,17.182251930236816,26.53494906425476,23.522548139095306,22.442105412483215,20.264072090387344,19.446245074272156,18.6669724881649,18.06703820824623,17.815135836601257,17.545879900455475,17.396458357572556
12,L2_medoid,QUANN_1a,11696,0.0005,17.15930300951004,26.24726378917694,22.507908523082733,21.970213055610657,21.339211404323578,19.669106602668762,18.69074147939682,18.131609082221985,17.752131789922714,17.589815497398376,17.46662527322769
13,L2_medoid,QUANN_2a,14912,0.0005,16.950099647045135,26.01751881837845,22.086765587329865,20.77926629781723,19.696695655584335,18.93481057882309,18.353819966316223,17.95583462715149,17.699700623750687,17.518040418624878,17.386590510606766
14,L2_medoid,QUANN_3a,21344,0.0005,16.600518614053726,27.35145616531372,23.156145811080933,20.33042424917221,19.10539984703064,18.343181163072586,17.828393906354904,17.502946943044662,17.26812183856964,17.1432041823864,17.014958053827286
15,L2_medoid,QUANN_1c,10672,0.0005,17.23428574204445,24.901889383792877,22.36927902698517,21.88495707511902,21.32030612230301,20.32716143131256,19.56125122308731,18.854397356510162,18.2475888133049,17.76997870206833,17.45746710896492
16,L2_medoid,QUANN_2c,12864,0.0005,17.003557354211807,25.874127626419067,23.24817579984665,21.846847116947174,21.00911831855774,19.71768680214882,18.85313853621483,18.24073162674904,17.850051254034042,17.66314309835434,17.427905440330505
17,L2_medoid,QUANN_3c,17248,0.0005,17.430137246847153,28.264105200767517,23.388603627681732,21.657407104969025,19.986302733421326,19.148214876651764,18.533058881759644,18.083672434091568,17.894833385944366,17.63387843966484,17.59891051054001
18,L2_medoid,QUANN_1,9584,0.001,16.55569252371788,24.61863613128662,21.39545625448227,19.290586680173874,18.124875605106354,17.666265785694122,17.410343676805496,17.338492423295975,17.27603104710579,17.262765556573868,17.205748558044434
19,L2_medoid,QUANN_2,10688,0.001,16.730974465608597,23.388477861881256,20.86655557155609,18.961670011281967,17.898311734199524,17.564270794391632,17.397451907396317,17.168920308351517,17.181118309497833,17.060830146074295,17.00540989637375
20,L2_medoid,QUANN_3,12896,0.001,16.58830016851425,23.31216597557068,20.955852329730988,18.776545524597168,17.56520488858223,17.358118951320648,17.190352976322174,16.92780300974846,16.952689230442047,16.859718799591064,16.806229680776596
21,L2_medoid,QUANN_1a,11696,0.001,16.476056307554245,23.520452916622162,20.08171308040619,18.345614582300186,17.70007374882698,17.372402399778366,17.14090606570244,17.072402954101562,17.046921104192734,16.894222497940063,16.926939338445663
22,L2_medoid,QUANN_2a,14912,0.001,16.68157607316971,23.476951837539673,19.519457548856735,18.195602864027023,17.61318826675415,17.24374932050705,17.02573361992836,17.072610765695572,17.12280660867691,17.088736534118652,16.92031839489937
23,L2_medoid,QUANN_3a,21344,0.001,16.56659108400345,22.727067589759827,19.36490085721016,18.211554288864136,17.615014284849167,17.182253897190094,17.2261543571949,17.06530398130417,17.04387179017067,16.824777603149414,16.849080592393875
24,L2_medoid,QUANN_1c,10672,0.001,16.576693952083588,23.214171051979065,21.933544039726257,19.6890866458416,18.242004454135895,17.80505272746086,17.377067893743515,17.204069882631302,17.194481283426285,17.151467233896255,17.015050679445267
25,L2_medoid,QUANN_2c,12864,0.001,16.832036912441254,24.017739474773407,20.686390459537506,18.804515153169632,18.107111662626266,17.643955260515213,17.51347428560257,17.337788701057434,17.496955186128616,17.289036244153976,17.237702697515488
26,L2_medoid,QUANN_3c,17248,0.001,17.157230973243713,22.96884423494339,20.39251959323883,18.91458287835121,18.142709225416183,17.758768767118454,17.608245700597763,17.529949426651,17.34002074599266,17.09453058242798,17.123397022485733
27,L2_medoid,QUANN_1,9584,0.005,16.965348839759827,18.567777037620544,17.91819268465042,17.945331424474716,17.814423322677612,17.790941417217255,17.646963834762573,17.654673278331757,17.61500921845436,17.737331330776215,17.758011281490326
28,L2_medoid,QUANN_2,10688,0.005,16.828956216573715,19.22889655828476,17.841078281402588,18.1527196764946,17.61450982093811,17.830432027578354,17.607115894556046,17.1954305768013,17.590218514204025,17.280489087104797,17.207019686698914
29,L2_medoid,QUANN_3,12896,0.005,16.859407514333725,18.896063178777695,18.17405667901039,17.959653347730637,18.52160942554474,17.734259396791458,17.57972475886345,17.306774020195007,17.831471502780914,17.203339904546738,17.135704398155212
30,L2_medoid,QUANN_1a,11696,0.005,16.899257212877274,18.209115207195282,18.269346117973328,18.154389142990112,18.021163284778595,17.76577392220497,18.205418050289154,17.90913113951683,17.895836114883423,17.917364925146103,17.794390231370926
31,L2_medoid,QUANN_2a,14912,0.005,17.31632775068283,18.51318109035492,17.830918431282043,17.524583011865616,17.720910102128983,17.54083377122879,17.75078445672989,17.657837480306625,17.662524551153183,17.987702190876007,17.563525021076202
32,L2_medoid,QUANN_3a,21344,0.005,16.86321648955345,18.72056958079338,18.23577705025673,17.556879222393036,18.393759846687317,17.46255713701248,18.082238733768463,17.45529669523239,17.359514474868774,17.290562838315964,17.52151209115982
33,L2_medoid,QUANN_1c,10672,0.005,17.113266825675964,18.778031915426254,17.98011776804924,18.01953661441803,17.948966681957245,17.510434687137604,17.807972073554993,17.580646634101868,17.436845421791077,17.380325436592102,17.56566882133484
34,L2_medoid,QUANN_2c,12864,0.005,16.946842432022095,20.219015568494797,18.676788181066513,18.318237960338593,17.92376783490181,17.54580071568489,17.48122239112854,17.35395497083664,17.586108654737473,17.36455065011978,17.25883859395981
35,L2_medoid,QUANN_3c,17248,0.005,17.348571747541428,19.07292014360428,18.256433486938477,18.026256650686264,18.534354150295258,17.76303893327713,17.96205100417137,17.641129046678543,17.753700494766235,17.297544956207275,17.667147427797318
36,L2_medoid,QUANN_1,9584,0.01,17.72226345539093,19.876055777072906,19.181940585374832,19.38442862033844,19.18145400285721,19.13464492559433,18.63477721810341,19.113403886556625,18.985781401395798,19.454001307487488,17.955404460430145
37,L2_medoid,QUANN_2,10688,0.01,17.635183453559875,19.662673979997635,19.14430868625641,19.283816128969193,19.98034965991974,18.92888033390045,18.74004688858986,18.702931582927704,18.566460847854614,18.270579934120178,18.13213300704956
38,L2_medoid,QUANN_3,12896,0.01,18.30208894610405,20.137685298919678,18.81817254424095,19.27920040488243,19.57743152976036,18.788300424814224,18.43776774406433,19.039632201194763,18.782472282648087,18.112542778253555,18.82792577147484
39,L2_medoid,QUANN_1a,11696,0.01,17.53135186433792,19.298241198062897,18.931515753269196,19.07216301560402,18.639933317899704,18.88623571395874,18.52541846036911,18.85344034433365,18.13194966316223,17.748289555311203,18.274374425411224
40,L2_medoid,QUANN_2a,14912,0.01,18.001855432987213,19.63200205564499,18.89951452612877,18.759516417980194,19.126028805971146,18.769310921430588,18.343751162290573,18.85835772752762,18.5335895717144,18.721063762903214,18.255784034729004
41,L2_medoid,QUANN_3a,21344,0.01,17.46898826956749,20.174033105373383,19.254597932100296,19.022319614887238,18.347186744213104,18.74219459295273,18.675258368253708,18.382559210062027,18.686317920684814,18.22576144337654,18.063873827457428
42,L2_medoid,QUANN_1c,10672,0.01,17.404056072235107,20.275008857250214,19.44544157385826,18.539246290922165,18.66244289278984,18.740734815597534,18.780566215515137,18.020629197359085,18.331250935792923,18.22972396016121,17.83736354112625
43,L2_medoid,QUANN_2c,12864,0.01,17.67570850253105,20.316446721553802,19.12608101963997,18.96185341477394,19.594227105379105,19.5314262509346,19.162260234355927,18.27066683769226,18.526933640241623,17.96373227238655,18.082634210586548
44,L2_medoid,QUANN_3c,17248,0.01,44.786396741867065,19.50652924180031,19.155731469392776,19.16512429714203,19.718626469373703,18.889065384864807,19.099327117204666,18.767685770988464,45.17146921157837,45.103288531303406,45.08971560001373
45,P2_mean,QUANN_1,9584,0.0001,4.808739401400089,20.65813034772873,13.612761944532394,5.77962101995945,5.534262523055077,5.411348469555378,5.321814224123955,5.241073243319988,5.114451415836811,5.021018378436565,4.954461187124252
46,P2_mean,QUANN_2,10688,0.0001,4.310367800295353,18.645380586385727,7.379348635673523,5.181386351585388,4.947683811187744,4.825470060110092,4.728360466659069,4.653812065720558,4.570777840912342,4.504701316356659,4.418430633842945
47,P2_mean,QUANN_3,12896,0.0001,3.90168035030365,9.392518490552902,5.049003474414349,4.855295658111572,4.73976019769907,4.649566374719143,4.541317328810692,4.416201561689377,4.278618462383747,4.121286831796169,4.006511949002743
48,P2_mean,QUANN_1a,11696,0.0001,3.8138797730207443,19.8521511554718,8.149253219366074,5.494274199008942,4.842706821858883,4.696290664374828,4.423297293484211,4.226404249668121,4.06658898293972,3.9692702889442444,3.9035071805119514
49,P2_mean,QUANN_2a,14912,0.0001,3.7238767221570015,14.839930713176727,5.52420999109745,4.921588972210884,4.6664552092552185,4.435397274792194,4.206712983548641,4.056077532470226,3.936512142419815,3.859521985054016,3.8085293620824814
50,P2_mean,QUANN_3a,21344,0.0001,3.621197924017906,9.368142172694206,5.114145189523697,4.6845013573765755,4.343162499368191,4.054505616426468,3.9194690212607384,3.831079676747322,3.761980466544628,3.7320356592535973,3.702517695724964
51,P2_mean,QUANN_1c,10672,0.0001,3.944224573671818,19.82793840765953,10.533638566732407,5.41444893181324,5.116430997848511,4.944027237594128,4.76011249423027,4.525431968271732,4.324581518769264,4.167248070240021,4.038418777287006
52,P2_mean,QUANN_2c,12864,0.0001,4.0674024522304535,13.258934289216995,5.245557069778442,4.900300577282906,4.79223745316267,4.694817706942558,4.602140098810196,4.508245274424553,4.399102874100208,4.2872534319758415,4.16272596269846
53,P2_mean,QUANN_3c,17248,0.0001,3.9322014674544334,5.741754785180092,4.9571171551942825,4.779628701508045,4.658609561622143,4.598228380084038,4.471466243267059,4.329938806593418,4.2054223716259,4.070404604077339,3.988097183406353
54,P2_mean,QUANN_1,9584,0.0005,3.408017121255398,5.1640094220638275,4.706610091030598,4.348250821232796,4.002707906067371,3.8649563044309616,3.8067822977900505,3.710673376917839,3.6580381616950035,3.578557826578617,3.5026734098792076
55,P2_mean,QUANN_2,10688,0.0005,3.2824024632573128,5.262302577495575,4.87443108856678,4.507376402616501,4.042603857815266,3.8683375418186188,3.737792633473873,3.6469930335879326,3.5503628849983215,3.4542558640241623,3.3815802186727524
56,P2_mean,QUANN_3,12896,0.0005,3.303298629820347,4.967541322112083,4.573348201811314,4.0711759775877,3.792921930551529,3.6981328576803207,3.6444931477308273,3.626871772110462,3.567560449242592,3.486686609685421,3.4018106907606125
57,P2_mean,QUANN_1a,11696,0.0005,3.474454328417778,5.352600678801537,4.097645826637745,3.800927609205246,3.7166855707764626,3.7511459439992905,3.6624876484274864,3.6530402302742004,3.6283860877156258,3.5887481793761253,3.558165155351162
58,P2_mean,QUANN_2a,14912,0.0005,3.2773640900850296,5.125742256641388,4.417773991823196,3.858165718615055,3.706172436475754,3.6414738222956657,3.6080901250243187,3.595809407532215,3.5328110978007317,3.4540545865893364,3.3590782955288887
59,P2_mean,QUANN_3a,21344,0.0005,3.2149812057614326,4.4715937823057175,3.8326231837272644,3.685965433716774,3.6523005068302155,3.6036537662148476,3.5794935449957848,3.498119965195656,3.442406438291073,3.3902644738554955,3.2824578061699867
60,P2_mean,QUANN_1c,10672,0.0005,3.23121290653944,4.99760702252388,4.513202495872974,4.032491318881512,3.811773143708706,3.7354939728975296,3.6812534108757973,3.6501618549227715,3.557806707918644,3.4291558116674423,3.3321068584918976
61,P2_mean,QUANN_2c,12864,0.0005,3.4437939524650574,4.815206706523895,4.320424802601337,3.960496947169304,3.741194136440754,3.6703926771879196,3.6403701677918434,3.614380970597267,3.5979227125644684,3.564465284347534,3.551514320075512
62,P2_mean,QUANN_3c,17248,0.0005,3.3333593383431435,4.810656420886517,4.457917511463165,3.9890865311026573,3.71513681858778,3.6581956073641777,3.6147993355989456,3.584625296294689,3.509672962129116,3.4601431787014008,3.4363320022821426
63,P2_mean,QUANN_1,9584,0.001,2.8439974635839462,4.92887269705534,4.551864176988602,4.2663052305579185,3.8938586115837097,3.689366437494755,3.5257419496774673,3.4158051013946533,3.3103190287947655,3.1855120435357094,2.9576858207583427
64,P2_mean,QUANN_2,10688,0.001,2.6274894066154957,4.802326247096062,4.374772675335407,3.8994685485959053,3.7877494990825653,3.473753720521927,3.3770440816879272,3.3176062926650047,3.1694624349474907,2.9582493528723717,2.7283481135964394
65,P2_mean,QUANN_3,12896,0.001,2.232992749661207,4.721230000257492,3.852071262896061,3.680620178580284,3.6429836601018906,3.605470724403858,3.5218770653009415,3.2942757979035378,3.032360352575779,2.675912857055664,2.360238343477249
66,P2_mean,QUANN_1a,11696,0.001,2.5524881929159164,4.5255972892045975,3.8655333146452904,3.7179670855402946,3.711441658437252,3.695031553506851,3.603744186460972,3.5332694351673126,3.2259740382432938,2.996234878897667,2.6707590967416763
67,P2_mean,QUANN_2a,14912,0.001,2.4141199961304665,4.209656469523907,3.754865400493145,3.7096940726041794,3.683879002928734,3.67787716537714,3.533477023243904,3.383319392800331,3.179638594388962,2.809309933334589,2.498884119093418
68,P2_mean,QUANN_3a,21344,0.001,1.9835765846073627,3.810462534427643,3.685491770505905,3.6303516626358032,3.5809241235256195,3.436073563992977,3.2366764172911644,2.9685951247811317,2.6477144360542297,2.3011859841644764,2.0618134811520576
69,P2_mean,QUANN_1c,10672,0.001,2.4832810945808887,4.778394557535648,4.22917989641428,3.8171283677220345,3.7061890810728073,3.6858559772372246,3.5147444754838943,3.3842154890298843,3.1364267244935036,2.8401514068245888,2.620747298002243
70,P2_mean,QUANN_2c,12864,0.001,2.5073892325162888,4.7277815490961075,3.88991030305624,3.6800471767783165,3.6142415180802345,3.449348323047161,3.2987942174077034,3.166020944714546,3.1194377690553665,2.890296198427677,2.595408406108618
71,P2_mean,QUANN_3c,17248,0.001,2.339272763580084,4.624211587011814,3.8203076273202896,3.6736077964305878,3.62637722492218,3.5676466524600983,3.452568396925926,3.2886234372854233,3.063927710056305,2.770910143852234,2.460743598639965
72,P2_mean,QUANN_1,9584,0.005,0.8249223418533802,4.713066600263119,3.6567088589072227,3.3139117062091827,2.6055871210992336,1.994714617729187,1.3776477612555027,1.1852170750498772,1.0890346448868513,0.9603473301976919,0.9547233805060387
73,P2_mean,QUANN_2,10688,0.005,0.9433616604655981,4.010497286915779,3.688445068895817,3.297982431948185,2.914752721786499,2.4517236799001694,1.9311394281685352,1.7286917120218277,1.3907200638204813,1.2930949125438929,1.099361252039671
74,P2_mean,QUANN_3,12896,0.005,1.0309810768812895,3.9355012699961662,3.6622916236519814,3.337353713810444,2.6696015931665897,1.9970831982791424,1.6719618067145348,1.2595835346728563,1.2473182659596205,1.259136900305748,1.1256158333271742
75,P2_mean,QUANN_1a,11696,0.005,0.8046493921428919,3.7918065637350082,3.6748801171779633,3.2879279032349586,2.55937147885561,1.8191795013844967,1.313862457871437,1.4151228740811348,1.198869850486517,1.135718710720539,0.9489436876028776
76,P2_mean,QUANN_2a,14912,0.005,0.9524102322757244,3.737209677696228,3.6593464389443398,3.230623073875904,2.433823473751545,1.9077445976436138,1.4188916571438313,1.5421356484293938,1.1860074773430824,1.1407907847315073,1.0765630137175322
77,P2_mean,QUANN_3a,21344,0.005,0.8408752456307411,3.7295694649219513,3.5960965380072594,3.0580707266926765,2.2206979915499687,1.6462735868990421,1.3012243695557117,1.0598337687551975,0.9816551897674799,0.9735499527305365,0.938868522644043
78,P2_mean,QUANN_1c,10672,0.005,0.8540306445211172,4.222087435424328,3.7004103139042854,3.2242611050605774,2.6700995415449142,1.9301181882619858,1.4731343165040016,1.3639235645532608,1.2885733675211668,1.0593096539378166,0.9911041259765625
79,P2_mean,QUANN_2c,12864,0.005,1.0302009992301464,3.9098527133464813,3.6716080084443092,3.347386561334133,2.374684739857912,1.839315190911293,1.5481830015778542,1.3956236969679594,1.259501039981842,1.1982977762818336,1.1442392822355032
80,P2_mean,QUANN_3c,17248,0.005,0.9255331158638,3.7827604711055756,3.6349763721227646,3.384525865316391,2.5959886088967323,1.905776608735323,1.7071556597948074,1.3342753611505032,1.3106060530990362,1.129918996244669,1.075600653886795
81,P2_mean,QUANN_1,9584,0.01,1.1089398376643658,4.336146727204323,3.81341689825058,3.1813507601618767,2.1062993854284286,1.7811777293682098,1.5162894651293755,1.369196929037571,1.6141547374427319,1.2597113065421581,1.2196492068469524
82,P2_mean,QUANN_2,10688,0.01,0.9923919029533863,3.8994180262088776,4.479561991989613,3.0524509623646736,2.5530387237668037,2.083445403724909,1.5423898622393608,1.3527581058442593,1.3027039878070354,1.233263410627842,1.146445132791996
83,P2_mean,QUANN_3,12896,0.01,1.226364117115736,3.957139626145363,3.6085610389709473,2.776253454387188,2.1249714605510235,1.698743261396885,1.799565751105547,1.484916102141142,1.2387304175645113,1.1623992715030909,1.3727297727018595
84,P2_mean,QUANN_1a,11696,0.01,0.9232112243771553,3.9512108117341995,3.714304156601429,2.509619392454624,2.029880817979574,1.677990723401308,1.3420521225780249,1.288409873843193,1.1979897432029247,1.1412786804139614,1.0574322193861008
85,P2_mean,QUANN_2a,14912,0.01,0.8806543219834566,4.012507200241089,3.3954633623361588,2.671421729028225,2.461464960128069,1.664992481470108,1.3344264794141054,1.3157521970570087,1.1014504954218864,1.2097420655190945,1.0268310848623514
86,P2_mean,QUANN_3a,21344,0.01,0.9153249878436327,3.8385220989584923,3.674893379211426,2.6186350509524345,1.7936181463301182,1.8626994863152504,1.207545893266797,1.1778948251158,1.1602475997060537,1.1820652950555086,1.0473584663122892
87,P2_mean,QUANN_1c,10672,0.01,0.9019507337361574,4.008097976446152,3.662894941866398,2.562245350331068,1.9643639251589775,1.470237173140049,1.282384641468525,1.7709422409534454,1.1051636822521687,1.0363175328820944,1.0467741843312979
88,P2_mean,QUANN_2c,12864,0.01,1.0292667169123888,4.484864018857479,3.809415839612484,2.990579456090927,2.3339750841259956,1.9434166736900806,1.9189276099205017,1.4326262883841991,1.3205028027296066,1.4027830101549625,1.1487557645887136
89,P2_mean,QUANN_3c,17248,0.01,1.1302856914699078,4.012313865125179,3.631142318248749,2.8902422711253166,2.2768821120262146,1.7234315872192383,1.600678976625204,1.7342234626412392,1.285840168595314,1.4683987274765968,1.2548983860760927
90,midpoint,QUANN_1,9584,0.0001,31.627560436725616,48.74110448360443,42.64596891403198,38.40056586265564,35.8429673910141,34.03808581829071,32.92462480068207,32.19138300418854,31.5226970911026,30.913370490074158,30.41147357225418
91,midpoint,QUANN_2,10688,0.0001,31.50286555290222,48.699312806129456,42.19543015956879,38.122986972332,35.998084008693695,34.377645432949066,33.021306216716766,31.945144772529602,31.380384147167206,31.03530591726303,30.66278249025345
92,midpoint,QUANN_3,12896,0.0001,31.46671813726425,48.22649586200714,41.736813843250275,37.62562024593353,35.275453209877014,33.58728897571564,32.45131677389145,31.783990383148193,31.380861401557922,31.062036454677582,30.742698848247528
93,midpoint,QUANN_1a,11696,0.0001,30.888709247112274,48.70382475852966,42.36602884531021,38.080177426338196,35.2162469625473,33.28423601388931,32.11643397808075,31.209751665592194,30.487772166728973,29.99087154865265,29.805024445056915
94,midpoint,QUANN_2a,14912,0.0001,30.528290331363678,48.24297845363617,41.333516240119934,36.686470329761505,34.30040615797043,32.92921358346939,32.08081102371216,31.412311136722565,30.828919053077698,30.298944175243378,29.723616003990173
95,midpoint,QUANN_3a,21344,0.0001,30.320278346538544,48.60439908504486,42.287325620651245,37.50496959686279,34.54188269376755,32.8932381272316,31.95468497276306,31.249156892299652,30.78313845396042,30.229030668735504,29.63398253917694
96,midpoint,QUANN_1c,10672,0.0001,30.7571017742157,48.571444153785706,41.811032593250275,37.1501042842865,34.44748413562775,32.79946708679199,31.72973906993866,30.947184801101685,30.431245028972626,30.12213033437729,29.953486442565918
97,midpoint,QUANN_2c,12864,0.0001,31.048931181430817,48.043357849121094,41.562181890010834,36.870838820934296,34.479342460632324,32.9586706161499,31.930926740169525,31.196101307868958,30.766022562980652,30.356326699256897,29.93137949705124
98,midpoint,QUANN_3c,17248,0.0001,31.52329921722412,48.845441579818726,42.32168209552765,38.60083156824112,36.534523725509644,34.87237864732742,33.51789307594299,32.42671352624893,31.679553508758545,31.17407113313675,30.721387803554535
99,midpoint,QUANN_1,9584,0.0005,25.25185251235962,32.98222678899765,29.998537719249725,28.83760005235672,28.513375103473663,28.374977350234985,27.57386064529419,26.61905336380005,25.70625066757202,24.91557025909424,24.57375305891037
100,midpoint,QUANN_2,10688,0.0005,25.222366333007812,33.99568045139313,30.446982264518738,28.821346759796143,28.41012066602707,28.151467502117157,27.33329325914383,26.180530428886414,25.336106836795807,24.78965437412262,24.41563057899475
101,midpoint,QUANN_3,12896,0.0005,24.957641661167145,34.200755417346954,30.24772995710373,28.5781552195549,28.10139286518097,26.767930805683136,25.750919222831726,25.2463361620903,24.82653546333313,24.488147258758545,24.34954172372818
102,midpoint,QUANN_1a,11696,0.0005,24.927937924861908,34.80104345083237,29.392183303833008,28.611764788627625,28.346619188785553,27.965678095817566,26.556367933750153,25.642060041427612,25.114451944828033,24.793076872825623,24.45136022567749
103,midpoint,QUANN_2a,14912,0.0005,24.70248508453369,33.06773918867111,28.937161147594452,27.959699511528015,26.545945405960083,25.725580632686615,24.99744611978531,24.490431308746338,24.208809077739716,24.016535997390747,23.763688147068024
104,midpoint,QUANN_3a,21344,0.0005,24.74627250432968,34.631140291690826,30.824612736701965,27.479465901851654,26.169831812381744,25.37990713119507,24.866737246513367,24.633249819278717,24.307929515838623,24.16792383790016,24.057449340820312
105,midpoint,QUANN_1c,10672,0.0005,25.02952665090561,34.8380343914032,30.01647937297821,28.70960760116577,28.410294115543365,28.027546226978302,27.128365576267242,26.190347909927368,25.55344706773758,24.952244758605957,24.579579412937164
106,midpoint,QUANN_2c,12864,0.0005,25.192609667778015,34.285482704639435,29.215959072113037,28.700907349586487,28.34350436925888,27.687556743621826,26.43568366765976,25.598074972629547,25.15799218416214,24.647447496652603,24.390301406383514
107,midpoint,QUANN_3c,17248,0.0005,24.661714911460876,34.14810699224472,29.641330540180206,28.271596908569336,27.205472946166992,25.8519104719162,25.26509654521942,25.063078582286835,24.870250821113586,24.341598749160767,24.262148141860962
108,midpoint,QUANN_1,9584,0.001,24.072407722473145,30.030730664730072,28.303418159484863,26.18214303255081,24.71870642900467,24.070084899663925,23.807716339826584,23.601269483566284,23.583945602178574,23.603281378746033,23.42536950111389
109,midpoint,QUANN_2,10688,0.001,24.18414169549942,30.541453778743744,27.841530919075012,25.57332533597946,24.724887430667877,24.12052983045578,23.780283004045486,23.581925481557846,23.642727702856064,23.548011034727097,23.650492131710052
110,midpoint,QUANN_3,12896,0.001,24.290304124355316,30.410230040550232,27.880027651786804,25.7831649184227,24.842751920223236,24.478699684143066,24.420724779367447,24.06505697965622,23.868483275175095,23.734617859125137,23.848171830177307
111,midpoint,QUANN_1a,11696,0.001,23.98166435956955,30.266553223133087,26.85187441110611,25.240704119205475,24.387332677841187,23.99041748046875,23.80859786272049,23.789742588996887,23.588053226470947,23.496572077274323,23.511336088180542
112,midpoint,QUANN_2a,14912,0.001,24.337556898593903,30.449078857898712,27.290760099887848,25.461533308029175,24.676884949207306,24.258317589759827,24.12418532371521,23.911610066890717,24.039394974708557,23.7899609208107,23.797326505184174
113,midpoint,QUANN_3a,21344,0.001,24.51741933822632,31.021932005882263,26.799417078495026,25.694738119840622,25.00380152463913,24.82445165514946,24.54257768392563,24.500050902366638,24.31009814143181,24.43975853919983,24.470191955566406
114,midpoint,QUANN_1c,10672,0.001,24.174917817115784,30.444493234157562,27.876836001873016,25.994886994361877,24.96892023086548,24.311237782239914,24.061414420604706,24.125703126192093,23.861686259508133,24.08414751291275,23.828527748584747
115,midpoint,QUANN_2c,12864,0.001,24.414215922355652,30.37573790550232,27.162645936012268,25.347606778144836,24.409524232149124,24.174795985221863,23.8609462082386,23.90440508723259,23.93805640935898,23.816904425621033,23.97640061378479
116,midpoint,QUANN_3c,17248,0.001,24.484324395656586,30.03096890449524,26.33832836151123,25.055165886878967,24.47630888223648,23.950149208307266,24.011541485786438,23.8707355260849,23.68274849653244,23.72213414311409,24.017572045326233
117,midpoint,QUANN_1,9584,0.005,24.791930735111237,25.545347332954407,24.549593210220337,24.446654796600342,24.353151202201843,24.339079558849335,24.22102952003479,24.945323526859283,24.773450911045074,24.15733912587166,24.281187623739243
118,midpoint,QUANN_2,10688,0.005,24.643482744693756,25.72432053089142,24.805135369300842,24.237645506858826,24.2259903550148,24.52884131669998,24.37420880794525,24.454424917697906,24.100690841674805,24.207631409168243,24.267373979091644
119,midpoint,QUANN_3,12896,0.005,24.58671623468399,26.504663586616516,25.13869595527649,25.118171453475952,24.69448959827423,24.83198654651642,24.476611405611038,24.810152411460876,24.592842638492584,24.640383005142212,24.316587686538696
120,midpoint,QUANN_1a,11696,0.005,25.26455157995224,25.856469690799713,24.676190823316574,24.81933969259262,24.875522315502167,24.142078936100006,24.412845373153687,24.256078869104385,24.40753123164177,24.563956886529922,24.99202972650528
121,midpoint,QUANN_2a,14912,0.005,25.06077879667282,25.283741354942322,24.790939450263977,25.831641137599945,24.22454684972763,24.58032524585724,24.633448123931885,24.724843680858612,24.4168743789196,24.31371319293976,24.382817327976227
122,midpoint,QUANN_3a,21344,0.005,24.85153180360794,25.671414494514465,24.89624834060669,25.375321358442307,24.256736755371094,24.41592562198639,24.59090495109558,24.8405202627182,24.580449283123016,24.906376481056213,24.690505236387253
123,midpoint,QUANN_1c,10672,0.005,24.592042863368988,25.452263236045837,25.18793076276779,25.12406575679779,24.647206664085388,24.543480336666107,25.084879100322723,24.84581309556961,24.256585955619812,24.74854278564453,24.327213525772095
124,midpoint,QUANN_2c,12864,0.005,25.030646204948425,25.90561091899872,24.9288569688797,24.519257128238678,24.540807485580444,24.298688650131226,24.677000671625137,24.657889008522034,24.80837494134903,24.848502576351166,24.730506420135498
125,midpoint,QUANN_3c,17248,0.005,24.885642766952515,26.09500241279602,25.45001256465912,25.2030571103096,24.956278264522552,24.643617033958435,25.197989106178284,24.48336112499237,24.534519612789154,24.615848004817963,24.699161857366562
126,midpoint,QUANN_1,9584,0.01,26.292637646198273,26.713724374771118,26.050660371780396,26.19884020090103,25.96719402074814,26.19344413280487,26.222640693187714,26.222749292850494,25.91810429096222,25.558232843875885,26.552866280078888
127,midpoint,QUANN_2,10688,0.01,25.51887744665146,27.887676894664764,26.597705006599426,26.47989696264267,26.788016498088837,26.44546538591385,26.702105462551117,26.4084951877594,26.545047998428345,25.10502600669861,25.41077584028244
128,midpoint,QUANN_3,12896,0.01,26.108224630355835,26.897282540798187,26.498743265867233,26.42048740386963,26.499537140130997,26.050655901432037,26.846504747867584,25.97768834233284,26.275632441043854,25.61945480108261,25.728824377059937
129,midpoint,QUANN_1a,11696,0.01,26.193744897842407,26.85730767250061,26.274357497692108,26.082847595214844,26.544354736804962,25.691196501255035,25.896545231342316,25.66961544752121,25.797918140888214,25.617894649505615,25.859668254852295
130,midpoint,QUANN_2a,14912,0.01,26.356986105442047,26.286432415246964,26.08468148112297,25.625531494617462,26.005268812179565,25.66774755716324,25.632051169872284,25.861051380634308,25.664827823638916,26.79421776533127,26.298076331615448
131,midpoint,QUANN_3a,21344,0.01,26.435471832752228,27.60982656478882,26.570371568202972,26.619095981121063,26.22121948003769,25.916645228862762,26.942173957824707,26.192869007587433,25.958421766757965,25.9983372092247,25.66114318370819
132,midpoint,QUANN_1c,10672,0.01,26.454700648784637,27.43656623363495,26.96168601512909,25.903415143489838,26.86202824115753,26.85663276910782,26.50375610589981,26.33850985765457,26.129979133605957,26.635759592056274,26.522291898727417
133,midpoint,QUANN_2c,12864,0.01,25.203883171081543,28.311292827129364,28.313078701496124,26.76615083217621,27.567968726158142,26.488805413246155,26.30209171772003,26.43864405155182,26.69138240814209,25.97438073158264,25.4422128200531
134,midpoint,QUANN_3c,17248,0.01,52.51608455181122,28.874513864517212,27.265467703342438,27.441122174263,26.718181252479553,26.173493146896362,25.941371887922287,26.154090106487274,26.022752225399017,52.23751604557037,52.0764844417572
135,geometric_median,QUANN_1,9584,0.0001,10.812836438417435,29.242837071418762,20.270643174648285,15.519253998994827,12.620568454265594,11.053395718336105,10.46115554869175,10.37282532453537,10.309883132576942,10.26783698797226,10.229965031147003
136,geometric_median,QUANN_2,10688,0.0001,10.666107878088951,29.20729261636734,20.971801161766052,16.017856299877167,13.163369566202164,11.929677575826645,11.596487551927567,11.060995936393738,10.424174219369888,10.231376618146896,10.172541052103043
137,geometric_median,QUANN_3,12896,0.0001,10.742968007922173,29.451012432575226,22.23605388402939,17.209489166736603,14.467844069004059,13.225258529186249,12.595612108707428,11.753588378429413,11.217427343130112,10.721100747585297,10.233521044254303
138,geometric_median,QUANN_1a,11696,0.0001,10.679086327552795,30.04503297805786,22.004957377910614,16.365857154130936,13.60616946220398,12.236166685819626,11.722119718790054,11.440894842147827,10.930015861988068,10.390566289424896,10.166425094008446
139,geometric_median,QUANN_2a,14912,0.0001,10.78200250864029,29.156212508678436,21.650565207004547,16.53276476264,13.820354372262955,12.384590297937393,11.759187042713165,11.563891023397446,11.351713955402374,10.927898079156876,10.363133668899536
140,geometric_median,QUANN_3a,21344,0.0001,9.083326950669289,29.91804051399231,21.074557423591614,16.44352912902832,14.392165631055832,12.623320460319519,11.295437693595886,10.405148208141327,9.804914265871048,9.29872664809227,8.781163841485977
141,geometric_median,QUANN_1c,10672,0.0001,10.89653366804123,29.708603382110596,21.41677814722061,16.02031299471855,13.821271359920502,13.379395127296448,12.85310024023056,11.904852241277695,10.925980180501938,10.37510296702385,10.283153727650642
142,geometric_median,QUANN_2c,12864,0.0001,10.675187110900879,29.26930856704712,20.81974971294403,16.16086769104004,13.746061980724335,12.033590584993362,11.226040631532669,10.523255974054337,10.281044602394104,10.20796674489975,10.129554957151413
143,geometric_median,QUANN_3c,17248,0.0001,10.017592087388039,29.910761296749115,21.505716681480408,17.242065459489822,14.900875836610794,13.109460264444351,11.961488604545593,11.178478688001633,10.409807562828064,9.869655162096024,9.532252043485641
144,geometric_median,QUANN_1,9584,0.0005,5.2637289091944695,11.825261682271957,10.383020833134651,10.058353424072266,9.216874569654465,7.415057480335236,6.216017320752144,5.721215769648552,5.44447648525238,5.26941142231226,5.242715083062649
145,geometric_median,QUANN_2,10688,0.0005,5.132601268589497,13.529782444238663,10.291915655136108,9.918112024664879,8.331296101212502,6.705315485596657,5.932324767112732,5.52959132194519,5.2795296013355255,5.156785048544407,5.047743409872055
146,geometric_median,QUANN_3,12896,0.0005,5.170151554048061,13.208806902170181,11.394131362438202,8.49522940814495,6.808884263038635,5.954269573092461,5.489461675286293,5.259670272469521,5.131670378148556,5.030065797269344,4.972637802362442
147,geometric_median,QUANN_1a,11696,0.0005,5.122222565114498,11.932428508996964,9.999276414513588,8.657430961728096,7.259503945708275,6.191756121814251,5.469341695308685,5.085497751832008,4.876145124435425,4.764586508274078,4.648884400725365
148,geometric_median,QUANN_2a,14912,0.0005,5.222489178180695,12.412457317113876,9.978088483214378,7.712237045168877,6.402248412370682,5.735826402902603,5.3937932923436165,5.209733106195927,5.069583013653755,5.026131339371204,4.961546011269093
149,geometric_median,QUANN_3a,21344,0.0005,4.921474255621433,13.749332934617996,9.36805272102356,7.850933253765106,6.504502318799496,5.781328059732914,5.341997936367989,5.160827800631523,4.9572774693369865,4.883785516023636,4.7914185002446175
150,geometric_median,QUANN_1c,10672,0.0005,5.092818379402161,12.739240765571594,10.189621046185493,9.187083944678307,7.369583681225777,6.261282250285149,5.693887576460838,5.425741530954838,5.228987291455269,5.103393621742725,4.99849920719862
151,geometric_median,QUANN_2c,12864,0.0005,5.120436064898968,13.33851945400238,11.25729215145111,8.525017023086548,6.942348167300224,6.118159353733063,5.616879440844059,5.324373207986355,5.136925682425499,4.998661309480667,4.90535781532526
152,geometric_median,QUANN_3c,17248,0.0005,5.197677992284298,12.722527205944061,10.112373635172844,8.128558546304703,6.706449046730995,6.03439024835825,5.629323251545429,5.472320839762688,5.284284718334675,5.1927535235881805,5.16037105768919
153,geometric_median,QUANN_1,9584,0.001,4.648785397410393,10.532230854034424,9.367506936192513,6.551494613289833,5.245120175182819,4.936867423355579,4.77251822501421,4.679238595068455,4.621948003768921,4.5679091066122055,4.486080184578896
154,geometric_median,QUANN_2,10688,0.001,4.80410910397768,10.255575984716415,7.647750958800316,5.7172364965081215,5.460656605660915,5.1694788709282875,5.1025295332074165,5.0740716978907585,5.015086285769939,4.981167696416378,4.920283757150173
155,geometric_median,QUANN_3,12896,0.001,4.606719717383385,10.9149629175663,6.824088871479034,5.508853383362293,5.209709294140339,4.981172300875187,4.841650880873203,4.749678768217564,4.614597953855991,4.559610091149807,4.51670678704977
156,geometric_median,QUANN_1a,11696,0.001,4.448568753898144,10.127491608262062,7.228660613298416,5.605862960219383,5.125883996486664,4.95770700275898,4.814091846346855,4.71452072262764,4.654690884053707,4.572811640799046,4.4973976239562035
157,geometric_median,QUANN_2a,14912,0.001,4.546890132129192,11.27782279253006,6.452445708215237,5.2192807123064995,4.894670270383358,4.822693020105362,4.6166050136089325,4.599265992641449,4.474216714501381,4.428424499928951,4.384493738412857
158,geometric_median,QUANN_3a,21344,0.001,4.491425663232803,9.159281611442566,6.045642904937267,5.24549850076437,5.000496819615364,4.806777864694595,4.699926398694515,4.638406030833721,4.5960636883974075,4.451054215431213,4.417057283222675
159,geometric_median,QUANN_1c,10672,0.001,4.7751147374510765,10.273684799671173,7.019071087241173,5.527670472860336,5.149630889296532,4.980715565383434,4.837779149413109,4.8141153678298,4.729088757187128,4.6436100751161575,4.585053816437721
160,geometric_median,QUANN_2c,12864,0.001,4.8090802282094955,10.070188775658607,6.399615079164505,5.439486540853977,5.13590307533741,4.994925387203693,4.824347652494907,4.755468040704727,4.6327134519815445,4.562981434166431,4.553154796361923
161,geometric_median,QUANN_3c,17248,0.001,5.030320979654789,9.618560373783112,6.463453829288483,5.3961717411875725,5.139286383986473,4.965221703052521,4.905708193778992,4.750107787549496,4.738525688648224,4.686490207910538,4.677805729210377
162,geometric_median,QUANN_1,9584,0.005,4.8229634538292885,5.520430080592632,5.206001244485378,5.244198366999626,5.116008684039116,4.915982022881508,4.96110075712204,4.845751091837883,4.882806479930878,4.862675800919533,4.773011349141598
163,geometric_median,QUANN_2,10688,0.005,4.66966849565506,5.480223104357719,5.250029742717743,5.171977609395981,4.964836455881596,4.870755508542061,4.786875754594803,4.811359599232674,4.671880401670933,4.562258146703243,4.617002382874489
164,geometric_median,QUANN_3,12896,0.005,4.569356009364128,5.470537111163139,5.088081292808056,4.950095139443874,4.686078228056431,4.765962287783623,4.725358508527279,4.741456054151058,4.51068552583456,4.45708816498518,4.512706845998764
165,geometric_median,QUANN_1a,11696,0.005,3.933358855545521,5.600423276424408,5.097673833370209,4.973114259541035,4.764479294419289,4.757866270840168,4.378185108304024,4.385954216122627,3.9663847982883453,3.8000956624746323,3.6862509548664093
166,geometric_median,QUANN_2a,14912,0.005,4.502347066998482,5.357882440090179,5.348513714969158,5.0269481390714645,4.971950426697731,4.8271239176392555,4.829738676548004,4.731715209782124,4.535732872784138,4.542427755892277,4.494543574750423
167,geometric_median,QUANN_3a,21344,0.005,4.001816675066948,5.345229856669903,4.919352240860462,4.935495659708977,4.554059602320194,4.452817432582378,4.2595144510269165,4.2406729981303215,4.203668192028999,4.010932303965092,3.8010438084602356
168,geometric_median,QUANN_1c,10672,0.005,4.058421351015568,5.536451056599617,5.076270200312138,4.691638417541981,4.641572415828705,4.312219142913818,4.260890908539295,4.161673963069916,4.066649913787842,3.580726608633995,3.7771031111478806
169,geometric_median,QUANN_2c,12864,0.005,4.057671554386616,5.661830864846706,5.137658707797527,5.06886351108551,4.993429832160473,4.726130910217762,4.541056618094444,4.551028594374657,4.482079654932022,4.2771357744932175,3.790792651474476
170,geometric_median,QUANN_3c,17248,0.005,4.111020691692829,5.7953042685985565,5.5132288336753845,4.919323623180389,4.702047303318977,4.657785266637802,4.089015640318394,3.988758862018585,3.597861021757126,3.612022764980793,3.719561278820038
171,geometric_median,QUANN_1,9584,0.01,4.1062943041324615,6.071719355881214,5.7265465259552,4.851724840700626,4.744301088154316,4.520337216556072,4.576184630393982,3.9883136972784996,4.070138439536095,3.952893517911434,3.918781131505966
172,geometric_median,QUANN_2,10688,0.01,4.012523889541626,5.543506242334843,5.40662294626236,5.725469812750816,4.976158104836941,4.735393613576889,4.75259742885828,4.055409297347069,4.009215049445629,4.15975233912468,3.958052769303322
173,geometric_median,QUANN_3,12896,0.01,4.393851786851883,6.567136898636818,6.014094367623329,5.329744398593903,4.573631376028061,4.735633455216885,4.219448775053024,4.365705601871014,4.249979928135872,4.340142026543617,4.0956959798932076
174,geometric_median,QUANN_1a,11696,0.01,4.44051169604063,6.083092838525772,5.669563442468643,5.384176954627037,5.4232741594314575,4.618662096560001,4.3535314202308655,4.078395612537861,4.26752907037735,4.041922979056835,4.350926607847214
175,geometric_median,QUANN_2a,14912,0.01,4.297774106264114,5.471343398094177,5.1849405169487,4.805231213569641,4.412455208599567,4.436335563659668,4.060319885611534,3.928308442234993,3.7771200463175774,4.163979180157185,3.9889759495854378
176,geometric_median,QUANN_3a,21344,0.01,4.221700757741928,6.707624465227127,5.8266007378697395,5.283743463456631,5.182862870395184,5.204826712608337,5.20180281996727,4.459659367799759,4.834057606756687,4.224465198814869,4.192634284496307
177,geometric_median,QUANN_1c,10672,0.01,3.8953239172697067,5.884438589215279,5.603346146643162,4.82505639642477,4.779001720249653,4.505770161747932,4.560660995543003,4.459484875202179,4.093569174408913,4.492717809975147,3.7966088578104973
178,geometric_median,QUANN_2c,12864,0.01,4.345738686621189,5.8531549125909805,6.056700333952904,5.74959521740675,5.433944150805473,5.7201888859272,5.175406455993652,4.750858880579472,4.776195377111435,4.374814413487911,4.088597655296326
179,geometric_median,QUANN_3c,17248,0.01,4.401552923023701,7.430370926856995,5.927025467157364,4.827561743557453,4.436460576951504,4.378943599760532,4.243006765842438,4.065337888896465,3.9679767414927483,3.884267993271351,3.757745608687401
180,marginal_median,QUANN_1,9584,0.0001,10.485055565834045,29.68320345878601,20.94936442375183,15.805162757635117,13.06673589348793,11.599179357290268,10.837920218706131,10.629410967230797,10.587296515703201,10.538794472813606,10.495770573616028
181,marginal_median,QUANN_2,10688,0.0001,10.52652134001255,30.178188681602478,22.432657420635223,17.296859622001648,14.530460774898529,13.11542096734047,12.1557936668396,11.309578001499176,10.705787688493729,10.623009145259857,10.55382551252842
182,marginal_median,QUANN_3,12896,0.0001,10.422009289264679,29.798461973667145,21.80310195684433,17.52105686068535,14.876711577177048,13.082305759191513,12.113782852888107,11.723461925983429,11.284700721502304,10.674280226230621,10.363397181034088
183,marginal_median,QUANN_1a,11696,0.0001,10.613069891929626,29.87331759929657,21.72545176744461,17.140293955802917,14.530257552862167,12.509310781955719,11.194829776883125,10.680443719029427,10.597358137369156,10.560497522354126,10.484971791505814
184,marginal_median,QUANN_2a,14912,0.0001,10.27847534418106,29.969329714775085,21.22382688522339,15.913311749696732,13.284651666879654,11.80825711786747,10.957805126905441,10.70907124876976,10.631018668413162,10.558806955814362,10.489816069602966
185,marginal_median,QUANN_3a,21344,0.0001,9.948307573795319,29.50774049758911,21.154937028884888,16.253081142902374,13.648285895586014,12.54760655760765,11.78943806886673,11.14012961089611,10.464911565184593,10.19678944349289,9.988044202327728
186,marginal_median,QUANN_1c,10672,0.0001,10.615002050995827,30.219372034072876,22.72660541534424,17.380757063627243,15.007877320051193,13.870916098356247,12.90218386054039,12.157591491937637,11.793668121099472,11.246814355254173,10.7014289945364
187,marginal_median,QUANN_2c,12864,0.0001,11.201325252652168,29.726860344409943,21.13522160053253,16.701269447803497,14.527480989694595,13.358225911855698,12.806888222694397,12.114915013313293,11.752784043550491,11.489212572574615,11.020058304071426
188,marginal_median,QUANN_3c,17248,0.0001,9.70985347032547,29.528343677520752,21.33139741420746,17.55959203839302,15.426953554153442,14.054507821798325,13.11052080988884,12.182816714048386,11.195612654089928,10.453998789191246,9.969499960541725
189,marginal_median,QUANN_1,9584,0.0005,5.006404548883438,12.888517439365387,10.72831878066063,10.448526486754417,9.834835723042488,8.130529344081879,6.865734808146954,6.045589089393616,5.621738858520985,5.397617615759373,5.248878337442875
190,marginal_median,QUANN_2,10688,0.0005,4.750462666153908,13.20330074429512,10.15604168176651,8.509056121110916,7.288669966161251,6.240812659263611,5.701811768114567,5.360941097140312,5.144002363085747,5.033503912389278,4.948699310421944
191,marginal_median,QUANN_3,12896,0.0005,4.815052665770054,13.68711632490158,10.44845935702324,9.163990184664726,7.0538507252931595,6.103134036064148,5.585237450897694,5.345862969756126,5.142058826982975,5.054522290825844,4.971879832446575
192,marginal_median,QUANN_1a,11696,0.0005,4.767640106379986,12.615198701620102,10.39153316617012,9.0008984208107,7.110493779182434,6.139549806714058,5.6149490512907505,5.33184190094471,5.1680074743926525,5.049705997109413,4.935520954430103
193,marginal_median,QUANN_2a,14912,0.0005,4.788160651922226,12.757217794656754,10.428179562091827,8.384361445903778,6.870074540376663,6.121078960597515,5.694798447191715,5.490752778947353,5.355901502072811,5.257988356053829,5.222392819821835
194,marginal_median,QUANN_3a,21344,0.0005,4.6336555033922195,12.992435842752457,9.7392807751894,7.419794261455536,6.299537375569344,5.7647996842861176,5.435387589037418,5.213605858385563,5.135731153190136,5.052821077406406,4.992574840784073
195,marginal_median,QUANN_1c,10672,0.0005,4.919212311506271,13.529500812292099,10.35189850628376,9.823681026697159,8.060565561056137,6.55970011651516,5.756887041032314,5.3577689453959465,5.156186304986477,5.0128344893455505,4.937148332595825
196,marginal_median,QUANN_2c,12864,0.0005,5.007042609155178,13.05953624844551,10.281425639986992,8.358844593167305,6.7935586124658585,6.045117899775505,5.626259453594685,5.396581903100014,5.255807735025883,5.197385877370834,5.111172005534172
197,marginal_median,QUANN_3c,17248,0.0005,4.925192274153233,14.462798982858658,9.85800302028656,7.5821086168289185,6.555131174623966,5.927454307675362,5.612184680998325,5.438016213476658,5.3305929228663445,5.23640088737011,5.189584776759148
198,marginal_median,QUANN_1,9584,0.001,4.636503078043461,10.559642046689987,9.399616837501526,7.306778103113174,5.787310250103474,5.310550212860107,5.139195002615452,5.103949815034866,5.016615137457848,4.935404174029827,4.908292271196842
199,marginal_median,QUANN_2,10688,0.001,4.611948199570179,10.48664140701294,7.29687412828207,5.796879589557648,5.374546408653259,5.270262464880943,5.119225025177002,5.034850031137466,4.923956677317619,4.89940432459116,4.848150685429573
200,marginal_median,QUANN_3,12896,0.001,4.576149716973305,10.80034077167511,6.956391543149948,5.869939595460892,5.3876988887786865,5.208823204040527,5.068383604288101,4.9443187192082405,4.900146119296551,4.778179295361042,4.780594319105148
201,marginal_median,QUANN_1a,11696,0.001,4.39844387024641,10.523750007152557,7.168443888425827,5.686563223600388,5.232272639870644,5.028684824705124,4.974201813340187,4.840154677629471,4.757089830935001,4.731958813965321,4.6912680342793465
202,marginal_median,QUANN_2a,14912,0.001,4.601199954748154,9.459491282701492,6.4459652081131935,5.54627925157547,5.268879510462284,5.264574505388737,5.0851991549134254,5.007005907595158,4.9336783811450005,4.875195264816284,4.833803616464138
203,marginal_median,QUANN_3a,21344,0.001,4.301058575510979,10.29225042462349,6.4137211218476295,5.449923276901245,5.169597156345844,5.020051136612892,4.876127153635025,4.74094183743,4.664955511689186,4.607129566371441,4.511805415153503
204,marginal_median,QUANN_1c,10672,0.001,4.416647851467133,10.744192406535149,8.34182684123516,6.309003993868828,5.627000525593758,5.350902885198593,5.202078551054001,5.139593176543713,5.083574488759041,5.038521431386471,4.9597583040595055
205,marginal_median,QUANN_2c,12864,0.001,4.4913132563233376,10.686405748128891,6.718720898032188,5.470894083380699,5.106333151459694,4.967163018882275,4.867555752396584,4.790680915117264,4.715164385735989,4.652099274098873,4.571065612137318
206,marginal_median,QUANN_3c,17248,0.001,4.529742404818535,9.943751841783524,6.453560709953308,5.550304315984249,5.266824699938297,5.09907653927803,5.0446464121341705,4.879726514220238,4.853470765054226,4.782188646495342,4.740776069462299
207,marginal_median,QUANN_1,9584,0.005,3.6429882124066353,5.898826397955418,5.438940800726414,5.137066170573235,5.135690726339817,5.073086127638817,4.543218590319157,4.2884238213300705,4.1770965456962585,4.077632464468479,3.8935044556856155
208,marginal_median,QUANN_2,10688,0.005,3.4783780798316,5.642603978514671,5.239643074572086,5.246039733290672,4.981214560568333,4.692849412560463,4.458145372569561,4.288522630929947,4.154111333191395,3.8456938713788986,3.80397080630064
209,marginal_median,QUANN_3,12896,0.005,4.34306600689888,5.597220942378044,5.531297110021114,5.257493428885937,5.0735018029809,4.943385235965252,5.014761418104172,4.820276528596878,4.677000470459461,4.602125756442547,4.69563814252615
210,marginal_median,QUANN_1a,11696,0.005,3.8638254702091217,5.919001460075378,5.717902794480324,5.3820460587739944,5.055371060967445,4.934837609529495,4.915868692100048,4.615445353090763,4.5522126480937,4.448688343167305,4.311491079628468
211,marginal_median,QUANN_2a,14912,0.005,4.486163452267647,5.58922815322876,5.215404726564884,4.97988236695528,5.149181954562664,5.14570539444685,4.656947389245033,4.511679716408253,4.8620323315262794,4.557461440563202,4.481064736843109
212,marginal_median,QUANN_3a,21344,0.005,3.485164076089859,5.44177894666791,4.943310864269733,4.688006684184074,4.584166679531336,4.248887255787849,4.27177220582962,4.008311577141285,3.724113419651985,3.700505308806896,3.5854058414697647
213,marginal_median,QUANN_1c,10672,0.005,3.8160578310489655,5.668950147926807,5.296496644616127,5.232821770012379,5.035914294421673,4.921698912978172,4.650812886655331,4.415200591087341,4.122534677386284,4.080775201320648,4.164414577186108
214,marginal_median,QUANN_2c,12864,0.005,3.933269940316677,6.388721376657486,5.490932136774063,5.093768790364265,4.976241402328014,4.819659225642681,4.694512411952019,4.438930861651897,4.492884546518326,4.2314422726631165,3.9884746372699738
215,marginal_median,QUANN_3c,17248,0.005,4.3091966807842255,6.265951722860336,5.721877746284008,5.4882819801568985,5.422909051179886,5.298601038753986,5.121090680360794,5.308288037776947,4.9351813942193985,4.927617900073528,4.723341256380081
216,marginal_median,QUANN_1,9584,0.01,4.081989884376526,6.156715057790279,5.761605978012085,5.420362837612629,4.9449364840984344,5.017637737095356,5.280122265219688,4.438747763633728,4.605907656252384,4.416595175862312,4.302886001765728
217,marginal_median,QUANN_2,10688,0.01,3.9864204972982407,6.316192373633385,5.860799089074135,5.703098610043526,5.343152895569801,4.986574858427048,4.74427542835474,4.6311404556035995,4.869433112442493,4.372682921588421,4.4954511895775795
218,marginal_median,QUANN_3,12896,0.01,3.938609555363655,6.836800307035446,5.96033675968647,5.671391099691391,5.179165132343769,4.925306014716625,4.927868887782097,4.752373591065407,4.236523911356926,4.43632223457098,4.099292203783989
219,marginal_median,QUANN_1a,11696,0.01,4.023751437664032,5.98318462818861,5.504402831196785,5.232535898685455,4.8081496730446815,4.674683801829815,4.756839230656624,4.588082991540432,4.4311764389276505,4.188304476439953,4.217179462313652
220,marginal_median,QUANN_2a,14912,0.01,3.963858149945736,6.072938799858093,5.856695882976055,5.483776777982712,5.276264749467373,5.103018194437027,4.518280677497387,4.628542810678482,4.62949975579977,4.177633471786976,4.179770618677139
221,marginal_median,QUANN_3a,21344,0.01,3.7128377556800842,6.01213102042675,5.890851333737373,5.494328886270523,5.735449090600014,4.894381858408451,4.676422394812107,4.705610267817974,4.397793747484684,4.379467129707336,4.1164309829473495
222,marginal_median,QUANN_1c,10672,0.01,4.059647791087627,5.914577126502991,5.8561762273311615,5.682616397738457,5.782938659191132,5.378768593072891,5.0136498138308525,4.768539249897003,4.859671987593174,4.535970836877823,4.2002352476119995
223,marginal_median,QUANN_2c,12864,0.01,3.941720172762871,6.380148187279701,6.415234193205833,5.770314440131187,5.252651050686836,5.173119962215424,4.777504004538059,4.74873024225235,4.426259376108646,4.714028112590313,4.243318192660809
224,marginal_median,QUANN_3c,17248,0.01,3.8006409108638763,6.894034072756767,6.0364838391542435,5.1956295520067215,4.907001607120037,4.693116545677185,4.799383960664272,4.838501058518887,4.375109814107418,4.175796739757061,3.997963957488537
225,log_sum_exp,QUANN_1,9584,0.0001,41.00819778442383,117.99314641952515,106.61307764053345,87.59804582595825,59.54558312892914,50.606653928756714,48.00705373287201,45.78359520435333,44.16164302825928,42.65413153171539,41.19179892539978
226,log_sum_exp,QUANN_2,10688,0.0001,39.623496413230896,111.53199505805969,74.93614149093628,55.680551290512085,50.36662209033966,47.24716830253601,45.2521196603775,43.66824233531952,42.32410001754761,41.027432441711426,39.81638145446777
227,log_sum_exp,QUANN_3,12896,0.0001,35.979965806007385,86.22867977619171,54.879865884780884,49.906657576560974,46.87422704696655,44.627540946006775,42.62419772148132,40.8756068944931,39.44643270969391,37.934369921684265,36.61120545864105
228,log_sum_exp,QUANN_1a,11696,0.0001,36.42026603221893,115.64780354499817,90.12943303585052,58.76906418800354,51.229679346084595,47.73936605453491,45.143649101257324,42.88728058338165,40.50010704994202,38.55665993690491,36.854453325271606
229,log_sum_exp,QUANN_2a,14912,0.0001,38.06589460372925,103.81837964057922,60.06817305088043,51.962037682533264,47.822389364242554,44.923598408699036,43.22792601585388,41.52383267879486,40.30734419822693,38.822502970695496,37.55289113521576
230,log_sum_exp,QUANN_3a,21344,0.0001,33.17884975671768,80.47506546974182,54.380425453186035,48.2161740064621,43.84513032436371,40.84903967380524,39.04573881626129,37.705955505371094,36.03977930545807,34.74405962228775,33.570462107658386
231,log_sum_exp,QUANN_1c,10672,0.0001,38.2913031578064,116.01655697822571,96.90546107292175,68.99765336513519,58.288180232048035,50.92596518993378,47.34654438495636,44.6695990562439,42.673099875450134,40.424198508262634,38.403967916965485
232,log_sum_exp,QUANN_2c,12864,0.0001,36.85316729545593,99.72978377342224,60.91128742694855,52.40959191322327,48.602293252944946,46.01525092124939,43.82391917705536,42.034812569618225,40.359501242637634,38.43647789955139,36.78457456827164
233,log_sum_exp,QUANN_3c,17248,0.0001,37.34126389026642,61.253846526145935,50.180556297302246,46.748037338256836,44.78280961513519,43.44371974468231,41.74202871322632,40.49001443386078,39.377898812294006,38.25676202774048,37.2941130399704
234,log_sum_exp,QUANN_1,9584,0.0005,22.088900864124298,55.45270872116089,43.898433804512024,37.01788115501404,32.38970243930817,29.689742386341095,27.425019085407257,25.35410165786743,24.208691596984863,23.12472626566887,22.172354698181152
235,log_sum_exp,QUANN_2,10688,0.0005,19.177062034606934,51.89717507362366,41.75715887546539,35.71975094079971,30.613685727119446,27.368975400924683,24.366766214370728,22.086262822151184,21.46609330177307,20.34205734729767,19.598714977502823
236,log_sum_exp,QUANN_3,12896,0.0005,19.448119580745697,46.214972257614136,38.99658477306366,34.338107883930206,30.20962780714035,26.577043414115906,24.25776094198227,23.019404232501984,21.72763955593109,20.878043293952942,19.547297686338425
237,log_sum_exp,QUANN_1a,11696,0.0005,18.631954729557037,52.596617579460144,42.29489588737488,35.37434136867523,29.04876971244812,25.18451201915741,22.022042125463486,20.727268040180206,19.527045786380768,19.228090792894363,19.224225491285324
238,log_sum_exp,QUANN_2a,14912,0.0005,19.11902168393135,46.28777372837067,38.999741315841675,32.533014714717865,28.43130713701248,25.684978485107422,24.200206458568573,22.33076310157776,21.197588801383972,20.06483006477356,19.587955713272095
239,log_sum_exp,QUANN_3a,21344,0.0005,17.703176617622375,44.40198481082916,34.77404147386551,29.567522287368774,25.95978355407715,23.234912753105164,21.23781567811966,19.89205116033554,19.439186841249466,18.324931353330612,18.042588382959366
240,log_sum_exp,QUANN_1c,10672,0.0005,19.277258783578873,50.796212553977966,40.626922726631165,34.91778379678726,31.982171297073364,27.065687656402588,24.00029569864273,22.52756655216217,21.33824646472931,20.278841137886047,19.228269636631012
241,log_sum_exp,QUANN_2c,12864,0.0005,19.564975321292877,48.500343441963196,40.95315408706665,35.117804169654846,31.271992027759552,28.106462061405182,24.83784556388855,23.30465018749237,22.503068268299103,21.116109490394592,19.86615926027298
242,log_sum_exp,QUANN_3c,17248,0.0005,18.128979414701462,46.49584186077118,40.56650710105896,34.081495106220245,28.082126796245575,25.17229336500168,22.590806007385254,20.65012514591217,20.212011575698853,19.20588681101799,18.32738757133484
243,log_sum_exp,QUANN_1,9584,0.001,17.000499337911606,45.71823191642761,36.15530574321747,29.921787083148956,25.159201681613922,22.98731517791748,20.970536053180695,19.952807664871216,18.670866161584854,18.182371467351913,17.379030615091324
244,log_sum_exp,QUANN_2,10688,0.001,16.083423376083374,44.11197805404663,34.60143679380417,27.699492573738098,23.907576978206635,21.349178433418274,18.8004709482193,18.15641361474991,17.247998386621475,16.792081773281097,16.10695007443428
245,log_sum_exp,QUANN_3,12896,0.001,15.561793953180313,44.43401515483856,33.41370111703873,25.989063620567322,22.940688014030457,20.897565305233,18.995956122875214,17.488205283880234,16.774842351675034,16.223671346902847,15.620662271976471
246,log_sum_exp,QUANN_1a,11696,0.001,14.585726171731949,44.770620465278625,32.64424383640289,23.163621246814728,20.476722598075867,18.453024059534073,18.102116346359253,16.753275722265244,16.282285392284393,15.80510550737381,14.786065816879272
247,log_sum_exp,QUANN_2a,14912,0.001,15.236847996711731,39.91835260391235,30.84491389989853,25.084340631961823,20.551671862602234,18.7543802857399,18.26564398407936,17.121496826410294,16.50155532360077,15.948521465063095,15.348492443561554
248,log_sum_exp,QUANN_3a,21344,0.001,13.592958569526672,39.14341604709625,29.373513340950012,24.527101039886475,22.368570268154144,19.807655215263367,17.65677323937416,16.560094743967056,16.219206422567368,14.585901111364365,13.660508662462234
249,log_sum_exp,QUANN_1c,10672,0.001,16.22393250465393,44.910865902900696,32.6050169467926,26.930667757987976,22.44450742006302,20.304350078105927,19.037387400865555,17.56423196196556,17.260218113660812,15.976613730192184,15.719931483268738
250,log_sum_exp,QUANN_2c,12864,0.001,14.84465777873993,43.17890477180481,31.799215137958527,24.21743232011795,20.683577716350555,18.421202301979065,18.155116587877274,17.050015479326248,16.047454595565796,15.71307584643364,14.97220453619957
251,log_sum_exp,QUANN_3c,17248,0.001,14.508182406425476,40.41324245929718,28.978361427783966,23.426256000995636,21.36924582719803,19.753319323062897,17.51885375380516,16.4204158782959,15.545902788639069,15.088776051998138,14.579487204551697
252,log_sum_exp,QUANN_1,9584,0.005,12.046781659126282,31.959653317928314,22.630125164985657,17.405634105205536,16.98282080888748,15.028900355100632,14.225974529981613,16.41872188448906,13.051775962114334,12.937546730041504,12.07945054769516
253,log_sum_exp,QUANN_2,10688,0.005,12.13679388165474,30.92675530910492,20.73084706068039,17.04857623577118,15.8990398645401,15.46587461233139,13.442905306816101,15.170201808214188,13.611735224723816,12.220825538039207,12.254624456167221
254,log_sum_exp,QUANN_3,12896,0.005,13.777413994073868,29.22771590948105,18.85976955294609,15.628643840551376,13.702457308769226,12.874138444662094,12.588054895401001,11.912783354520798,11.953299641609192,11.774296998977661,13.464614361524582
255,log_sum_exp,QUANN_1a,11696,0.005,11.884529888629913,31.25610500574112,20.906418561935425,17.68412345647812,14.424312859773636,13.634890139102936,14.157038569450378,13.532008677721024,13.013826191425323,13.789835661649704,12.151861548423767
256,log_sum_exp,QUANN_2a,14912,0.005,11.405395150184631,27.318287193775177,18.935515135526657,16.633277595043182,14.182699501514435,13.692041844129562,13.859325677156448,13.033409118652344,11.782712578773499,11.461916387081146,11.357105821371078
257,log_sum_exp,QUANN_3a,21344,0.005,12.428106933832169,24.54475772380829,16.418577522039413,14.091053009033203,12.919084221124649,12.940605163574219,12.964778363704681,12.274964928627014,11.701451748609543,11.895149856805801,12.558088272809982
258,log_sum_exp,QUANN_1c,10672,0.005,11.796475857496262,29.90757644176483,19.50509762763977,18.507241129875183,15.09827333688736,14.399312406778336,13.99493470788002,12.704151958227158,12.370180130004883,12.102320119738579,11.86861652135849
259,log_sum_exp,QUANN_2c,12864,0.005,11.712123543024063,29.25860834121704,20.687627971172333,17.3076229095459,14.737077564001083,13.499256491661072,12.791528970003128,12.578121423721313,13.36587792634964,11.780762523412704,11.615367621183395
260,log_sum_exp,QUANN_3c,17248,0.005,11.6978619992733,27.328730702400208,18.248248666524887,16.51350435614586,13.297793328762054,13.206829071044922,12.681516945362091,12.505513593554497,13.91872063279152,11.43877574801445,11.965198650956154
261,log_sum_exp,QUANN_1,9584,0.01,12.432469010353088,30.86390721797943,24.049199163913727,16.941001892089844,17.04100525379181,14.467742204666138,14.852851271629333,13.56951954960823,16.962883204221725,13.203884065151215,12.2822425365448
262,log_sum_exp,QUANN_2,10688,0.01,13.576413124799728,26.856711387634277,22.98513114452362,18.003164559602737,17.047040700912476,14.643825024366379,13.77864357829094,14.58117589354515,13.57836452126503,14.732655644416809,13.550065994262695
263,log_sum_exp,QUANN_3,12896,0.01,13.06288856267929,28.65472310781479,19.53525882959366,16.107641607522964,15.855939835309982,14.091919392347336,14.38948655128479,12.978937268257141,13.380758970975876,13.258140474557877,12.865552216768265
264,log_sum_exp,QUANN_1a,11696,0.01,12.145035445690155,26.736360371112823,18.283407151699066,15.009366273880005,14.472655057907104,15.390654921531677,16.03492107987404,14.95093959569931,12.278609901666641,13.868930608034134,12.26357364654541
265,log_sum_exp,QUANN_2a,14912,0.01,12.707753390073776,27.96502184867859,19.207776933908463,16.771069824695587,14.683153420686722,13.857656925916672,13.582688242197037,12.949658066034317,13.30148497223854,13.367020577192307,12.865919440984726
266,log_sum_exp,QUANN_3a,21344,0.01,12.87602749466896,27.29925924539566,18.260596722364426,14.578228533267975,14.965612232685089,13.598979085683823,14.112008601427078,13.304977744817734,12.374060243368149,12.603517085313797,12.523691475391388
267,log_sum_exp,QUANN_1c,10672,0.01,12.618282198905945,31.556411921977997,20.396721214056015,16.020321369171143,17.833878487348557,13.889116078615189,13.845329284667969,14.802364766597748,12.667400926351547,14.021363735198975,12.388766527175903
268,log_sum_exp,QUANN_2c,12864,0.01,13.86202484369278,25.9918172955513,18.905280143022537,20.07143297791481,15.262472242116928,13.906916558742523,15.144968181848526,15.10061115026474,12.900625884532928,12.819561451673508,14.01821032166481
269,log_sum_exp,QUANN_3c,17248,0.01,12.810361951589584,28.828611850738525,23.18898069858551,17.184521049261093,14.867198377847672,13.350569605827332,13.258849561214447,12.83865138888359,12.993726879358292,12.290600150823593,12.3973708152771
270,norm_max,QUANN_1,9584,0.0001,110.1505799293518,157.08972311019897,145.81714129447937,136.47962856292725,130.69944095611572,126.22919821739197,122.0150945186615,118.16062593460083,115.01780962944031,112.44468116760254,110.65384888648987
271,norm_max,QUANN_2,10688,0.0001,108.67467260360718,158.065776348114,146.66879796981812,135.3896050453186,128.22613334655762,123.17284917831421,119.4225161075592,116.2163302898407,113.36367583274841,111.05638527870178,109.38918566703796
272,norm_max,QUANN_3,12896,0.0001,110.7251365184784,156.98403072357178,143.64968729019165,132.70839929580688,126.76930093765259,123.12930083274841,120.58586931228638,118.34628891944885,116.13211631774902,114.11933541297913,112.56220316886902
273,norm_max,QUANN_1a,11696,0.0001,111.8963041305542,157.56326389312744,144.85711932182312,133.3597435951233,126.02124285697937,121.24221324920654,117.72521877288818,115.1053626537323,113.48622822761536,112.56727576255798,112.12041234970093
274,norm_max,QUANN_2a,14912,0.0001,110.20415115356445,157.6344974040985,145.42241048812866,133.73985123634338,126.18885064125061,120.82896304130554,117.36872863769531,115.51317024230957,114.14468121528625,112.92809319496155,111.64533853530884
275,norm_max,QUANN_3a,21344,0.0001,112.103933095932,158.1810908317566,145.07515859603882,133.24198198318481,125.2287073135376,120.26474213600159,117.62479639053345,115.85023760795593,114.57563161849976,113.46520948410034,112.09255266189575
276,norm_max,QUANN_1c,10672,0.0001,105.14113593101501,158.33227944374084,145.7736461162567,133.13165378570557,125.38436555862427,119.72060251235962,115.0077919960022,111.79465413093567,109.19637489318848,107.53021812438965,106.06029176712036
277,norm_max,QUANN_2c,12864,0.0001,109.10470414161682,158.02234649658203,145.84496140480042,132.48814177513123,124.67568826675415,120.18684077262878,117.10670900344849,114.87150859832764,113.0861713886261,111.546306848526,110.30876445770264
278,norm_max,QUANN_3c,17248,0.0001,113.32567119598389,157.43759107589722,143.69821071624756,132.13741827011108,125.94522500038147,122.2190809249878,119.34710955619812,117.43716549873352,115.69089150428772,114.5330114364624,113.8265233039856
279,norm_max,QUANN_1,9584,0.0005,92.62854981422424,120.69434523582458,109.28377890586853,106.8644917011261,103.05374670028687,99.89823460578918,98.7956473827362,97.68832755088806,96.7958357334137,95.4091408252716,94.28359580039978
280,norm_max,QUANN_2,10688,0.0005,90.4593415260315,120.9636116027832,110.77608823776245,106.50614500045776,102.30775356292725,99.17705392837524,97.13935685157776,95.48738932609558,93.81130003929138,92.85951781272888,91.71498799324036
281,norm_max,QUANN_3,12896,0.0005,91.61421704292297,123.41190671920776,109.72637987136841,104.87378263473511,102.17401814460754,100.06709098815918,98.25461912155151,96.89199757575989,95.60079312324524,94.29530453681946,93.75505232810974
282,norm_max,QUANN_1a,11696,0.0005,90.74449372291565,122.64315748214722,111.34206962585449,104.74220561981201,101.31179356575012,99.9910945892334,97.88462376594543,95.87119388580322,94.21072030067444,93.07438468933105,92.40673446655273
283,norm_max,QUANN_2a,14912,0.0005,91.32379150390625,122.01760482788086,106.90467309951782,104.86038184165955,100.60068988800049,98.77072930335999,96.90802597999573,95.56944990158081,94.29513001441956,93.57921624183655,92.7498505115509
284,norm_max,QUANN_3a,21344,0.0005,90.04391264915466,122.2544207572937,111.04810810089111,104.78766536712646,101.41884565353394,97.84794616699219,95.87964916229248,94.8918194770813,94.05570983886719,92.53825354576111,92.22188711166382
285,norm_max,QUANN_1c,10672,0.0005,90.91202235221863,121.6177625656128,109.36204409599304,104.22572994232178,101.17354607582092,99.34792113304138,98.53322696685791,97.3091447353363,95.90717792510986,94.18873262405396,92.82163095474243
286,norm_max,QUANN_2c,12864,0.0005,91.54374992847443,121.95202589035034,113.24314951896667,109.8864381313324,106.29699444770813,103.14786314964294,100.17696118354797,97.47429776191711,95.82641506195068,95.24152827262878,93.85767126083374
287,norm_max,QUANN_3c,17248,0.0005,93.70721769332886,123.69829225540161,110.51538515090942,106.1573634147644,103.68170404434204,100.80838751792908,98.32313203811646,97.34812569618225,96.56717658042908,95.48880743980408,95.13817477226257
288,norm_max,QUANN_1,9584,0.001,87.97677552700043,112.50387406349182,105.29496383666992,101.67468976974487,97.93020486831665,94.19526553153992,92.2293450832367,91.11634016036987,91.2046766281128,90.77647995948792,90.26981401443481
289,norm_max,QUANN_2,10688,0.001,88.90286755561829,111.19975018501282,102.22043919563293,98.07406997680664,94.72091937065125,93.1618173122406,92.4843008518219,91.55464458465576,90.52708625793457,90.64854717254639,90.41491436958313
290,norm_max,QUANN_3,12896,0.001,89.08207273483276,114.30154204368591,105.42154717445374,100.03379774093628,95.7385323047638,93.90786242485046,92.47817206382751,91.59245705604553,91.40932631492615,90.38994789123535,91.01789140701294
291,norm_max,QUANN_1a,11696,0.001,88.85917031764984,111.16131496429443,101.13411164283752,96.6239366531372,94.46116781234741,92.43146061897278,91.77283215522766,91.18085432052612,90.08059358596802,90.09089183807373,90.10449147224426
292,norm_max,QUANN_2a,14912,0.001,89.48887324333191,109.27301573753357,99.9327917098999,95.85317540168762,93.30900549888611,92.95661163330078,91.15790319442749,90.94541883468628,90.66267228126526,90.09981369972229,90.34616780281067
293,norm_max,QUANN_3a,21344,0.001,89.39803433418274,112.73530626296997,102.13328814506531,99.5107569694519,97.16270995140076,94.942946434021,92.88176703453064,90.87200736999512,90.88419985771179,91.15582728385925,90.69802236557007
294,norm_max,QUANN_1c,10672,0.001,88.51364159584045,112.35494565963745,103.18105506896973,98.87509846687317,95.06557583808899,93.30459332466125,92.07227993011475,91.44924068450928,90.89330625534058,90.74078178405762,90.5242211818695
295,norm_max,QUANN_2c,12864,0.001,88.83235812187195,106.21909284591675,100.19006037712097,97.18936371803284,94.08410620689392,92.40161967277527,91.64131832122803,90.62857961654663,90.86544179916382,90.34940981864929,90.69419407844543
296,norm_max,QUANN_3c,17248,0.001,89.64950966835022,111.67687034606934,103.21042561531067,99.53553557395935,98.68034315109253,96.42059421539307,96.11518406867981,95.0645899772644,93.2829818725586,92.7771725654602,92.15589737892151
297,norm_max,QUANN_1,9584,0.005,92.09272980690002,98.18838167190552,92.8501455783844,91.44836091995239,93.7581057548523,93.55070328712463,92.68331789970398,90.50331902503967,92.40805792808533,91.76838755607605,92.45680618286133
298,norm_max,QUANN_2,10688,0.005,91.6017644405365,95.92765522003174,93.243492603302,93.7663083076477,94.41553664207458,93.4258279800415,92.18945097923279,91.49639558792114,91.77510142326355,91.15107536315918,93.42226958274841
299,norm_max,QUANN_3,12896,0.005,92.99289226531982,98.12832856178284,94.48306941986084,93.19309711456299,94.201580286026,93.2289125919342,92.21080660820007,92.92935347557068,92.41803503036499,92.12250208854675,93.57213354110718
300,norm_max,QUANN_1a,11696,0.005,92.75739133358002,96.5985996723175,92.74189257621765,92.79692244529724,93.54599666595459,93.27396321296692,92.10666084289551,92.27002334594727,92.15787816047668,93.00477910041809,93.85874557495117
301,norm_max,QUANN_2a,14912,0.005,92.42463278770447,96.40654063224792,94.71828579902649,92.67472124099731,94.22448897361755,92.29748201370239,93.10358667373657,92.70185136795044,92.09277296066284,92.61137914657593,93.25430703163147
302,norm_max,QUANN_3a,21344,0.005,92.02415800094604,99.86912775039673,94.5074360370636,93.1426990032196,93.23700714111328,92.61564302444458,93.07706665992737,92.92746996879578,92.74081683158875,94.05760097503662,94.5633397102356
303,norm_max,QUANN_1c,10672,0.005,91.83389472961426,95.69682359695435,93.46222949028015,93.79564762115479,92.30239772796631,93.74998092651367,92.93891787528992,93.54890036582947,92.88354277610779,92.42203688621521,92.78772735595703
304,norm_max,QUANN_2c,12864,0.005,90.67023634910583,99.6185462474823,96.93709993362427,94.03193950653076,93.5896155834198,92.07750797271729,93.07001948356628,94.00007772445679,93.10232448577881,91.54857683181763,91.1606674194336
305,norm_max,QUANN_3c,17248,0.005,91.00117456912994,100.71477031707764,94.41506505012512,95.1707615852356,95.44245028495789,95.54327869415283,94.74336576461792,92.99256086349487,93.21385335922241,93.4140043258667,92.45197486877441
306,norm_max,QUANN_1,9584,0.01,96.70428371429443,98.43418669700623,98.19568872451782,96.23573851585388,97.99886393547058,97.14539504051208,96.55191135406494,99.05218768119812,96.66883945465088,94.96592450141907,97.20976114273071
307,norm_max,QUANN_2,10688,0.01,95.2296142578125,101.12809634208679,97.01926922798157,97.34069681167603,97.03090524673462,99.05123591423035,97.62548041343689,94.89581298828125,96.06619381904602,97.47919464111328,97.19468307495117
308,norm_max,QUANN_3,12896,0.01,95.51217234134674,100.30122232437134,99.66417050361633,100.74500918388367,96.99128770828247,100.80234122276306,98.70610857009888,98.00992751121521,96.28707599639893,95.65912580490112,96.02977204322815
309,norm_max,QUANN_1a,11696,0.01,95.94294333457947,100.9881911277771,97.73435497283936,98.99853825569153,96.97296595573425,97.67609477043152,96.75551223754883,96.83309388160706,95.36940407752991,96.2406837940216,95.88840937614441
310,norm_max,QUANN_2a,14912,0.01,95.61564135551453,99.58107280731201,101.90807485580444,96.8077609539032,98.33630108833313,99.51675581932068,99.52525091171265,97.31124329566956,96.32089042663574,95.70202612876892,96.70775985717773
311,norm_max,QUANN_3a,21344,0.01,95.19633769989014,103.14639186859131,102.1865963935852,99.12394523620605,98.56429171562195,97.64625835418701,99.04637670516968,94.82067108154297,96.96740198135376,98.39583897590637,94.69172787666321
312,norm_max,QUANN_1c,10672,0.01,97.31748819351196,100.75578284263611,100.71864366531372,98.11024165153503,96.97926831245422,97.72600078582764,99.19077444076538,97.34707283973694,97.27132296562195,95.33818531036377,97.10691857337952
313,norm_max,QUANN_2c,12864,0.01,94.70830416679382,101.66707301139832,99.6615993976593,99.34598231315613,96.33560371398926,99.86834669113159,97.92230272293091,96.43447160720825,96.88917636871338,96.26059293746948,96.52380037307739
314,norm_max,QUANN_3c,17248,0.01,106.91385340690613,101.64698100090027,99.42490029335022,99.72885918617249,100.8445475101471,97.45329356193542,97.59070181846619,100.33666563034058,96.7191960811615,96.41601085662842,106.23460459709167
315,row_max,QUANN_1,9584,0.0001,44.60948169231415,120.28896260261536,108.38377523422241,86.86579394340515,63.429487347602844,55.9662070274353,52.4745728969574,50.13887822628021,48.49271821975708,46.97719478607178,45.39476203918457
316,row_max,QUANN_2,10688,0.0001,40.86669337749481,118.02769041061401,85.64592671394348,62.58864104747772,54.6663978099823,50.479923129081726,48.0538684129715,45.65250599384308,43.789517283439636,42.22191274166107,40.47433888912201
317,row_max,QUANN_3,12896,0.0001,41.71035885810852,88.6028003692627,62.86916935443878,56.0490198135376,51.56406235694885,49.024389028549194,47.20070660114288,45.70532262325287,43.906673550605774,42.705873012542725,42.02495276927948
318,row_max,QUANN_1a,11696,0.0001,44.302576541900635,117.66689872741699,83.36240005493164,62.217143297195435,55.57446229457855,52.18085849285126,49.86034405231476,48.13063883781433,46.62334847450256,45.54459536075592,43.81907629966736
319,row_max,QUANN_2a,14912,0.0001,40.73460912704468,108.87854385375977,66.28449511528015,58.35579586029053,54.06696426868439,51.02517223358154,48.93295180797577,46.66098439693451,44.756168484687805,42.99893307685852,41.47220158576965
320,row_max,QUANN_3a,21344,0.0001,36.64719569683075,87.89444589614868,58.60494410991669,51.92859482765198,48.25408625602722,45.87797558307648,43.50472331047058,41.864137172698975,40.03585350513458,38.394155502319336,36.95021688938141
321,row_max,QUANN_1c,10672,0.0001,42.35926795005798,119.04936289787292,100.79550170898438,74.76213574409485,63.06105875968933,57.54427886009216,53.26626205444336,49.96415197849274,47.03995740413666,44.83778142929077,42.719019532203674
322,row_max,QUANN_2c,12864,0.0001,41.66165244579315,108.21023416519165,66.79685711860657,56.97094178199768,52.66104555130005,49.962746143341064,47.82636022567749,46.092204570770264,44.70856189727783,43.361634612083435,42.08496654033661
323,row_max,QUANN_3c,17248,0.0001,36.69640254974365,69.76183545589447,55.04066836833954,50.049296140670776,47.01907980442047,44.96211338043213,43.18319869041443,41.51103222370148,40.03614401817322,38.499757051467896,36.918829917907715
324,row_max,QUANN_1,9584,0.0005,26.702481031417847,59.42371070384979,49.278393626213074,43.67444610595703,39.49754881858826,35.82959109544754,32.74791622161865,30.76879107952118,29.02114188671112,27.887165188789368,26.47436386346817
325,row_max,QUANN_2,10688,0.0005,22.197852730751038,56.19598078727722,45.384350538253784,40.88926708698273,35.98983871936798,31.81600672006607,28.49102210998535,25.6607483625412,24.310191571712494,23.37152725458145,22.072488129138947
326,row_max,QUANN_3,12896,0.0005,21.44897374510765,52.45769131183624,42.56064569950104,36.85139209032059,32.800715029239655,29.452185094356537,26.810713231563568,25.29136347770691,23.154920995235443,21.819768607616425,21.46165907382965
327,row_max,QUANN_1a,11696,0.0005,20.653382003307343,55.979814529418945,42.26350426673889,34.90882468223572,31.1923970580101,27.90562129020691,25.096582055091858,24.127808392047882,22.377532958984375,21.764638781547546,20.67305138707161
328,row_max,QUANN_2a,14912,0.0005,20.021444499492645,54.03234302997589,40.38645076751709,33.77522265911102,29.197077989578247,26.037127196788788,23.218807220458984,22.22316402196884,21.449425220489502,20.809502720832825,20.020215153694153
329,row_max,QUANN_3a,21344,0.0005,19.86841171979904,47.682191014289856,38.689525842666626,34.23146289587021,30.96167701482773,27.798461437225342,26.01016068458557,23.97052311897278,21.871490120887756,20.332790791988373,19.750721633434296
330,row_max,QUANN_1c,10672,0.0005,22.501230657100677,55.89405810832977,45.82086980342865,40.35741400718689,34.08237558603287,30.023974418640137,27.550042271614075,25.21295201778412,23.39437747001648,22.52370685338974,22.7744899392128
331,row_max,QUANN_2c,12864,0.0005,21.332841098308563,50.82989549636841,42.218876123428345,36.285933554172516,31.651164948940277,28.352785170078278,26.13550627231598,23.276360511779785,22.746501803398132,22.193666577339172,21.254603326320648
332,row_max,QUANN_3c,17248,0.0005,21.39876961708069,48.87550508975983,42.05689060688019,37.25686174631119,32.54191589355469,29.589725494384766,26.60435026884079,24.832119286060333,22.82440173625946,21.939765691757202,21.169372737407684
333,row_max,QUANN_1,9584,0.001,18.598363518714905,50.138296723365784,37.81386637687683,30.711941182613373,26.406960487365723,23.334794998168945,21.524388074874878,21.042351841926575,19.237285375595093,19.149617731571198,17.86681169271469
334,row_max,QUANN_2,10688,0.001,18.56554478406906,46.38887917995453,36.54918569326401,28.559103846549988,25.097798585891724,22.144551753997803,20.99252188205719,19.996483325958252,20.02870672941208,18.793958604335785,18.253892183303833
335,row_max,QUANN_3,12896,0.001,18.641206592321396,48.41957914829254,34.269147872924805,28.892924547195435,25.63285756111145,22.04555332660675,20.351145684719086,20.257182866334915,20.32557401061058,18.117134779691696,18.391215920448303
336,row_max,QUANN_1a,11696,0.001,17.98972162604332,50.683940410614014,37.19723337888718,30.507306158542633,25.06631886959076,22.151146113872528,21.5034841299057,20.0939000248909,19.12419092655182,18.786242365837097,17.827208340168
337,row_max,QUANN_2a,14912,0.001,18.452161371707916,47.245869517326355,34.39858901500702,28.441397726535797,24.708224892616272,22.46197360754013,21.292742252349854,19.951456308364868,19.508927553892136,17.771447718143463,17.80565071105957
338,row_max,QUANN_3a,21344,0.001,16.522137492895126,39.50389075279236,32.31283575296402,26.4216411113739,23.20909321308136,21.86967259645462,20.21204322576523,19.036399722099304,17.246357887983322,16.61998602747917,16.138769268989563
339,row_max,QUANN_1c,10672,0.001,17.059293746948242,48.22180128097534,36.6089791059494,29.547127544879913,24.9416680932045,22.855683028697968,21.190947711467743,20.04143923521042,19.089245945215225,18.336336135864258,17.302742838859558
340,row_max,QUANN_2c,12864,0.001,18.510976254940033,48.08395051956177,35.76700723171234,29.226762652397156,23.881600320339203,20.80933403968811,19.843049734830856,19.511300206184387,18.489287674427032,17.693236470222473,17.930589467287064
341,row_max,QUANN_3c,17248,0.001,17.495309203863144,43.62160813808441,31.53386414051056,25.856197834014893,22.64963674545288,20.999427884817123,19.23831582069397,18.896284729242325,17.84415113925934,18.338458687067032,17.09188950061798
342,row_max,QUANN_1,9584,0.005,14.138165891170502,42.52090585231781,24.521563589572906,19.33595383167267,18.08822387456894,17.548812359571457,16.22678992152214,17.521684497594833,17.21694052219391,14.720950543880463,14.099413514137268
343,row_max,QUANN_2,10688,0.005,14.615209758281708,38.63099932670593,22.493057668209076,20.417394667863846,16.870121330022812,16.395121335983276,15.829414039850235,14.767616987228394,14.955092996358871,14.326508849859238,14.652850300073624
344,row_max,QUANN_3,12896,0.005,13.872238248586655,33.68324702978134,22.65482661128044,17.746039539575577,15.521813094615936,16.31983295083046,14.18082657456398,13.820979624986649,13.811345785856247,13.254643350839615,13.756196171045303
345,row_max,QUANN_1a,11696,0.005,14.0313800573349,38.92148000001907,21.279165357351303,18.208226412534714,16.774591028690338,15.809315741062164,17.55861008167267,15.083840399980545,15.109360128641129,13.35061925649643,13.470111429691315
346,row_max,QUANN_2a,14912,0.005,13.897802352905273,28.645171403884888,19.587255477905273,17.502451837062836,15.693301856517792,14.560026943683624,15.568948686122894,15.012711614370346,13.999652475118637,13.24455839395523,13.512718260288239
347,row_max,QUANN_3a,21344,0.005,12.923570066690445,34.27967715263367,20.2624831199646,15.32388025522232,14.034890294075012,15.599653959274292,14.24423098564148,14.209749162197113,13.172323912382126,13.182356059551239,12.643985003232956
348,row_max,QUANN_1c,10672,0.005,13.221177786588669,32.48378121852875,22.28122192621231,17.8524129986763,18.086228668689728,15.07561132311821,14.271446943283081,14.417465835809708,13.911943346261978,13.553270280361176,13.111903220415115
349,row_max,QUANN_2c,12864,0.005,15.100975781679153,38.30835038423538,20.758993923664093,18.153584390878677,17.866854161024094,16.08133739233017,16.756832391023636,14.44572913646698,14.613048076629639,14.726357519626617,15.209594428539276
350,row_max,QUANN_3c,17248,0.005,14.31671816110611,32.75619286298752,20.146218806505203,18.503668576478958,16.034218072891235,14.73813134431839,14.791727274656296,14.41473764181137,13.480909019708633,13.772328317165375,13.870746850967407
351,row_max,QUANN_1,9584,0.01,16.397684305906296,32.50640678405762,25.457715928554535,20.319645255804062,19.862857282161713,21.06350803375244,16.652076542377472,15.943954437971115,15.74091786146164,16.007483780384064,16.56655690073967
352,row_max,QUANN_2,10688,0.01,15.356115132570267,34.733063995838165,26.751261472702026,21.72204077243805,18.08079519867897,16.16044008731842,18.5559983253479,15.394241243600845,14.18073907494545,15.320238441228867,15.274393111467361
353,row_max,QUANN_3,12896,0.01,14.480236828327179,28.85974681377411,19.453192949295044,20.418703347444534,16.525504529476166,16.440507173538208,14.277328372001648,15.80898043513298,14.424605131149292,14.9414481818676,14.197050541639328
354,row_max,QUANN_1a,11696,0.01,14.981216341257095,41.749417543411255,22.026554703712463,21.08190953731537,17.685465455055237,16.00895220041275,17.268099635839462,15.600032985210419,16.172277867794037,14.671904772520065,14.901347011327744
355,row_max,QUANN_2a,14912,0.01,13.85906007885933,34.853147149086,19.64947122335434,17.890146106481552,16.8106672167778,16.60978800058365,17.089285671710968,13.84339353442192,14.775466948747635,14.243755042552948,13.82504516839981
356,row_max,QUANN_3a,21344,0.01,13.87694987654686,29.886774599552155,21.633074581623077,17.954046934843063,15.88665646314621,14.615860611200333,15.151651263237,15.3229378759861,14.74775967001915,13.672460585832596,13.944470822811127
357,row_max,QUANN_1c,10672,0.01,15.019483357667923,33.7985258102417,22.14516645669937,18.040500700473785,20.033159524202347,15.379249602556229,16.223716855049133,17.95150402188301,14.38364839553833,13.893598943948746,14.833425492048264
358,row_max,QUANN_2c,12864,0.01,14.137838363647461,28.740360379219055,23.262817859649658,18.202012419700623,23.849894523620605,15.283271700143814,16.69509756565094,14.26263102889061,15.66233977675438,14.877020865678787,14.115208387374878
359,row_max,QUANN_3c,17248,0.01,14.201426982879639,29.826386988162994,21.748656183481216,20.98411750793457,18.903707772493362,16.906292974948883,14.506889283657074,16.42736467719078,17.21930781006813,14.60390517115593,13.956582725048065
360,variance,QUANN_1,9584,0.0001,474.10012102127075,1343.737461090088,1227.679594039917,1168.6402320861816,1049.3454914093018,877.178544998169,738.0343971252441,603.2198896408081,519.7950468063354,465.04694843292236,433.243106842041
361,variance,QUANN_2,10688,0.0001,324.24780321121216,1360.6156749725342,1088.0479373931885,774.6871242523193,609.3401670455933,494.70887756347656,417.5462622642517,360.15132665634155,329.1653051376343,313.8651170730591,294.19304609298706
362,variance,QUANN_3,12896,0.0001,293.47463178634644,1117.6808700561523,723.1357660293579,545.2975759506226,424.4172706604004,342.1671109199524,315.78048372268677,293.31805515289307,283.77631282806396,259.5742657184601,255.81316256523132
363,variance,QUANN_1a,11696,0.0001,393.6776900291443,1364.8823738098145,1191.625108718872,981.9772853851318,713.1639738082886,561.6487379074097,478.55615043640137,418.5737352371216,385.3397388458252,360.6911926269531,342.1343483924866
364,variance,QUANN_2a,14912,0.0001,337.03293085098267,1317.875129699707,872.5447998046875,683.0553283691406,565.4164972305298,457.7351155281067,395.79987144470215,361.03569746017456,341.0792775154114,333.3990640640259,298.4845361709595
365,variance,QUANN_3a,21344,0.0001,204.84691524505615,874.3334674835205,590.8880710601807,447.8320188522339,379.09128856658936,297.89840173721313,270.363965511322,245.87204122543335,216.06874346733093,207.423481464386,184.908704996109
366,variance,QUANN_1c,10672,0.0001,427.3726191520691,1529.6896171569824,1175.0777606964111,992.148567199707,762.2720241546631,619.5838956832886,538.3773422241211,483.86963844299316,449.00414848327637,420.89412212371826,395.9238314628601
367,variance,QUANN_2c,12864,0.0001,291.11475110054016,1180.2625827789307,741.7523050308228,588.7130966186523,507.64673137664795,435.2114067077637,368.1964817047119,321.963876247406,304.35236835479736,275.2739448547363,266.18992948532104
368,variance,QUANN_3c,17248,0.0001,216.7650396823883,751.8857145309448,500.9623804092407,390.0403199195862,323.51549673080444,291.86507844924927,264.5821452140808,240.88727068901062,223.07639861106873,215.8950321674347,200.63015580177307
369,variance,QUANN_1,9584,0.0005,309.08090114593506,968.7480411529541,415.68729066848755,366.0928530693054,292.9490795135498,295.48059487342834,272.8073401451111,242.02935981750488,230.74955439567566,216.0049650669098,265.363778591156
370,variance,QUANN_2,10688,0.0005,134.6024055480957,609.863899230957,368.4110813140869,298.9208788871765,296.8315086364746,281.86871099472046,225.47535586357117,184.9252758026123,147.79767298698425,135.1897019147873,115.50348460674286
371,variance,QUANN_3,12896,0.0005,98.56317663192749,449.49112701416016,371.6147532463074,265.1676549911499,264.5587170124054,224.33443474769592,147.86174881458282,125.79037606716156,112.3444254398346,88.99686127901077,96.03377687931061
372,variance,QUANN_1a,11696,0.0005,165.734703540802,665.4792804718018,409.2383222579956,394.2928547859192,333.54548931121826,275.74467277526855,238.62470054626465,232.0144555568695,201.032142162323,183.02684569358826,151.57376384735107
373,variance,QUANN_2a,14912,0.0005,87.22382032871246,578.2203798294067,341.53044080734253,209.4371690750122,156.20309150218964,127.02042543888092,106.61811423301697,92.50263047218323,84.78472435474396,82.41176342964172,71.03199923038483
374,variance,QUANN_3a,21344,0.0005,77.03867346048355,372.9885187149048,255.01159119606018,156.29985642433167,134.21203017234802,102.43893480300903,79.18260896205902,74.01764702796936,70.14062297344208,72.0274099111557,64.63498306274414
375,variance,QUANN_1c,10672,0.0005,116.91143298149109,652.461522102356,383.93774700164795,328.1714539527893,283.78139448165894,256.49080514907837,242.10380506515503,203.84201335906982,155.92323541641235,134.84345769882202,105.91840124130249
376,variance,QUANN_2c,12864,0.0005,95.83031338453293,482.1315574645996,289.20576906204224,291.6557397842407,220.12893176078796,196.38306331634521,181.30390906333923,143.83589100837708,120.86460554599762,111.41438639163971,89.52688920497894
377,variance,QUANN_3c,17248,0.0005,82.04300034046173,357.67352628707886,262.9158763885498,209.3465964794159,191.8535053730011,143.5111963748932,143.5469081401825,106.01364350318909,97.89725112915039,84.20271909236908,73.58900618553162
378,variance,QUANN_1,9584,0.001,114.87746930122375,488.8145704269409,351.16764211654663,320.2807106971741,248.30149865150452,213.5756299495697,176.0097999572754,194.7027678489685,145.7904372215271,159.3708028793335,107.36940026283264
379,variance,QUANN_2,10688,0.001,90.50641548633575,432.8076434135437,321.6333074569702,283.00779819488525,249.2111747264862,167.1800992488861,143.97537863254547,108.37685525417328,114.24994099140167,90.56304156780243,86.3684686422348
380,variance,QUANN_3,12896,0.001,62.040897607803345,359.25588035583496,230.34371280670166,176.53021955490112,130.68457341194153,91.09951138496399,75.3872337937355,69.39650762081146,68.51399964094162,64.96159309148788,59.13918715715408
381,variance,QUANN_1a,11696,0.001,70.49368637800217,442.8474078178406,272.0309615135193,111.53323316574097,114.80787897109985,74.10175544023514,84.38889932632446,125.97838819026947,64.80037784576416,59.28508687019348,65.12947982549667
382,variance,QUANN_2a,14912,0.001,63.06120586395264,367.2198314666748,237.2412896156311,159.4684762954712,105.26640272140503,89.85188019275665,83.32458436489105,71.3200044631958,60.95668798685074,65.31289029121399,58.26888769865036
383,variance,QUANN_3a,21344,0.001,74.33862918615341,352.2693119049072,180.55634021759033,106.95700454711914,149.9017436504364,65.58675754070282,70.00313782691956,100.6276878118515,59.54439324140549,50.382417261600494,71.62591028213501
384,variance,QUANN_1c,10672,0.001,160.86106538772583,393.8251576423645,344.2692861557007,294.09916591644287,269.18137979507446,221.94695043563843,214.8543050289154,150.5852211713791,146.36919164657593,119.25290954113007,146.61849737167358
385,variance,QUANN_2c,12864,0.001,63.56500804424286,376.1210837364197,277.7418932914734,237.81309390068054,234.02831029891968,137.11788654327393,102.40256524085999,86.52172207832336,77.0844332575798,72.24928724765778,60.602765679359436
386,variance,QUANN_3c,17248,0.001,60.27527296543121,351.2624921798706,286.9078845977783,169.55649435520172,118.60831952095032,93.59778571128845,78.2260171175003,70.35375392436981,66.80136144161224,58.90146839618683,54.07787775993347
387,variance,QUANN_1,9584,0.005,73.86949729919434,387.91708421707153,222.0269091129303,181.75732290744781,134.62304401397705,110.04634046554565,100.45438349246979,101.06208050251007,91.4248731136322,84.26766860485077,78.5491373538971
388,variance,QUANN_2,10688,0.005,72.01649570465088,437.90014362335205,173.34727358818054,97.66866433620453,102.50499510765076,84.10302567481995,63.79721039533615,76.57460987567902,61.29982388019562,58.35389006137848,66.06939923763275
389,variance,QUANN_3,12896,0.005,103.34150755405426,287.1449685096741,157.5470678806305,119.71027851104736,71.95054590702057,66.18636691570282,72.55613589286804,81.60906183719635,54.21323198080063,61.108655869960785,97.20975816249847
390,variance,QUANN_1a,11696,0.005,95.92283570766449,492.2218728065491,347.10262966156006,177.7425458431244,74.71074658632278,78.75337851047516,70.13560724258423,66.69747185707092,80.46604490280151,80.63329839706421,94.2791194319725
391,variance,QUANN_2a,14912,0.005,81.70754134654999,306.3292899131775,95.27369451522827,68.05762124061584,84.96169674396515,63.96657752990723,61.43829524517059,50.223249197006226,84.9385678768158,72.93425643444061,74.24137508869171
392,variance,QUANN_3a,21344,0.005,56.94530808925629,186.3516983985901,99.17980432510376,69.38997375965118,70.85322034358978,85.15868079662323,75.64142954349518,67.49482774734497,46.46455383300781,50.89923906326294,51.34106230735779
393,variance,QUANN_1c,10672,0.005,77.25028038024902,376.6890721321106,301.4547348022461,142.39615643024445,99.29679989814758,69.17736399173737,63.34217429161072,82.27546548843384,58.250921845436096,82.31438386440277,70.21370482444763
394,variance,QUANN_2c,12864,0.005,60.84886997938156,354.96915674209595,232.7212312221527,116.59749460220337,86.63672089576721,65.19179058074951,79.25904166698456,70.375275015831,64.89902651309967,63.66878342628479,55.216371297836304
395,variance,QUANN_3c,17248,0.005,72.18751668930054,311.9016704559326,283.99843645095825,99.62880766391754,65.05478817224503,55.29046672582626,63.683454513549805,57.97770655155182,56.08582639694214,59.987162590026855,75.57588338851929
396,variance,QUANN_1,9584,0.01,134.30042362213135,402.14181566238403,243.87565565109253,150.30291080474854,197.69605445861816,121.50492787361145,80.94340640306473,72.98531746864319,75.98085349798203,93.2365757226944,139.51518762111664
397,variance,QUANN_2,10688,0.01,79.52063876390457,405.58904933929443,249.99344396591187,153.54492473602295,99.84226059913635,102.97706985473633,89.3559672832489,69.95911771059036,71.17254722118378,75.7438536286354,71.58226370811462
398,variance,QUANN_3,12896,0.01,95.47600471973419,283.01018714904785,262.0743246078491,85.03717792034149,137.63844871520996,66.39059555530548,60.368637442588806,63.70310264825821,67.68956303596497,60.693301141262054,96.62034857273102
399,variance,QUANN_1a,11696,0.01,76.55252665281296,419.77928495407104,504.00391006469727,216.08744430541992,229.61694192886353,109.00178897380829,102.16086566448212,92.82925415039062,112.2475129365921,77.6495224237442,70.77576231956482
400,variance,QUANN_2a,14912,0.01,96.6664696931839,369.131849527359,235.2561492919922,153.78077602386475,128.99679553508759,145.15688800811768,108.5479667186737,445.45030546188354,122.38865625858307,96.87905943393707,86.79118740558624
401,variance,QUANN_3a,21344,0.01,73.1919681429863,447.2531418800354,100.39465939998627,81.37690210342407,66.9939638376236,67.85644096136093,55.588377237319946,74.02449321746826,61.05464220046997,83.52354645729065,70.82756954431534
402,variance,QUANN_1c,10672,0.01,66.1105243563652,465.9137988090515,511.9196949005127,219.39324426651,123.05357277393341,89.94571626186371,80.5384509563446,116.55058944225311,65.50834214687347,74.406181037426,58.10209447145462
403,variance,QUANN_2c,12864,0.01,82.7142162322998,401.1512050628662,240.40854358673096,391.7125024795532,144.48378777503967,132.70444631576538,104.85174083709717,154.87932133674622,159.20759057998657,68.72958958148956,76.61501288414001
404,variance,QUANN_3c,17248,0.01,120.46002840995789,308.7253227233887,173.76833724975586,109.78321194648743,85.18408983945847,70.1439014673233,63.92620474100113,72.95322299003601,86.6710496544838,65.40111911296844,114.09378576278687
405,skewness,QUANN_1,9584,0.0001,0.025023266643984243,0.02851032151374966,0.027002612652722746,0.026523966749664396,0.02628513693343848,0.026105619908776134,0.02605420135660097,0.025964506901800632,0.02592099306639284,0.025899391621351242,0.02586540684569627
406,skewness,QUANN_2,10688,0.0001,0.025016052211867645,0.0280616280506365,0.02673879300709814,0.026362616481492296,0.02615340065676719,0.026026945502962917,0.02597217887523584,0.025895453291013837,0.0258679639082402,0.025853134167846292,0.02584840077906847
407,skewness,QUANN_3,12896,0.0001,0.025032270117662847,0.02854222257155925,0.02697376039577648,0.026520251238252968,0.026244622393278405,0.026104017975740135,0.02603639359585941,0.02596138120861724,0.025910228490829468,0.02589095989242196,0.025859361165203154
408,skewness,QUANN_1a,11696,0.0001,0.02501352786202915,0.027805381221696734,0.026761238666949794,0.026388124155346304,0.026199223066214472,0.026077200542204082,0.025990470952820033,0.025944142224034294,0.025918598170392215,0.02589243691181764,0.025853205006569624
409,skewness,QUANN_2a,14912,0.0001,0.025067397888051346,0.028118535032263026,0.026823765103472397,0.026372488937340677,0.026183458976447582,0.026062130462378263,0.025976902979891747,0.025900199630996212,0.02588071717764251,0.025859307119389996,0.025842796196229756
410,skewness,QUANN_3a,21344,0.0001,0.02498720196308568,0.02825310075422749,0.026857311371713877,0.026424300333019346,0.026211944204987958,0.02606051426846534,0.025996597774792463,0.025957535195630044,0.02591073460644111,0.025891799887176603,0.025860980298602954
411,skewness,QUANN_1c,10672,0.0001,0.025074997072806582,0.028146577824372798,0.026754593767691404,0.02629832091042772,0.02610035182442516,0.02600390010047704,0.02593743469333276,0.025850062462268397,0.025846835545962676,0.02583661556127481,0.02581867267144844
412,skewness,QUANN_2c,12864,0.0001,0.02502931989147328,0.02791522367624566,0.026691039296565577,0.026336017792345956,0.026111695246072486,0.02602836163714528,0.025934953067917377,0.02588922154973261,0.025836387183517218,0.025824779557297006,0.025792640924919397
413,skewness,QUANN_3c,17248,0.0001,0.02502172943786718,0.028028677683323622,0.026831637806026265,0.02637834713095799,0.026202846522210166,0.026049723324831575,0.025977966492064297,0.025927928101737052,0.025891674653394148,0.025876860658172518,0.025825421616900712
414,skewness,QUANN_1,9584,0.0005,0.024957490153610706,0.026100986055098474,0.02590817987220362,0.025835154694505036,0.025793205364607275,0.025817150773946196,0.025813858141191304,0.025847559882095084,0.02579314011381939,0.025793604785576463,0.025820041104452685
415,skewness,QUANN_2,10688,0.0005,0.0249433996505104,0.026119615155039355,0.025898389983922243,0.025873983249766752,0.025855915882857516,0.025832671322859824,0.025836445449385792,0.025813691143412143,0.025827569828834385,0.025755627633770928,0.025804672564845532
416,skewness,QUANN_3,12896,0.0005,0.024967925332020968,0.026067130209412426,0.02594596688868478,0.02581130911130458,0.025850353733403608,0.02585169253870845,0.025757855619303882,0.02578536784858443,0.025772457564016804,0.02575136598898098,0.025746940460521728
417,skewness,QUANN_1a,11696,0.0005,0.025036492879735306,0.026236191944917664,0.025983118277508765,0.02587875147582963,0.025806607503909618,0.025819130416493863,0.02579736421466805,0.025778766663279384,0.025802308169659227,0.02586999922641553,0.02582264377269894
418,skewness,QUANN_2a,14912,0.0005,0.02495331593672745,0.026192848396021873,0.025912730779964477,0.02593719493597746,0.025916358426911756,0.025847393029835075,0.02581005118554458,0.025794115208555013,0.025855772575596347,0.025807016994804144,0.025824264652328566
419,skewness,QUANN_3a,21344,0.0005,0.02494823542656377,0.026049857668112963,0.0258551113656722,0.025814188324147835,0.025890428049024194,0.02586322883144021,0.02587517854408361,0.025897164887282997,0.02584837714675814,0.0257314988411963,0.025816212582867593
420,skewness,QUANN_1c,10672,0.0005,0.025048267765669152,0.026232623669784516,0.025944105320377275,0.025884061760734767,0.025915788079146296,0.025854993087705225,0.025907156348694116,0.0258212132321205,0.02588745646062307,0.025874063547234982,0.02584937881329097
421,skewness,QUANN_2c,12864,0.0005,0.024992892693262547,0.02628539822762832,0.025907963688950986,0.025864316412480548,0.025791684543946758,0.025863284070510417,0.02584410220151767,0.025795805791858584,0.02581783867208287,0.02582564897602424,0.025796574831474572
422,skewness,QUANN_3c,17248,0.0005,0.02503912601969205,0.026154883293202147,0.025904910144163296,0.025909572665113956,0.025781771109905094,0.02581397077301517,0.025825564400292933,0.025787811464397237,0.025836523534962907,0.025809249957092106,0.025822066992986947
423,skewness,QUANN_1,9584,0.001,0.024996605672640726,0.025998199125751853,0.0259216686245054,0.025930517469532788,0.02585155429551378,0.025831133360043168,0.0257803492131643,0.02583689193124883,0.025856308289803565,0.025781412259675562,0.025790667365072295
424,skewness,QUANN_2,10688,0.001,0.02491727049346082,0.02599731634836644,0.025902550492901355,0.025916849495843053,0.02588025259319693,0.0258920801570639,0.025863785471301526,0.02590050589060411,0.025817014306085184,0.02580338850384578,0.025779028423130512
425,skewness,QUANN_3,12896,0.001,0.02492807063390501,0.02600680259638466,0.02590934664476663,0.025865827599773183,0.025869178934954107,0.0257946407655254,0.02577163904788904,0.025823096453677863,0.025768045568838716,0.025788388855289668,0.025735048693604767
426,skewness,QUANN_1a,11696,0.001,0.024965197837445885,0.0259816664038226,0.025830840633716434,0.025834534608293325,0.025823546428000554,0.025854735780740157,0.02579142031027004,0.025790291576413438,0.025806398945860565,0.025782734708627686,0.02574663911946118
427,skewness,QUANN_2a,14912,0.001,0.024951233906904235,0.025996160635259002,0.025841256428975612,0.02582231946871616,0.025794120563659817,0.025767514191102237,0.025815667759161443,0.025824740412645042,0.025774743262445554,0.025794544664677233,0.025768956023966894
428,skewness,QUANN_3a,21344,0.001,0.024954156950116158,0.02602185952127911,0.025921332475263625,0.025864620634820312,0.025816658831899986,0.025816336506977677,0.02579237226746045,0.025740315322764218,0.025861211557639763,0.025758429197594523,0.025761849887203425
429,skewness,QUANN_1c,10672,0.001,0.024958712427178398,0.026021827710792422,0.02589141670614481,0.025905777933076024,0.025809576152823865,0.02577872754773125,0.025811122206505388,0.025780642172321677,0.025771410757442936,0.02573287731502205,0.025759610522072762
430,skewness,QUANN_2c,12864,0.001,0.024975987122161314,0.025900305539835244,0.025944599590729922,0.025829520367551595,0.025827407487668097,0.025859778572339565,0.025770669570192695,0.025801064213737845,0.02578295790590346,0.02574937726603821,0.025742381694726646
431,skewness,QUANN_3c,17248,0.001,0.024946531077148393,0.025970137619879097,0.02591790904989466,0.025948324881028384,0.02581154025392607,0.025913418881827965,0.02579658370814286,0.025852065184153616,0.0258030193799641,0.025796244415687397,0.025738420721609145
432,skewness,QUANN_1,9584,0.005,0.02496286923997104,0.025668050133390352,0.025801633164519444,0.02571764573804103,0.02577484180801548,0.02577443135669455,0.025783072342164814,0.025750250497367233,0.025714273215271533,0.025722224730998278,0.02575481921667233
433,skewness,QUANN_2,10688,0.005,0.024941860319813713,0.025710744899697602,0.02571796326083131,0.02575479814549908,0.025734959839610383,0.025776733178645372,0.025769159983610734,0.02570637225289829,0.025771657819859684,0.02573988097719848,0.025757015391718596
434,skewness,QUANN_3,12896,0.005,0.024904235469875857,0.025799032620852813,0.025743859878275543,0.025721346610225737,0.0257861620048061,0.02567064081085846,0.02574055374134332,0.025762246310478076,0.025721786980284378,0.025681973027531058,0.025721074198372662
435,skewness,QUANN_1a,11696,0.005,0.024927072459831834,0.025740217562997714,0.02576510002836585,0.025725868705194443,0.025749824184458703,0.025742485944647342,0.025804203760344535,0.025726288731675595,0.025751014007255435,0.025808242964558303,0.025730752327945083
436,skewness,QUANN_2a,14912,0.005,0.024954725755378604,0.025746411381987855,0.02577611996093765,0.02571597884525545,0.025731566129252315,0.02574768796330318,0.025711091118864715,0.02577657569781877,0.025755141396075487,0.025703508697915822,0.025758888194104657
437,skewness,QUANN_3a,21344,0.005,0.02499399133375846,0.025708234461490065,0.025746378960320726,0.025770245643798262,0.025747993728145957,0.025802413991186768,0.025716801319504157,0.025727575208293274,0.02574027475202456,0.025734264811035246,0.02581590908812359
438,skewness,QUANN_1c,10672,0.005,0.02494713751366362,0.025795878435019404,0.025758062227396294,0.025754507078090683,0.025749617780093104,0.025793007109314203,0.025767221115529537,0.025719365512486547,0.025755498179933056,0.025758286035852507,0.025782947952393442
439,skewness,QUANN_2c,12864,0.005,0.024970697704702616,0.025773535919142887,0.025735225179232657,0.02574745111633092,0.025753511436050758,0.025748376705450937,0.025744200305780396,0.025707598339067772,0.02576854408835061,0.025740248209331185,0.025704146217321977
440,skewness,QUANN_3c,17248,0.005,0.02491731831105426,0.025796479545533657,0.025725638028234243,0.025722790247527882,0.02572622345178388,0.02573688473785296,0.02574017853476107,0.025758614268852398,0.025717799813719466,0.02568782161688432,0.025747554027475417
441,skewness,QUANN_1,9584,0.01,0.025023124733706936,0.025731995003297925,0.025892081670463085,0.025870312354527414,0.025780514581128955,0.02574928043759428,0.02577312325593084,0.025745474762516096,0.025823733041761443,0.025884020724333823,0.025972867151722312
442,skewness,QUANN_2,10688,0.01,0.025174805748974904,0.025869607197819278,0.02583620772929862,0.02582648242241703,0.025824156356975436,0.025728481239639223,0.025796397676458582,0.02582822385011241,0.02575944655109197,0.025801044306717813,0.02584505855338648
443,skewness,QUANN_3,12896,0.01,392.36811884865165,0.025786705722566694,0.025824526557698846,0.025875451392494142,0.025756260030902922,0.02579992060782388,0.025823333126027137,0.025868286029435694,0.02574701950652525,0.9620355269871652,68.59889411460608
444,skewness,QUANN_1a,11696,0.01,0.02499027637531981,0.025769364670850337,0.02584948664298281,0.025883401336614043,0.025802343763643876,0.025712017610203475,0.025826233613770455,0.025839763577096164,0.02578995079966262,0.025870103389024734,0.025750681175850332
445,skewness,QUANN_2a,14912,0.01,0.02503842770238407,0.025730951805599034,0.025786173588130623,0.02570503286551684,0.025745140272192657,0.025863199145533144,0.025842837407253683,0.025823358970228583,0.025748641055542976,0.025730906054377556,0.02586752368370071
446,skewness,QUANN_3a,21344,0.01,0.024929435516241938,0.025810653110966086,0.02576646491070278,0.025813402084168047,0.025881512265186757,0.02582602686015889,0.02578590580378659,0.025769074651179835,0.025864061841275543,0.025818980997428298,0.025763223093235865
447,skewness,QUANN_1c,10672,0.01,0.024932886561146006,0.025720820936840028,0.025790536892600358,0.02577654703054577,0.025857412489131093,0.025789295963477343,0.025755306473001838,0.02583779499400407,0.025722557824337855,0.025898464198689908,0.02582291586440988
448,skewness,QUANN_2c,12864,0.01,0.024998146487632766,0.025742116762558,0.025790035870159045,0.02584864603704773,0.025752910500159487,0.025795704103074968,0.025750464003067464,0.025811596889980137,0.025932246644515544,0.02579158853041008,0.025767849350813776
449,skewness,QUANN_3c,17248,0.01,0.02505843687686138,0.025825859658652917,0.025717287324368954,0.02581166769959964,0.025838293542619795,0.02575389068806544,0.025759438081877306,0.0258637749357149,0.025759349286090583,0.02585093688685447,0.02574214868946001
