,Aggregator,Model,Parameters,Learning rate,Test loss,Eval loss 1,Eval loss 2,Eval loss 3,Eval loss 4,Eval loss 5,Eval loss 6,Eval loss 7,Eval loss 8,Eval loss 9,Eval loss 10
0,L2_medoid,QUANN_1,9584,0.0001,22.74673107266426,41.735644698143005,34.642247796058655,30.00430929660797,27.56011390686035,25.977234661579132,24.882083117961884,24.270089626312256,23.922630190849304,23.651477456092834,23.314645409584045
1,L2_medoid,QUANN_2,10688,0.0001,23.315814435482025,42.12876486778259,36.03869813680649,31.722345113754272,29.476245403289795,27.588648200035095,26.139926970005035,25.049369037151337,24.355156362056732,24.032011032104492,23.809704542160034
2,L2_medoid,QUANN_3,12896,0.0001,23.462970733642578,41.72619450092316,34.93104600906372,30.23668360710144,27.591809332370758,26.090245306491852,25.281412601470947,24.76474791765213,24.38195914030075,24.220287799835205,24.08357322216034
3,L2_medoid,QUANN_1a,11696,0.0001,23.045539885759354,41.19379508495331,34.181372225284576,29.864093124866486,27.425897181034088,26.058480620384216,25.396066546440125,25.10055387020111,24.656650364398956,24.083099603652954,23.550766229629517
4,L2_medoid,QUANN_2a,14912,0.0001,22.975044012069702,41.89144146442413,34.66087418794632,30.17861258983612,28.301258623600006,26.824453055858612,25.40108472108841,24.438247740268707,24.079814910888672,23.907972753047943,23.707636296749115
5,L2_medoid,QUANN_3a,21344,0.0001,22.551432818174362,41.52671766281128,34.32220023870468,30.164066195487976,27.253251492977142,25.500364422798157,24.58433824777603,23.965171933174133,23.605599522590637,23.282032370567322,22.942008435726166
6,L2_medoid,QUANN_1c,10672,0.0001,22.804551362991333,41.71190595626831,35.17888230085373,30.820751667022705,28.337077915668488,26.73159795999527,25.593302965164185,24.66675716638565,24.22502601146698,23.843078136444092,23.518070936203003
7,L2_medoid,QUANN_2c,12864,0.0001,22.299752175807953,41.92471408843994,34.98822474479675,30.379559457302094,27.64996826648712,26.153194308280945,25.185214817523956,24.232129275798798,23.525012850761414,23.037685096263885,22.793051421642303
8,L2_medoid,QUANN_3c,17248,0.0001,22.415276497602463,41.51532959938049,34.91052895784378,31.33208167552948,29.180791318416595,27.493309378623962,26.174013376235962,25.15901207923889,24.14170378446579,23.285591423511505,22.790153086185455
9,L2_medoid,QUANN_1,9584,0.0005,17.45646032691002,26.837902903556824,24.16449350118637,22.65183436870575,22.362384557724,21.725582003593445,20.636385142803192,19.526396811008453,18.745189040899277,18.16881513595581,17.74205356836319
10,L2_medoid,QUANN_2,10688,0.0005,17.323001474142075,26.77430087327957,22.89729416370392,22.370206713676453,21.74788922071457,20.513495087623596,19.319578737020493,18.44875994324684,17.965037137269974,17.60199001431465,17.397957295179367
11,L2_medoid,QUANN_3,12896,0.0005,17.184188038110733,27.769713938236237,23.763327956199646,22.079848915338516,20.588199973106384,19.490087747573853,18.643881887197495,18.25573891401291,17.97065970301628,17.62860769033432,17.432978481054306
12,L2_medoid,QUANN_1a,11696,0.0005,17.212025612592697,26.97094476222992,23.039344489574432,22.5044886469841,21.27663892507553,20.027387976646423,19.206780970096588,18.495605647563934,18.002644538879395,17.699763536453247,17.490648329257965
13,L2_medoid,QUANN_2a,14912,0.0005,16.891267716884613,25.797029972076416,23.150573074817657,21.969206303358078,20.57938450574875,19.40114939212799,18.530594915151596,18.009055227041245,17.73202297091484,17.6227605342865,17.216311186552048
14,L2_medoid,QUANN_3a,21344,0.0005,16.94396185874939,27.359331011772156,23.806436836719513,21.441388338804245,19.57723033428192,18.737031996250153,18.272043764591217,17.786824494600296,17.532904654741287,17.406353175640106,17.181646317243576
15,L2_medoid,QUANN_1c,10672,0.0005,17.22058081626892,27.962444245815277,23.56542068719864,22.377669095993042,21.847962200641632,20.874857544898987,19.602176636457443,18.656931668519974,18.16983649134636,17.831083178520203,17.627618819475174
16,L2_medoid,QUANN_2c,12864,0.0005,16.988445669412613,27.032093405723572,22.955613672733307,21.618643939495087,20.302986979484558,19.170145243406296,18.539977312088013,18.10971435904503,17.827354848384857,17.474893450737,17.323288530111313
17,L2_medoid,QUANN_3c,17248,0.0005,17.042695373296738,28.066309928894043,23.63196885585785,21.633006155490875,19.982645362615585,19.157756328582764,18.565497636795044,18.112770527601242,17.80230289697647,17.7173410654068,17.43512997031212
18,L2_medoid,QUANN_1,9584,0.001,17.186785876750946,24.000758111476898,22.36757653951645,20.76997020840645,18.572082459926605,17.801059395074844,17.579518973827362,17.26211541891098,17.206308662891388,17.209423393011093,17.362887144088745
19,L2_medoid,QUANN_2,10688,0.001,16.76784509420395,24.27518993616104,22.115497142076492,19.81498873233795,18.338986307382584,17.632452994585037,17.242810010910034,17.112903594970703,16.926940828561783,17.035052329301834,16.963234543800354
20,L2_medoid,QUANN_3,12896,0.001,16.729474514722824,23.346211373806,20.84472069144249,18.740870505571365,17.762409687042236,17.434715569019318,17.389546751976013,17.33406600356102,17.271713763475418,17.135913372039795,17.03252923488617
21,L2_medoid,QUANN_1a,11696,0.001,16.810370177030563,23.425939083099365,21.523523330688477,18.890933454036713,17.948096603155136,17.37838464975357,17.295745462179184,17.044168919324875,17.040800362825394,17.047468662261963,17.001733362674713
22,L2_medoid,QUANN_2a,14912,0.001,16.68654477596283,23.141978859901428,20.24221968650818,18.5523861348629,17.720706075429916,17.53454053401947,17.51796266436577,17.13825637102127,17.128997832536697,17.147528380155563,17.07549285888672
23,L2_medoid,QUANN_3a,21344,0.001,16.67110726237297,23.71146333217621,19.426336586475372,18.021437376737595,17.53870314359665,17.26402747631073,17.270434617996216,17.325598418712616,17.131459683179855,17.2280433177948,17.148551046848297
24,L2_medoid,QUANN_1c,10672,0.001,16.494155257940292,23.789200127124786,22.082451164722443,19.548969388008118,18.25506043434143,17.623427629470825,17.27993330359459,17.193175703287125,16.951722741127014,16.98088100552559,16.91457375884056
25,L2_medoid,QUANN_2c,12864,0.001,16.627664774656296,23.495722591876984,20.91586247086525,18.786427587270737,18.028620779514313,17.566898107528687,17.33454340696335,17.190876603126526,17.484731405973434,17.10276034474373,17.073216050863266
26,L2_medoid,QUANN_3c,17248,0.001,17.33498176932335,23.296188712120056,20.461834341287613,19.658444583415985,18.996312022209167,18.43239289522171,17.945831835269928,17.89365991950035,17.770838767290115,17.519340246915817,17.448084473609924
27,L2_medoid,QUANN_1,9584,0.005,16.963972628116608,18.966659277677536,18.092666417360306,18.532978922128677,18.751145273447037,17.862277388572693,17.87751668691635,17.887636929750443,17.816112220287323,17.744904100894928,17.536704897880554
28,L2_medoid,QUANN_2,10688,0.005,17.10549509525299,18.364462077617645,17.835826218128204,18.137948840856552,17.61860290169716,17.363629549741745,17.639417976140976,17.48221880197525,17.394562274217606,17.67192569375038,17.38617804646492
29,L2_medoid,QUANN_3,12896,0.005,17.28083249926567,18.588540017604828,18.264731645584106,17.891052544116974,17.748557686805725,17.76461410522461,17.537383258342743,17.834039568901062,17.381328850984573,16.9158878326416,17.522969484329224
30,L2_medoid,QUANN_1a,11696,0.005,17.192412436008453,18.200809359550476,18.250356078147888,17.594248443841934,17.460443288087845,17.736091047525406,17.83983677625656,17.88083815574646,17.804276257753372,17.695083379745483,17.7927003800869
31,L2_medoid,QUANN_2a,14912,0.005,17.17344331741333,18.69755256175995,18.187487483024597,17.92399001121521,17.67024004459381,17.758654952049255,17.60183173418045,17.813345342874527,17.678207337856293,18.029426962137222,17.634155571460724
32,L2_medoid,QUANN_3a,21344,0.005,16.883260041475296,18.67192056775093,18.735578179359436,18.03218287229538,17.45223170518875,17.894863665103912,17.487024128437042,17.54646909236908,17.047439098358154,17.492975741624832,17.310902953147888
33,L2_medoid,QUANN_1c,10672,0.005,17.59431156516075,18.46209666132927,17.86868515610695,18.221158504486084,17.806592404842377,17.791538506746292,17.681431382894516,18.18083530664444,18.02696731686592,18.01376563310623,17.72019451856613
34,L2_medoid,QUANN_2c,12864,0.005,17.116455644369125,18.628271639347076,17.979613065719604,18.05606171488762,17.715490639209747,18.381155788898468,17.663113623857498,17.734162747859955,17.838208377361298,17.77415242791176,17.77064698934555
35,L2_medoid,QUANN_3c,17248,0.005,17.4427090883255,20.326573997735977,19.96434497833252,18.794605314731598,18.476493179798126,18.935814648866653,18.288961499929428,17.787702023983,17.87972727417946,17.975155889987946,17.864553213119507
36,L2_medoid,QUANN_1,9584,0.01,18.389284908771515,19.520303428173065,18.94404861330986,18.560336649417877,18.5064457654953,18.205493092536926,18.862494975328445,18.096476912498474,17.76784098148346,17.51686230301857,18.834521293640137
37,L2_medoid,QUANN_2,10688,0.01,18.02909156680107,19.637625426054,18.557149082422256,18.90421387553215,18.906414061784744,18.79416596889496,18.662913411855698,18.283172100782394,18.357387363910675,17.998441696166992,18.175939202308655
38,L2_medoid,QUANN_3,12896,0.01,18.086957067251205,19.947363317012787,19.15681716799736,18.62923762202263,18.89205425977707,19.68058753013611,18.99247580766678,18.237780660390854,18.73230305314064,18.289891719818115,18.375604271888733
39,L2_medoid,QUANN_1a,11696,0.01,18.503500998020172,19.93968316912651,19.402944266796112,18.858473420143127,19.339255690574646,18.65920051932335,19.382705986499786,19.036709636449814,19.30164012312889,18.863485455513,18.651412427425385
40,L2_medoid,QUANN_2a,14912,0.01,18.169647604227066,19.52328222990036,19.35345447063446,19.68067991733551,19.124803960323334,18.812214821577072,18.830853402614594,18.4744071662426,18.38541853427887,18.921184241771698,18.553004652261734
41,L2_medoid,QUANN_3a,21344,0.01,17.868468403816223,20.289888948202133,18.852413088083267,19.98742985725403,18.644853234291077,18.73472163081169,18.376722782850266,19.073798030614853,18.385887891054153,18.56861886382103,18.215112179517746
42,L2_medoid,QUANN_1c,10672,0.01,18.44546589255333,19.47557008266449,19.49450647830963,19.234192669391632,18.852341026067734,18.77089136838913,18.20629048347473,18.30256685614586,18.760058671236038,18.41202437877655,18.90608024597168
43,L2_medoid,QUANN_2c,12864,0.01,18.129969209432602,20.036357074975967,18.792810440063477,20.025750309228897,19.519788801670074,19.170185923576355,18.97165834903717,19.197837620973587,18.988827109336853,18.361491709947586,18.50552448630333
44,L2_medoid,QUANN_3c,17248,0.01,44.80324363708496,20.128794759511948,19.6485533118248,19.286195635795593,18.702016353607178,45.55921804904938,45.75241029262543,45.6688187122345,45.587414026260376,45.509520530700684,45.44042921066284
45,P2_mean,QUANN_1,9584,0.0001,4.771417543292046,21.002613753080368,15.686019361019135,5.762699604034424,5.30132682621479,5.150060936808586,5.062443196773529,4.985444933176041,4.944673016667366,4.890991315245628,4.8669267147779465
46,P2_mean,QUANN_2,10688,0.0001,4.399033211171627,18.418635070323944,5.892936736345291,5.211428940296173,4.999551326036453,4.868830621242523,4.788491770625114,4.728708617389202,4.653335861861706,4.6233052387833595,4.527510307729244
47,P2_mean,QUANN_3,12896,0.0001,3.650241941213608,14.427439540624619,5.183168545365334,4.815617226064205,4.6602305471897125,4.478084944188595,4.271918721497059,4.0912414118647575,3.9611752331256866,3.8723122030496597,3.805585451424122
48,P2_mean,QUANN_1a,11696,0.0001,3.832259379327297,19.29003894329071,6.0074108093976974,5.369198575615883,5.042469277977943,4.786034941673279,4.628534600138664,4.424341686069965,4.245760448276997,4.077671281993389,3.937094248831272
49,P2_mean,QUANN_2a,14912,0.0001,3.6510574370622635,16.479480922222137,5.658000394701958,5.11346609890461,4.756130553781986,4.504577107727528,4.301026530563831,4.107140891253948,3.9664275124669075,3.8718965649604797,3.8004091158509254
50,P2_mean,QUANN_3a,21344,0.0001,3.5212714970111847,7.556249603629112,4.872447490692139,4.628907032310963,4.372131936252117,4.060424730181694,3.8888020366430283,3.800970509648323,3.751334883272648,3.7084887102246284,3.680461250245571
51,P2_mean,QUANN_1c,10672,0.0001,4.53011728823185,19.018376767635345,6.694649711251259,5.202508762478828,5.006248190999031,4.8879048973321915,4.821620248258114,4.767168782651424,4.714648708701134,4.693151697516441,4.637931026518345
52,P2_mean,QUANN_2c,12864,0.0001,3.759515553712845,12.758325576782227,4.96052722632885,4.690022103488445,4.566766865551472,4.447911314666271,4.285069689154625,4.129173830151558,3.995399445295334,3.889604188501835,3.884166143834591
53,P2_mean,QUANN_3c,17248,0.0001,3.608207754790783,5.311061009764671,4.793866395950317,4.651823505759239,4.541596852242947,4.425148613750935,4.25026398897171,4.0560425370931625,3.9180723801255226,3.8700577318668365,3.7594868168234825
54,P2_mean,QUANN_1,9584,0.0005,3.6064805760979652,5.023783132433891,4.781933784484863,4.680792041122913,4.605477392673492,4.586326248943806,4.435433611273766,4.308920212090015,4.127378508448601,3.930672265589237,3.730138637125492
55,P2_mean,QUANN_2,10688,0.0005,3.245998337864876,4.997438728809357,4.6026070937514305,4.039338141679764,3.802098512649536,3.7028293311595917,3.6196611151099205,3.564247287809849,3.587423898279667,3.447179138660431,3.411527805030346
56,P2_mean,QUANN_3,12896,0.0005,3.2381625026464462,4.784326657652855,4.185082532465458,3.8520819544792175,3.685261331498623,3.663762755692005,3.5766937881708145,3.48586942255497,3.436087653040886,3.410285346210003,3.376263663172722
57,P2_mean,QUANN_1a,11696,0.0005,3.3947485610842705,4.963362008333206,4.044173635542393,3.763667941093445,3.6855001747608185,3.642939068377018,3.6206224784255028,3.59377408772707,3.675185225903988,3.5481373220682144,3.528427578508854
58,P2_mean,QUANN_2a,14912,0.0005,3.2587400749325752,4.512882545590401,3.798347093164921,3.6768833845853806,3.613793767988682,3.6148857325315475,3.550508350133896,3.555408626794815,3.527161158621311,3.45962106436491,3.3941695243120193
59,P2_mean,QUANN_3a,21344,0.0005,3.0888912975788116,3.9487518593668938,3.6945247426629066,3.6106030717492104,3.593880280852318,3.547560475766659,3.5293583124876022,3.5010096803307533,3.460193581879139,3.3829676657915115,3.2072644531726837
60,P2_mean,QUANN_1c,10672,0.0005,3.2299265637993813,4.883740842342377,4.680836111307144,4.554007202386856,4.333178639411926,3.954090766608715,3.755754455924034,3.649958796799183,3.5664630085229874,3.42211252450943,3.351967915892601
61,P2_mean,QUANN_2c,12864,0.0005,3.0229580402374268,4.7384020909667015,4.283557131886482,3.8199272453784943,3.672168143093586,3.6138789504766464,3.6154191568493843,3.4870544970035553,3.407505087554455,3.2871109545230865,3.168450929224491
62,P2_mean,QUANN_3c,17248,0.0005,3.274365533143282,4.721962615847588,4.084511674940586,3.7205645740032196,3.6203912124037743,3.578924521803856,3.5684080347418785,3.5381870344281197,3.6047942861914635,3.4786316826939583,3.4042069390416145
63,P2_mean,QUANN_1,9584,0.001,2.675694178789854,4.827917113900185,4.586394622921944,4.353487923741341,4.1833376213908195,3.695669002830982,3.4259903132915497,3.2782514691352844,3.1170175597071648,2.958303853869438,2.773039922118187
64,P2_mean,QUANN_2,10688,0.001,2.639527842402458,4.40227422863245,3.8136834874749184,3.693113252520561,3.632237024605274,3.5443889647722244,3.428985118865967,3.212343767285347,3.081364244222641,3.015067793428898,2.7529871612787247
65,P2_mean,QUANN_3,12896,0.001,2.50785768404603,4.632520116865635,4.076903022825718,3.7112500071525574,3.5285135954618454,3.412441737949848,3.1985573768615723,3.092063844203949,2.962166115641594,2.7941616103053093,2.6669543758034706
66,P2_mean,QUANN_1a,11696,0.001,2.568130139261484,4.204074412584305,3.7499404177069664,3.6600325405597687,3.6109723448753357,3.564015567302704,3.4579710587859154,3.294425383210182,3.1604485884308815,2.972962260246277,2.708819769322872
67,P2_mean,QUANN_2a,14912,0.001,2.3030581437051296,3.8667138144373894,3.6448930501937866,3.5894186943769455,3.5740826427936554,3.5671725422143936,3.4861975088715553,3.3674630150198936,3.048062413930893,2.7169976010918617,2.4312176816165447
68,P2_mean,QUANN_3a,21344,0.001,2.2153449952602386,4.00731785595417,3.6774193197488785,3.614150010049343,3.558748707175255,3.4997791796922684,3.361028201878071,3.226380854845047,2.881076544523239,2.5856484547257423,2.337260279804468
69,P2_mean,QUANN_1c,10672,0.001,2.6318179294466972,5.029565006494522,4.64482631534338,4.099755212664604,3.814242050051689,3.653037264943123,3.573604829609394,3.380476161837578,3.252609372138977,3.0333626121282578,2.767976224422455
70,P2_mean,QUANN_2c,12864,0.001,2.3388720750808716,4.401456646621227,3.764744870364666,3.6512442603707314,3.625097878277302,3.5629220977425575,3.4774138927459717,3.307927168905735,2.966775618493557,2.6805983260273933,2.479321375489235
71,P2_mean,QUANN_3c,17248,0.001,2.4116182886064053,4.644578009843826,3.705188125371933,3.6665933430194855,3.5684462040662766,3.4943459555506706,3.259271204471588,2.98270995169878,2.832493409514427,2.682530276477337,2.513515628874302
72,P2_mean,QUANN_1,9584,0.005,1.0141408629715443,4.763315178453922,4.252664744853973,3.579699859023094,3.1147268787026405,2.40133910626173,1.900412242859602,1.5596610717475414,1.3348524533212185,1.1557178124785423,1.1418478060513735
73,P2_mean,QUANN_2,10688,0.005,0.996371790766716,4.486963979899883,3.6129641383886337,3.3629298880696297,2.5839950665831566,2.0035986118018627,1.573010589927435,1.4147158730775118,1.2823268305510283,1.1664980594068766,1.1177956461906433
74,P2_mean,QUANN_3,12896,0.005,1.0149286221712828,3.7610272020101547,3.5512325167655945,3.1076387986540794,2.3666607066988945,1.85813632234931,1.5536924824118614,1.5595850981771946,1.3326705060899258,1.1851722374558449,1.1476944722235203
75,P2_mean,QUANN_1a,11696,0.005,0.8019463457167149,4.738216258585453,3.693984366953373,3.4100684747099876,2.875512734055519,2.254164457321167,1.6472524218261242,1.323728146031499,1.2131604216992855,1.0125190149992704,0.9302870891988277
76,P2_mean,QUANN_2a,14912,0.005,0.968704467639327,3.6568716540932655,3.5975752249360085,3.297682821750641,2.385029498487711,1.9071957543492317,1.5097948275506496,1.3084100615233183,1.2748493403196335,1.0659719910472631,1.0757687967270613
77,P2_mean,QUANN_3a,21344,0.005,1.1184283215552568,3.6526669934391975,3.629037745296955,3.1754545867443085,2.274296574294567,1.746188547462225,1.783537957817316,1.4624351635575294,1.1326586678624153,1.1427280642092228,1.2093305122107267
78,P2_mean,QUANN_1c,10672,0.005,0.8643584158271551,4.7465541288256645,3.638427786529064,3.405441053211689,2.627600647509098,1.9804296679794788,1.5233929082751274,1.8199724107980728,1.11069330945611,0.9941735360771418,0.9933101143687963
79,P2_mean,QUANN_2c,12864,0.005,0.8271630480885506,3.8491501957178116,3.53724255412817,3.0035106018185616,2.2055388055741787,1.7222838997840881,1.709476262331009,1.1203903201967478,1.0192962866276503,0.9666865523904562,0.8939343187958002
80,P2_mean,QUANN_3c,17248,0.005,0.8429080080240965,3.81502278894186,3.5341171249747276,3.467070408165455,2.568713918328285,1.9121988229453564,1.4666274152696133,1.210203804075718,1.0209483373910189,1.027790442109108,0.9493138110265136
81,P2_mean,QUANN_1,9584,0.01,0.8134033139795065,4.4350375309586525,3.7356811463832855,2.8029865100979805,2.297595962882042,1.3417375572025776,1.111318964511156,1.0891820192337036,1.0031658243387938,0.923221405595541,0.9814820177853107
82,P2_mean,QUANN_2,10688,0.01,0.9038836322724819,4.204716771841049,3.8767258524894714,2.6977678760886192,2.309419736266136,1.8546464145183563,1.723285000771284,1.420749170705676,1.170590229332447,1.1562147792428732,1.053588030859828
83,P2_mean,QUANN_3,12896,0.01,1.1360483635216951,3.7174102440476418,3.359777770936489,2.7692099660634995,2.1527734994888306,1.7935917563736439,1.534691333770752,1.2154124602675438,1.079933112487197,1.015795849263668,1.2486962135881186
84,P2_mean,QUANN_1a,11696,0.01,0.9608827009797096,3.822175681591034,3.912040665745735,2.889738455414772,1.95498026907444,1.6564392782747746,1.5596362873911858,1.3185074292123318,1.1285742223262787,1.082339333370328,1.097144827246666
85,P2_mean,QUANN_2a,14912,0.01,0.9697091374546289,3.660344682633877,3.4106422439217567,2.7190894559025764,1.9427962191402912,1.609999693930149,1.5713821575045586,1.2784109357744455,1.6116246096789837,1.1686062943190336,1.0932164825499058
86,P2_mean,QUANN_3a,21344,0.01,0.8797975238412619,3.861563377082348,3.3313068449497223,2.905697487294674,1.9001136347651482,1.3770193420350552,1.2736470196396112,1.267492201179266,1.1618971526622772,1.1879434548318386,1.0000175759196281
87,P2_mean,QUANN_1c,10672,0.01,0.9724978599697351,3.740143798291683,3.638390935957432,3.1441412270069122,2.417242482304573,1.6565819159150124,1.5040520802140236,1.6227220073342323,1.2378581892699003,1.1385450698435307,1.0969456620514393
88,P2_mean,QUANN_2c,12864,0.01,0.862125700339675,4.514091722667217,3.4012399464845657,3.021696515381336,1.9540481865406036,1.4034041482955217,1.3346597831696272,1.1620220858603716,1.1269064545631409,0.9907316546887159,1.0119284689426422
89,P2_mean,QUANN_3c,17248,0.01,1.0443970989435911,3.738154448568821,3.629225455224514,2.975035645067692,2.2521498687565327,1.8425735868513584,1.3752399869263172,1.2235852275043726,1.2448348701000214,1.2875760346651077,1.1856779903173447
90,midpoint,QUANN_1,9584,0.0001,31.504725456237793,49.51744043827057,42.61490869522095,37.847440242767334,35.16620194911957,33.55702030658722,32.556843400001526,31.934991478919983,31.390155494213104,31.027157187461853,30.724831521511078
91,midpoint,QUANN_2,10688,0.0001,32.525495648384094,49.61678421497345,42.8917772769928,38.12408494949341,35.92455965280533,34.611097633838654,33.65454339981079,32.798743069171906,32.21829354763031,31.845486402511597,31.554593980312347
92,midpoint,QUANN_3,12896,0.0001,32.17517441511154,50.08392071723938,42.98300886154175,37.65839970111847,35.45544284582138,34.46203076839447,33.72302728891373,32.97571974992752,32.40818804502487,31.924679577350616,31.635815858840942
93,midpoint,QUANN_1a,11696,0.0001,31.89807814359665,49.6369092464447,42.65059816837311,37.88150930404663,35.405943751335144,33.95345550775528,33.13183283805847,32.53968119621277,31.919123470783234,31.476541996002197,31.071115493774414
94,midpoint,QUANN_2a,14912,0.0001,29.738873958587646,49.58508622646332,42.49064576625824,38.0020956993103,35.20227414369583,33.077637672424316,31.461970627307892,30.313487768173218,29.589012622833252,29.283397376537323,29.214742064476013
95,midpoint,QUANN_3a,21344,0.0001,31.481327652931213,49.64714014530182,42.2896009683609,36.970964550971985,34.206107437610626,32.73124951124191,31.754025638103485,31.102354288101196,30.742054760456085,30.629397690296173,30.51714861392975
96,midpoint,QUANN_1c,10672,0.0001,32.76310795545578,49.833319425582886,42.97301268577576,37.94185495376587,35.400020718574524,33.86671996116638,32.878737449645996,32.43582510948181,32.24998086690903,32.10122561454773,31.936114013195038
97,midpoint,QUANN_2c,12864,0.0001,31.15678757429123,49.368096351623535,42.22574853897095,37.43396830558777,34.63212651014328,33.11088562011719,31.94479590654373,31.12908661365509,30.53515714406967,30.216328561306,29.970454156398773
98,midpoint,QUANN_3c,17248,0.0001,32.28275090456009,49.44910931587219,43.00279676914215,38.81384825706482,36.409430384635925,35.11180603504181,34.13162457942963,33.34924852848053,32.49248826503754,31.72665709257126,31.199416756629944
99,midpoint,QUANN_1,9584,0.0005,25.56935477256775,35.451970756053925,31.610850512981415,30.10273438692093,28.98411202430725,28.66187310218811,28.05359309911728,27.15127432346344,26.356567084789276,25.67497092485428,25.370022654533386
100,midpoint,QUANN_2,10688,0.0005,25.40758329629898,34.615973114967346,30.657417058944702,30.454052209854126,29.820918321609497,28.35531085729599,27.515091836452484,26.67603427171707,26.106746077537537,25.73645395040512,25.369265615940094
101,midpoint,QUANN_3,12896,0.0005,25.32330548763275,35.06756937503815,31.00564754009247,29.89884352684021,28.603556752204895,27.332649052143097,26.521336138248444,25.944236874580383,25.578019320964813,25.330828368663788,25.159050226211548
102,midpoint,QUANN_1a,11696,0.0005,25.23367565870285,33.64008432626724,29.999206066131592,29.064821660518646,28.19566959142685,27.086760222911835,26.368604362010956,25.789161562919617,25.441978335380554,25.18966406583786,24.868480920791626
103,midpoint,QUANN_2a,14912,0.0005,25.063409984111786,33.647143483161926,30.717764616012573,28.81322681903839,27.408262252807617,26.57287096977234,26.122195839881897,25.703064501285553,25.480820536613464,25.192671835422516,25.128198504447937
104,midpoint,QUANN_3a,21344,0.0005,24.861646056175232,34.313944816589355,29.776077091693878,28.114773452281952,26.91256421804428,26.431420624256134,25.925277590751648,25.594008564949036,25.35825926065445,25.051969826221466,25.001848220825195
105,midpoint,QUANN_1c,10672,0.0005,25.24266356229782,34.31033515930176,30.880155444145203,29.228174209594727,28.6158047914505,27.664941728115082,26.83223921060562,26.19202584028244,25.63248634338379,25.34384047985077,25.19283676147461
106,midpoint,QUANN_2c,12864,0.0005,25.302554428577423,34.38183909654617,30.97617655992508,29.183113038539886,28.03107488155365,27.0513134598732,26.349000811576843,25.963024020195007,25.614840745925903,25.37474036216736,25.201384484767914
107,midpoint,QUANN_3c,17248,0.0005,25.2603098154068,35.542022466659546,31.323529422283173,29.41489291191101,27.71670365333557,27.16052132844925,26.4561088681221,26.314186930656433,25.812764644622803,25.744956076145172,25.454541981220245
108,midpoint,QUANN_1,9584,0.001,24.539373815059662,31.076040506362915,29.04664707183838,27.354181945323944,26.076736867427826,25.341606736183167,25.245588898658752,25.08089566230774,24.820832788944244,24.796700179576874,24.839912474155426
109,midpoint,QUANN_2,10688,0.001,24.889476776123047,31.977353036403656,28.667517125606537,26.78283578157425,25.79509711265564,25.43052840232849,25.297068655490875,25.026270747184753,25.007664740085602,24.996360182762146,25.02353137731552
110,midpoint,QUANN_3,12896,0.001,25.029752731323242,31.540587067604065,27.444493353366852,26.19522738456726,25.610540866851807,25.279069900512695,25.08794641494751,25.033792674541473,25.020668864250183,24.926927387714386,25.072907745838165
111,midpoint,QUANN_1a,11696,0.001,24.27274787425995,30.67554408311844,27.32763648033142,25.84891927242279,25.235097289085388,25.006255626678467,24.686282634735107,24.613301753997803,24.683326423168182,24.7005797624588,24.6038219332695
112,midpoint,QUANN_2a,14912,0.001,24.621251583099365,30.582423448562622,27.50416201353073,25.96189546585083,25.29569762945175,25.11868727207184,24.82491362094879,24.691651344299316,24.79014229774475,24.690856218338013,24.65711534023285
113,midpoint,QUANN_3a,21344,0.001,24.410454988479614,31.12093621492386,27.695589661598206,26.038808286190033,25.550333082675934,25.376244604587555,25.01392263174057,25.1181458234787,25.170758724212646,25.0723757147789,25.04981529712677
114,midpoint,QUANN_1c,10672,0.001,24.303194999694824,31.0002321600914,28.980574190616608,27.699300944805145,26.09833788871765,25.3906072974205,25.02362024784088,25.036701202392578,24.941100299358368,24.78873872756958,24.637007176876068
115,midpoint,QUANN_2c,12864,0.001,24.611127197742462,31.710922956466675,27.77257376909256,26.431949019432068,25.722164630889893,25.44565773010254,25.21109229326248,24.99414372444153,24.85304206609726,24.882790446281433,24.795596599578857
116,midpoint,QUANN_3c,17248,0.001,24.869331419467926,31.318788647651672,28.391219794750214,26.899361848831177,26.170123636722565,25.856633365154266,25.502976894378662,25.24944543838501,25.17778342962265,25.234040558338165,25.13695353269577
117,midpoint,QUANN_1,9584,0.005,24.748151302337646,27.717646539211273,26.644862234592438,26.020625054836273,25.54639059305191,25.370603442192078,25.51193743944168,25.216861248016357,25.372339963912964,24.97235542535782,25.06381994485855
118,midpoint,QUANN_2,10688,0.005,25.593798518180847,26.689866840839386,26.42148071527481,25.82497078180313,25.79611247777939,25.36216288805008,25.586127817630768,25.247754096984863,26.15163093805313,25.08341670036316,25.818661868572235
119,midpoint,QUANN_3,12896,0.005,25.640676200389862,26.287064135074615,25.631903648376465,26.924086809158325,25.898104965686798,25.56236881017685,26.388977825641632,25.69783353805542,25.745331168174744,25.630749344825745,25.741209864616394
120,midpoint,QUANN_1a,11696,0.005,24.955395936965942,27.01041728258133,26.80882889032364,25.958819806575775,25.508619487285614,25.34469586610794,25.744506657123566,25.66025549173355,25.44823569059372,25.30933040380478,25.31792974472046
121,midpoint,QUANN_2a,14912,0.005,24.910206496715546,26.31635582447052,26.098281502723694,25.99147129058838,26.476426243782043,25.9378502368927,25.620408356189728,25.807891368865967,25.56518656015396,25.35642421245575,25.35970276594162
122,midpoint,QUANN_3a,21344,0.005,25.155540347099304,26.409464955329895,25.823733031749725,25.79233819246292,26.099417448043823,25.79862815141678,25.96236616373062,25.768754422664642,25.45592373609543,25.669278919696808,25.829394936561584
123,midpoint,QUANN_1c,10672,0.005,25.74422401189804,26.43571037054062,25.794210195541382,26.502638459205627,26.179642736911774,25.674374222755432,26.12646573781967,25.978712260723114,25.855255365371704,25.956496596336365,26.041804432868958
124,midpoint,QUANN_2c,12864,0.005,25.321023404598236,26.509070575237274,26.18579602241516,26.782451331615448,26.182523787021637,26.25432139635086,25.855895519256592,26.017314016819,26.09045761823654,25.61802041530609,25.881330847740173
125,midpoint,QUANN_3c,17248,0.005,25.809688687324524,27.08633804321289,26.670685470104218,26.47383326292038,26.21523517370224,26.52388209104538,25.67376136779785,25.971607863903046,25.545827567577362,26.072787582874298,25.876273810863495
126,midpoint,QUANN_1,9584,0.01,26.316512644290924,28.147826671600342,27.457038462162018,27.367103695869446,26.795976281166077,27.33622944355011,27.670422673225403,26.383411526679993,26.979723393917084,26.550200045108795,26.39058232307434
127,midpoint,QUANN_2,10688,0.01,26.41083151102066,28.02157437801361,27.68114745616913,26.80398553609848,26.979483366012573,27.00348973274231,26.61865609884262,26.87079930305481,26.40008705854416,25.835491240024567,26.783426105976105
128,midpoint,QUANN_3,12896,0.01,26.61827039718628,28.263980984687805,27.53105902671814,27.29766172170639,27.37345403432846,27.182841062545776,26.81633359193802,27.039034068584442,27.45502531528473,27.331871151924133,26.521228909492493
129,midpoint,QUANN_1a,11696,0.01,25.91872948408127,28.700355172157288,27.645518898963928,27.458663523197174,27.60524469614029,27.177112936973572,26.88988560438156,26.40781056880951,27.079671382904053,26.956469476222992,26.591895937919617
130,midpoint,QUANN_2a,14912,0.01,25.888411223888397,27.654656052589417,27.132682263851166,28.808628141880035,28.328225016593933,27.399914622306824,26.65698927640915,26.475916028022766,27.94439136981964,26.754611432552338,26.16172206401825
131,midpoint,QUANN_3a,21344,0.01,26.420489013195038,27.80549955368042,27.922732830047607,27.69644159078598,27.326321184635162,27.091518759727478,26.4806210398674,26.548163950443268,26.286688566207886,26.444845497608185,26.619448006153107
132,midpoint,QUANN_1c,10672,0.01,26.402268648147583,28.106959223747253,27.263495802879333,27.314860105514526,27.566114962100983,27.412824153900146,27.69450455904007,27.63834249973297,27.395355880260468,26.83909147977829,27.077143371105194
133,midpoint,QUANN_2c,12864,0.01,27.49097865819931,28.85945075750351,28.96845930814743,28.33189433813095,28.20546817779541,27.00274896621704,27.164770245552063,27.257705092430115,27.16419905424118,27.172397077083588,28.292640566825867
134,midpoint,QUANN_3c,17248,0.01,26.417790412902832,28.591297507286072,27.55025452375412,28.502150654792786,27.639362692832947,26.98763781785965,27.19969606399536,27.36907547712326,27.431298792362213,26.508396446704865,26.58594262599945
135,geometric_median,QUANN_1,9584,0.0001,10.23239877820015,29.69955402612686,22.382542192935944,17.7105133831501,14.763547152280807,13.450679302215576,12.320512190461159,11.205231085419655,10.88230849802494,10.834030345082283,10.770336493849754
136,geometric_median,QUANN_2,10688,0.0001,10.089337974786758,30.242041766643524,21.65640676021576,16.249356508255005,14.137910842895508,13.281311005353928,12.328689530491829,11.566534623503685,10.962233543395996,10.823889076709747,10.761264458298683
137,geometric_median,QUANN_3,12896,0.0001,9.835787519812584,29.368643522262573,21.324045538902283,16.979702204465866,14.256013572216034,12.942524164915085,12.147581607103348,11.549185499548912,10.994340792298317,10.800875395536423,10.669112876057625
138,geometric_median,QUANN_1a,11696,0.0001,11.527956992387772,29.835880517959595,22.23510628938675,17.25143525004387,14.098184794187546,12.767668336629868,12.546464174985886,12.473913311958313,12.383585721254349,12.306215077638626,12.217932313680649
139,geometric_median,QUANN_2a,14912,0.0001,9.931201130151749,29.525604844093323,21.336052238941193,16.62630432844162,14.067218631505966,12.765876829624176,11.607175201177597,10.90772756934166,10.753594547510147,10.647727191448212,10.557841956615448
140,geometric_median,QUANN_3a,21344,0.0001,8.909541189670563,29.612321317195892,21.67467361688614,17.292022615671158,14.916576325893402,13.116583615541458,12.180247396230698,11.463944464921951,10.805359780788422,10.274059236049652,9.760744616389275
141,geometric_median,QUANN_1c,10672,0.0001,10.07411541044712,29.488960683345795,21.655076563358307,16.86431622505188,14.331026792526245,13.11210611462593,11.889414235949516,11.070073068141937,10.954467445611954,10.858294144272804,10.830189257860184
142,geometric_median,QUANN_2c,12864,0.0001,9.741395473480225,29.608320772647858,21.895837604999542,17.004158914089203,14.914692252874374,13.560519397258759,12.277533024549484,11.289770752191544,10.832242488861084,10.65512889623642,10.40341305732727
143,geometric_median,QUANN_3c,17248,0.0001,8.39026902616024,29.58514368534088,21.996102452278137,17.434753447771072,14.929822385311127,12.997923076152802,11.762248426675797,10.975174441933632,10.38989745080471,9.849270686507225,9.339295774698257
144,geometric_median,QUANN_1,9584,0.0005,4.813671924173832,12.900634765625,11.013947501778603,10.766650438308716,10.347046121954918,8.81929711997509,7.857367113232613,6.899668782949448,6.088510617613792,5.673922315239906,5.453065782785416
145,geometric_median,QUANN_2,10688,0.0005,4.652491889894009,13.012543633580208,10.764433071017265,9.106195330619812,7.2911009937524796,6.386350333690643,5.8436578810215,5.5132173001766205,5.369174174964428,5.235476225614548,5.108696207404137
146,geometric_median,QUANN_3,12896,0.0005,4.71798288077116,13.938520342111588,10.284719809889793,7.95053568482399,6.6924992352724075,6.065660625696182,5.68850427120924,5.461158439517021,5.3515323251485825,5.265790119767189,5.212047308683395
147,geometric_median,QUANN_1a,11696,0.0005,4.742493323981762,13.41054081916809,10.550737768411636,8.54334469139576,6.975608974695206,6.164811946451664,5.743104502558708,5.438001297414303,5.306008294224739,5.233222886919975,5.11753311753273
148,geometric_median,QUANN_2a,14912,0.0005,4.517655223608017,13.225495398044586,10.39536763727665,7.969568520784378,6.6852006912231445,5.995241828262806,5.596813924610615,5.360399156808853,5.245250582695007,5.100951693952084,5.0708402916789055
149,geometric_median,QUANN_3a,21344,0.0005,4.376733653247356,13.55259457230568,8.985105484724045,7.26225183904171,6.3201882019639015,5.777905665338039,5.393403105437756,5.217383023351431,5.125978969037533,5.090414509177208,5.012240074574947
150,geometric_median,QUANN_1c,10672,0.0005,4.621112458407879,13.575284749269485,10.885665386915207,10.263567224144936,8.337247774004936,6.791401691734791,6.108658961951733,5.761632300913334,5.508417677134275,5.395108342170715,5.270477671176195
151,geometric_median,QUANN_2c,12864,0.0005,4.757584482431412,14.239859968423843,10.74026072025299,8.978838317096233,7.234891004860401,6.369956307113171,5.93491667509079,5.617320939898491,5.505452141165733,5.42461259663105,5.335874356329441
152,geometric_median,QUANN_3c,17248,0.0005,4.821357004344463,13.659581571817398,9.511873669922352,8.101139411330223,6.948769852519035,6.297994568943977,5.964836992323399,5.750927470624447,5.5845232382416725,5.514090992510319,5.354381762444973
153,geometric_median,QUANN_1,9584,0.001,4.486236922442913,11.094932466745377,10.076230928301811,6.845896631479263,5.884775459766388,5.4983489364385605,5.329340733587742,5.283721350133419,5.130574390292168,5.065595984458923,5.06307040899992
154,geometric_median,QUANN_2,10688,0.001,4.515483610332012,10.769846469163895,7.627155363559723,5.920606732368469,5.481114208698273,5.3906038254499435,5.243284575641155,5.1373531967401505,5.071555100381374,5.036880351603031,4.9870485663414
155,geometric_median,QUANN_3,12896,0.001,4.423537068068981,10.611730635166168,7.168104939162731,5.83871016651392,5.4000552371144295,5.212485380470753,5.051975890994072,4.980279237031937,4.904399394989014,4.880916103720665,4.7788401916623116
156,geometric_median,QUANN_1a,11696,0.001,4.45748633146286,10.46998579800129,7.109027646481991,6.031907580792904,5.675427697598934,5.6390233635902405,5.503208734095097,5.4356639459729195,5.42603937536478,5.339754432439804,5.283711783587933
157,geometric_median,QUANN_2a,14912,0.001,4.357808880507946,10.80504097044468,7.137092009186745,5.853360146284103,5.434076756238937,5.292244724929333,5.180817514657974,5.181222304701805,5.046688310801983,5.005535513162613,4.936138994991779
158,geometric_median,QUANN_3a,21344,0.001,4.289576970040798,9.896166950464249,6.740410894155502,5.742394618690014,5.417267583310604,5.242106266319752,5.157607220113277,5.042286038398743,4.876507319509983,4.801741227507591,4.720212519168854
159,geometric_median,QUANN_1c,10672,0.001,4.35221067070961,10.98200273513794,8.452168688178062,6.046692289412022,5.466453388333321,5.3058497086167336,5.157776862382889,5.056740038096905,4.972880199551582,4.951856799423695,4.9305596724152565
160,geometric_median,QUANN_2c,12864,0.001,4.3197663351893425,10.63591355085373,6.955791637301445,5.782693117856979,5.389159247279167,5.232136197388172,5.122995860874653,5.015489488840103,4.993387080729008,4.886185966432095,4.879301942884922
161,geometric_median,QUANN_3c,17248,0.001,4.127338998019695,9.937500819563866,6.855725735425949,5.96084950864315,5.58961609005928,5.346754178404808,5.147735871374607,5.02680317312479,4.893569715321064,4.746045768260956,4.629074104130268
162,geometric_median,QUANN_1,9584,0.005,3.7279492765665054,6.162696436047554,5.378057934343815,5.201370604336262,5.258910372853279,4.906053587794304,4.757867753505707,4.3721912652254105,4.268353126943111,4.039207264780998,4.077716551721096
163,geometric_median,QUANN_2,10688,0.005,4.147253572940826,5.684074521064758,5.477480076253414,5.381723888218403,5.124375581741333,5.14233772456646,4.898196503520012,4.789950139820576,4.846079923212528,4.617218129336834,4.570444479584694
164,geometric_median,QUANN_3,12896,0.005,3.485894188284874,6.370375722646713,5.430656716227531,5.096223317086697,4.934108570218086,4.734438322484493,4.601614646613598,4.485672436654568,4.326426327228546,4.0134505815804005,4.040968336164951
165,geometric_median,QUANN_1a,11696,0.005,3.5892904177308083,5.798504792153835,5.365514621138573,5.112922586500645,5.136625848710537,4.929557032883167,4.812029205262661,4.73403599858284,4.502476274967194,4.244762405753136,4.136480055749416
166,geometric_median,QUANN_2a,14912,0.005,4.460897080600262,5.562919087707996,5.362769953906536,5.233467973768711,5.008333712816238,4.959288947284222,5.037411890923977,4.857113867998123,4.834352873265743,4.719619438052177,4.931221209466457
167,geometric_median,QUANN_3a,21344,0.005,4.1447756588459015,5.638244964182377,5.389986120164394,5.1452378034591675,4.931024320423603,4.905965209007263,4.736077755689621,4.683309070765972,4.50718891620636,4.601648531854153,4.470578245818615
168,geometric_median,QUANN_1c,10672,0.005,4.189106024801731,6.005552485585213,5.45012242347002,5.411633402109146,5.341233626008034,5.247179917991161,5.09689287096262,4.979921258985996,5.263396322727203,4.815129294991493,4.889870174229145
169,geometric_median,QUANN_2c,12864,0.005,3.356474280357361,5.816890135407448,5.292560294270515,5.146595522761345,4.983345411717892,4.613139256834984,4.496257074177265,4.315393187105656,4.1047278717160225,3.9091006219387054,3.9066532403230667
170,geometric_median,QUANN_3c,17248,0.005,3.5540058687329292,6.451246425509453,5.855304002761841,5.3060687854886055,5.051991358399391,4.989410288631916,4.941103883087635,4.48317115008831,4.578131914138794,4.321079418063164,3.9140194207429886
171,geometric_median,QUANN_1,9584,0.01,3.6839165911078453,6.1666224002838135,5.856116846203804,5.494363158941269,5.486396782100201,4.905312888324261,4.81643234193325,4.28701227158308,4.825186118483543,4.161656826734543,4.181243784725666
172,geometric_median,QUANN_2,10688,0.01,3.7482575103640556,6.198845684528351,6.282358184456825,5.6699773743748665,5.578901834785938,5.3766933009028435,5.31785261631012,4.915330708026886,4.404555149376392,4.459011100232601,4.246263049542904
173,geometric_median,QUANN_3,12896,0.01,3.638708934187889,6.2199240028858185,6.040335759520531,5.954113729298115,5.534318335354328,5.110259786248207,4.712523929774761,4.680262304842472,4.355162590742111,4.289781130850315,4.022076204419136
174,geometric_median,QUANN_1a,11696,0.01,3.7955150827765465,6.027155354619026,6.09724548459053,5.336101278662682,5.077017970383167,4.945669420063496,4.8115862011909485,4.7413793578743935,4.597073063254356,4.670185625553131,4.256395421922207
175,geometric_median,QUANN_2a,14912,0.01,3.7744417935609818,5.940083794295788,6.201559245586395,5.685258239507675,5.4475275203585625,5.228500224649906,4.947293341159821,5.023638658225536,4.517284005880356,4.36391943693161,4.416027791798115
176,geometric_median,QUANN_3a,21344,0.01,3.7038310393691063,6.134639956057072,5.465813755989075,5.512586064636707,5.24386639893055,4.766660556197166,4.55014082044363,4.175351642072201,4.423125319182873,4.086073182523251,3.953924112021923
177,geometric_median,QUANN_1c,10672,0.01,3.8846390545368195,5.871168740093708,5.7852422669529915,5.754382841289043,5.621820792555809,5.4559326171875,5.453754812479019,5.159079924225807,5.078051209449768,4.631280228495598,4.281538233160973
178,geometric_median,QUANN_2c,12864,0.01,3.828309081494808,6.348596826195717,6.2475777715444565,5.4211073368787766,5.43400800973177,4.865303240716457,4.591353952884674,4.531628854572773,4.364680223166943,4.55959128588438,4.182144157588482
179,geometric_median,QUANN_3c,17248,0.01,33.81183898448944,6.713496908545494,5.831344813108444,5.092575669288635,4.978105515241623,4.931497663259506,4.3530853390693665,61.034693121910095,33.78368079662323,33.83192902803421,33.831280171871185
180,marginal_median,QUANN_1,9584,0.0001,11.990821659564972,30.193037569522858,22.536545753479004,18.068362414836884,15.250936210155487,13.42290386557579,12.842362582683563,12.768192797899246,12.700204908847809,12.610590130090714,12.481982052326202
181,marginal_median,QUANN_2,10688,0.0001,10.52874480187893,30.182018160820007,23.045436680316925,18.22175830602646,15.141677856445312,13.023555934429169,11.91731733083725,11.367456197738647,11.278622031211853,11.209910586476326,11.176270499825478
182,marginal_median,QUANN_3,12896,0.0001,10.50884561240673,30.025149285793304,22.287186920642853,18.120207369327545,15.92728042602539,14.145523250102997,13.057048887014389,12.543835788965225,12.21035748720169,11.640736043453217,11.197886854410172
183,marginal_median,QUANN_1a,11696,0.0001,10.847397178411484,30.393442749977112,22.267232596874237,17.21291646361351,14.848342210054398,13.978784531354904,13.27541270852089,12.553643524646759,12.259982973337173,11.857713758945465,11.267886608839035
184,marginal_median,QUANN_2a,14912,0.0001,10.479475498199463,30.411251723766327,22.996188402175903,17.530481696128845,14.6527039706707,13.385284334421158,12.39261782169342,11.63202154636383,11.194449439644814,11.092042863368988,11.001149773597717
185,marginal_median,QUANN_3a,21344,0.0001,9.250432401895523,30.019215762615204,21.796844363212585,16.746524930000305,14.146033138036728,13.25037494301796,12.364687860012054,11.48757916688919,10.650490328669548,10.070310264825821,9.627859234809875
186,marginal_median,QUANN_1c,10672,0.0001,10.473558962345123,29.897438049316406,22.263106763362885,17.586962401866913,15.09738489985466,13.659096837043762,12.533305913209915,11.5424163043499,11.307772129774094,11.234941452741623,11.16125924885273
187,marginal_median,QUANN_2c,12864,0.0001,10.520606011152267,29.96055167913437,21.551001727581024,16.811063438653946,14.612907111644745,13.398793756961823,12.473207592964172,11.73988938331604,11.208985686302185,11.082471638917923,10.981510743498802
188,marginal_median,QUANN_3c,17248,0.0001,10.020758628845215,29.900426387786865,22.40164750814438,18.044034332036972,16.00030216574669,14.403931111097336,13.08560436964035,12.27434304356575,11.709110498428345,11.090160131454468,10.691243082284927
189,marginal_median,QUANN_1,9584,0.0005,4.906627900898457,14.484478861093521,11.203013360500336,10.86838398873806,10.14638265967369,8.354038313031197,6.911054968833923,6.120116412639618,5.69390469789505,5.4641579538583755,5.339692614972591
190,marginal_median,QUANN_2,10688,0.0005,4.909102000296116,13.336614191532135,11.70415249466896,9.866680473089218,7.554634630680084,6.427728936076164,5.920668475329876,5.621160835027695,5.439045183360577,5.344364710152149,5.250763490796089
191,marginal_median,QUANN_3,12896,0.0005,5.017891809344292,13.116400510072708,11.116374462842941,10.124227523803711,7.7898965030908585,6.735621616244316,6.131229355931282,5.7773843333125114,5.594525635242462,5.471878387033939,5.413390763103962
192,marginal_median,QUANN_1a,11696,0.0005,4.949896410107613,14.014335572719574,11.410219252109528,10.298927158117294,7.9008388221263885,6.604692980647087,5.9665209874510765,5.591130845248699,5.4396278113126755,5.3374486938118935,5.2673132717609406
193,marginal_median,QUANN_2a,14912,0.0005,4.793094098567963,14.055118262767792,10.872075647115707,8.893815696239471,7.2111806422472,6.30506095290184,5.801438055932522,5.5487998351454735,5.388458505272865,5.28187170624733,5.210304655134678
194,marginal_median,QUANN_3a,21344,0.0005,4.686560779809952,12.690108358860016,8.66903904080391,6.942013368010521,6.028162956237793,5.545587532222271,5.302510626614094,5.147841386497021,5.04312177747488,4.967681929469109,4.911834463477135
195,marginal_median,QUANN_1c,10672,0.0005,4.861043229699135,14.209754526615143,10.869809716939926,9.323227599263191,7.256801068782806,6.329241015017033,5.848920315504074,5.571256421506405,5.431965380907059,5.333851635456085,5.264103800058365
196,marginal_median,QUANN_2c,12864,0.0005,4.88724747300148,13.607715427875519,10.963318556547165,9.519662946462631,7.505149647593498,6.5455198138952255,5.998956687748432,5.680734671652317,5.516686864197254,5.4223515167832375,5.362912781536579
197,marginal_median,QUANN_3c,17248,0.0005,5.0542681738734245,13.210904061794281,10.466259971261024,8.35539810359478,7.13848440349102,6.462631665170193,6.03836403042078,5.757753141224384,5.599593378603458,5.481993168592453,5.358715891838074
198,marginal_median,QUANN_1,9584,0.001,4.697529226541519,11.203784555196762,9.962557181715965,6.521820992231369,5.761686325073242,5.474547021090984,5.434096150100231,5.27750413864851,5.216313533484936,5.154434517025948,5.127312853932381
199,marginal_median,QUANN_2,10688,0.001,4.6555162370204926,11.199646979570389,7.576593488454819,5.94837960600853,5.633718125522137,5.4220133647322655,5.309667386114597,5.188624478876591,5.148430667817593,5.072463780641556,4.993102945387363
200,marginal_median,QUANN_3,12896,0.001,4.755161494016647,11.136186122894287,7.74147891998291,6.173174701631069,5.629246160387993,5.402496814727783,5.270889401435852,5.218867816030979,5.158822059631348,5.1304812133312225,5.013448089361191
201,marginal_median,QUANN_1a,11696,0.001,4.408124893903732,11.298408687114716,8.265865460038185,6.054073333740234,5.476861864328384,5.280785031616688,5.144826039671898,5.144431807100773,4.987658627331257,4.964141316711903,4.861090607941151
202,marginal_median,QUANN_2a,14912,0.001,4.49786714464426,11.106033831834793,6.842153429985046,5.710125453770161,5.4685555920004845,5.331409640610218,5.13009824603796,5.124236740171909,5.088862836360931,5.024055056273937,4.9542787447571754
203,marginal_median,QUANN_3a,21344,0.001,4.255899295210838,9.964330732822418,7.015884295105934,5.994651019573212,5.418034248054028,5.157621942460537,4.983128055930138,4.909618973731995,4.829164333641529,4.65609835088253,4.561120919883251
204,marginal_median,QUANN_1c,10672,0.001,4.630732506513596,12.130509108304977,7.444780081510544,5.912626996636391,5.544264405965805,5.371442027390003,5.291643403470516,5.215856142342091,5.125474072992802,5.066517077386379,4.985709726810455
205,marginal_median,QUANN_2c,12864,0.001,4.606203213334084,10.777755439281464,6.9172850996255875,6.008501410484314,5.640333220362663,5.440936699509621,5.384840868413448,5.340623900294304,5.240086756646633,5.171345479786396,5.141834177076817
206,marginal_median,QUANN_3c,17248,0.001,4.567687280476093,10.80864205956459,7.344436675310135,6.233395241200924,5.834089808166027,5.431642629206181,5.313196763396263,5.166743129491806,5.070720113813877,4.984372541308403,5.006961368024349
207,marginal_median,QUANN_1,9584,0.005,4.341411426663399,6.2370962500572205,5.438557676970959,5.220327511429787,5.184763178229332,5.116605177521706,4.925183527171612,4.563541233539581,4.4701442420482635,4.4037593975663185,4.605076789855957
208,marginal_median,QUANN_2,10688,0.005,3.687536045908928,6.220787301659584,5.3103398978710175,5.15857806801796,5.133504778146744,4.852854743599892,4.563051022589207,4.3748596385121346,4.236132740974426,3.913569249212742,3.8569163754582405
209,marginal_median,QUANN_3,12896,0.005,3.805737353861332,5.848483830690384,5.599685832858086,5.440929047763348,5.243333555757999,4.959435820579529,4.674605190753937,4.486427575349808,4.186664953827858,4.06801950186491,4.059983678162098
210,marginal_median,QUANN_1a,11696,0.005,4.41227351129055,5.88931180536747,5.472364000976086,5.631955206394196,5.352829061448574,5.123375818133354,5.049887403845787,4.983955964446068,4.862993635237217,4.8545447289943695,4.710268668830395
211,marginal_median,QUANN_2a,14912,0.005,3.73961441218853,5.821520231664181,5.426101922988892,5.391661673784256,5.1892461106181145,4.85187754034996,4.669146455824375,4.445664092898369,4.29556842148304,4.312754914164543,4.114510752260685
212,marginal_median,QUANN_3a,21344,0.005,3.781391128897667,5.773206107318401,5.471584789454937,5.128909155726433,5.09089245647192,4.85359425842762,4.716030478477478,4.739555664360523,4.567048296332359,4.39866391569376,4.036049976944923
213,marginal_median,QUANN_1c,10672,0.005,3.8661276772618294,5.966970793902874,5.520329415798187,5.746390014886856,5.272439256310463,5.286598667502403,4.824080154299736,4.731075279414654,4.427142612636089,4.182566396892071,4.123084239661694
214,marginal_median,QUANN_2c,12864,0.005,3.608761243522167,5.728032901883125,5.433003522455692,5.1551132798194885,4.915642254054546,4.614194683730602,4.3707764856517315,4.1037103570997715,4.1687028259038925,3.924653045833111,3.8140068389475346
215,marginal_median,QUANN_3c,17248,0.005,4.07691640406847,6.343738362193108,5.878443218767643,5.520706802606583,5.314274735748768,5.372748203575611,4.90684001147747,4.825080305337906,4.664602875709534,4.65168958902359,4.48993905633688
216,marginal_median,QUANN_1,9584,0.01,4.200342603027821,6.450338326394558,5.8691727221012115,5.381593637168407,5.200323887169361,5.120207026600838,5.015146851539612,4.73655566573143,4.516529306769371,5.07490611076355,4.552981600165367
217,marginal_median,QUANN_2,10688,0.01,4.08377705514431,6.3936678767204285,5.820681415498257,5.396872840821743,5.189014747738838,5.1013902351260185,4.71425911039114,4.459816217422485,4.3384267538785934,4.598719947040081,4.176228001713753
218,marginal_median,QUANN_3,12896,0.01,4.101596489548683,7.21213199198246,6.543265342712402,5.918189108371735,5.619869410991669,5.339741118252277,5.2653114795684814,5.028150111436844,4.9382378831505775,4.905102200806141,4.5451949685812
219,marginal_median,QUANN_1a,11696,0.01,3.9913012981414795,6.321324057877064,5.802768349647522,5.606035374104977,5.090837240219116,4.838097147643566,4.728002667427063,4.780127167701721,4.589831694960594,4.381296388804913,4.327302016317844
220,marginal_median,QUANN_2a,14912,0.01,4.206541493535042,6.421827904880047,5.957723632454872,5.973642282187939,5.916999593377113,5.475265398621559,5.142826296389103,4.966927632689476,4.837524063885212,4.590908385813236,4.405646912753582
221,marginal_median,QUANN_3a,21344,0.01,4.000365354120731,6.375302366912365,5.715240895748138,5.544721506536007,5.2529909536242485,5.100152932107449,4.630493089556694,4.5550976768136024,4.518779039382935,4.464190669357777,4.235483817756176
222,marginal_median,QUANN_1c,10672,0.01,4.274474211037159,6.4985595643520355,6.097139984369278,6.153175234794617,5.972648702561855,5.427994139492512,5.278614431619644,4.812621124088764,4.948233939707279,4.632763177156448,4.629008427262306
223,marginal_median,QUANN_2c,12864,0.01,3.8215421810746193,6.2855281084775925,5.96034249663353,5.601366616785526,5.2593235820531845,5.115674443542957,4.834563001990318,4.701918870210648,4.6336775198578835,4.364847593009472,4.139858037233353
224,marginal_median,QUANN_3c,17248,0.01,33.805518209934235,6.775791630148888,6.6607576161623,5.6870881244540215,5.543328069150448,5.185258060693741,4.844317369163036,4.5604904890060425,4.727070190012455,34.25877434015274,34.328248262405396
225,log_sum_exp,QUANN_1,9584,0.0001,40.55248385667801,125.46571683883667,112.32795310020447,94.94483399391174,67.33172738552094,53.601585268974304,49.69995355606079,47.10226261615753,45.11885106563568,43.472365975379944,41.58019816875458
226,log_sum_exp,QUANN_2,10688,0.0001,38.80119001865387,118.92820119857788,90.57199263572693,60.134576201438904,52.62275671958923,48.43965673446655,45.86098861694336,44.55738413333893,42.453553438186646,41.07043445110321,39.87783241271973
227,log_sum_exp,QUANN_3,12896,0.0001,34.94111531972885,88.38072061538696,54.39411652088165,49.16930711269379,46.19797909259796,43.9886656999588,41.954084396362305,40.331390380859375,38.58021783828735,36.818267703056335,35.435869097709656
228,log_sum_exp,QUANN_1a,11696,0.0001,41.41639018058777,119.43149781227112,70.83375644683838,56.65495824813843,51.577749371528625,49.311944246292114,47.74481761455536,46.379865527153015,45.15844404697418,43.91943335533142,42.99968457221985
229,log_sum_exp,QUANN_2a,14912,0.0001,34.790668964385986,109.25691938400269,61.18359971046448,52.92420744895935,48.25112497806549,45.1008015871048,42.90381073951721,40.952699065208435,39.13422644138336,37.40612804889679,35.977280378341675
230,log_sum_exp,QUANN_3a,21344,0.0001,34.02384477853775,87.64776182174683,53.16795754432678,47.63619422912598,43.70240020751953,41.70432651042938,39.67731189727783,38.308783173561096,37.14384305477142,35.88124656677246,35.092055916786194
231,log_sum_exp,QUANN_1c,10672,0.0001,38.04799598455429,116.9955518245697,92.44332265853882,60.21152210235596,51.183048248291016,47.66591119766235,45.6892352104187,43.962939977645874,42.463486671447754,40.5538729429245,38.803609788417816
232,log_sum_exp,QUANN_2c,12864,0.0001,39.204684257507324,103.91762137413025,60.824451208114624,52.87995636463165,49.367645382881165,47.40070641040802,45.48476684093475,43.80387890338898,42.640220403671265,41.18463635444641,39.85364079475403
233,log_sum_exp,QUANN_3c,17248,0.0001,36.17860019207001,65.62454545497894,51.291502594947815,47.9417450428009,46.0308712720871,44.30285561084747,42.911182284355164,41.79104399681091,39.640583992004395,38.44519221782684,37.29865825176239
234,log_sum_exp,QUANN_1,9584,0.0005,20.005306214094162,59.45238018035889,42.43234634399414,35.29303586483002,30.671424686908722,27.249828815460205,25.683661460876465,23.948106348514557,22.72756689786911,22.1400209069252,21.08805763721466
235,log_sum_exp,QUANN_2,10688,0.0005,18.930578768253326,52.153000593185425,41.51006031036377,35.94782453775406,31.72369259595871,28.01174396276474,25.346122980117798,23.394376039505005,22.09564220905304,20.57191663980484,20.25201290845871
236,log_sum_exp,QUANN_3,12896,0.0005,17.799156039953232,46.935293793678284,39.23158323764801,34.53225064277649,30.095811009407043,27.78355175256729,23.475385665893555,21.87977623939514,19.84166720509529,18.925553798675537,18.281302452087402
237,log_sum_exp,QUANN_1a,11696,0.0005,17.84294918179512,51.370861768722534,41.81584179401398,33.761635303497314,28.557315230369568,25.95768767595291,23.72290790081024,21.859877288341522,20.54572832584381,19.52305370569229,18.733737587928772
238,log_sum_exp,QUANN_2a,14912,0.0005,19.81157100200653,47.73979902267456,38.52059364318848,32.65608298778534,28.81978005170822,26.179600715637207,23.314039826393127,21.856468498706818,21.69861227273941,20.55015116930008,20.62352567911148
239,log_sum_exp,QUANN_3a,21344,0.0005,18.134995818138123,45.438401222229004,37.67252838611603,31.97470325231552,27.849272191524506,25.031961679458618,22.852713465690613,21.14610332250595,20.49696046113968,19.609201431274414,19.168955147266388
240,log_sum_exp,QUANN_1c,10672,0.0005,18.88820005953312,52.363389015197754,41.41417717933655,35.019079983234406,29.829711079597473,26.904474198818207,24.583288252353668,22.87495517730713,21.538698732852936,20.61865520477295,19.99554818868637
241,log_sum_exp,QUANN_2c,12864,0.0005,18.42850112915039,50.42809736728668,42.23967480659485,36.26754420995712,31.851817548274994,27.945893347263336,24.14905482530594,22.03304773569107,21.231711089611053,19.43073409795761,18.939629286527634
242,log_sum_exp,QUANN_3c,17248,0.0005,18.53411900997162,46.32871091365814,38.51388394832611,32.39841377735138,30.69085729122162,25.37643426656723,22.407835841178894,21.454179286956787,20.66801130771637,19.901716232299805,19.306070148944855
243,log_sum_exp,QUANN_1,9584,0.001,15.770349085330963,45.598583936691284,33.31374680995941,27.240166783332825,24.4043949842453,20.70505252480507,19.504095911979675,18.546961098909378,17.24790433049202,17.17993599176407,16.340231895446777
244,log_sum_exp,QUANN_2,10688,0.001,15.946563139557838,44.88131380081177,33.441593408584595,26.288208603858948,23.683931589126587,21.31855970621109,19.311690002679825,18.7033950984478,17.835847645998,16.922753661870956,16.73561391234398
245,log_sum_exp,QUANN_3,12896,0.001,14.566277131438255,40.96877312660217,32.43605202436447,25.850214779376984,22.685981929302216,22.021592497825623,19.089118659496307,17.47212314605713,16.6972314119339,16.351354122161865,14.95643526315689
246,log_sum_exp,QUANN_1a,11696,0.001,15.307919725775719,44.54564988613129,31.899700701236725,25.52705454826355,21.14937198162079,19.837805211544037,18.902796268463135,18.365139931440353,17.267022639513016,16.80391365289688,15.894299119710922
247,log_sum_exp,QUANN_2a,14912,0.001,14.646434724330902,40.58679115772247,29.58939564228058,24.77913784980774,21.178624868392944,18.73766714334488,18.94957584142685,17.411932706832886,16.330534994602203,15.418846786022186,14.981182366609573
248,log_sum_exp,QUANN_3a,21344,0.001,14.130795985460281,38.39663326740265,30.111959040164948,25.149785816669464,22.829167127609253,20.675559997558594,18.617885887622833,17.289530992507935,16.266723603010178,15.460953921079636,14.761170029640198
249,log_sum_exp,QUANN_1c,10672,0.001,14.468021303415298,46.05206859111786,30.884092450141907,23.364639282226562,20.566627591848373,18.843055814504623,17.905490040779114,17.186489194631577,16.315148413181305,15.992489963769913,14.96488156914711
250,log_sum_exp,QUANN_2c,12864,0.001,14.128437608480453,40.72467517852783,30.403841257095337,25.542461335659027,21.371728360652924,19.22465291619301,17.92460122704506,17.267013728618622,16.97929573059082,15.868922710418701,14.96722000837326
251,log_sum_exp,QUANN_3c,17248,0.001,13.791940107941628,43.520188212394714,33.546166837215424,26.641099989414215,21.522571325302124,19.38844859600067,19.385007590055466,16.715240627527237,15.837296068668365,15.58051073551178,14.854463517665863
252,log_sum_exp,QUANN_1,9584,0.005,13.880798876285553,31.98758327960968,24.726807951927185,19.420546740293503,16.25664645433426,16.18608459830284,14.792934507131577,13.884997844696045,13.324882566928864,12.951117187738419,14.437543094158173
253,log_sum_exp,QUANN_2,10688,0.005,12.153882682323456,32.08653515577316,23.053365230560303,22.76308560371399,16.62281483411789,16.90177771449089,14.107968002557755,13.696998834609985,12.802967518568039,13.268465220928192,12.338076412677765
254,log_sum_exp,QUANN_3,12896,0.005,11.105869844555855,28.677111446857452,19.57232853770256,15.294390112161636,13.350602447986603,13.295491248369217,12.831937402486801,12.390694558620453,12.4738929271698,12.712063521146774,11.641554296016693
255,log_sum_exp,QUANN_1a,11696,0.005,11.706244349479675,32.07483321428299,21.46488583087921,23.072055220603943,16.742045998573303,14.563454180955887,12.663443207740784,14.359765768051147,12.544206708669662,12.18019214272499,12.232262134552002
256,log_sum_exp,QUANN_2a,14912,0.005,11.669642150402069,26.191988229751587,22.270955204963684,16.6024052798748,14.375630050897598,12.742970794439316,12.981968313455582,12.984121084213257,12.422615826129913,12.45606741309166,11.932693511247635
257,log_sum_exp,QUANN_3a,21344,0.005,11.108226776123047,24.776937067508698,18.014390617609024,15.306917428970337,13.273627698421478,13.093539386987686,12.327826142311096,11.670974433422089,11.725722834467888,11.141566395759583,11.253968179225922
258,log_sum_exp,QUANN_1c,10672,0.005,12.124723181128502,28.912037074565887,22.237475752830505,16.93762055039406,15.722779124975204,14.333433777093887,15.089887857437134,13.913540333509445,12.772301614284515,12.688926756381989,12.94760411977768
259,log_sum_exp,QUANN_2c,12864,0.005,11.45646357536316,30.75448763370514,20.4922314286232,17.183850646018982,14.861131489276886,14.259207010269165,13.172718942165375,13.111968517303467,12.431058496236801,12.19064548611641,12.020693838596344
260,log_sum_exp,QUANN_3c,17248,0.005,11.843043833971024,32.34416699409485,18.65847247838974,16.289531469345093,15.663965255022049,13.568905293941498,13.687983304262161,13.450204938650131,14.3749218583107,12.442602694034576,11.99123366177082
261,log_sum_exp,QUANN_1,9584,0.01,12.222068667411804,28.27493453025818,20.95091050863266,18.060207903385162,15.990705728530884,14.211526870727539,13.379365146160126,14.14872545003891,12.561561346054077,12.764774680137634,12.554448187351227
262,log_sum_exp,QUANN_2,10688,0.01,12.143867254257202,28.661194801330566,21.08345663547516,16.678517073392868,15.438952267169952,13.881762474775314,13.856519132852554,13.014933049678802,12.682610511779785,13.005997449159622,12.589609414339066
263,log_sum_exp,QUANN_3,12896,0.01,13.973206534981728,26.84901773929596,20.913873374462128,15.213717103004456,13.399175018072128,12.97345507144928,13.840404510498047,13.052386671304703,12.562464237213135,12.99775019288063,14.416041433811188
264,log_sum_exp,QUANN_1a,11696,0.01,12.539357990026474,33.89136904478073,21.45654195547104,20.276621729135513,15.119581371545792,16.016767501831055,15.905113726854324,14.696687936782837,14.278626769781113,14.655569106340408,12.926338195800781
265,log_sum_exp,QUANN_2a,14912,0.01,12.807887524366379,31.46182471513748,20.97777459025383,20.67013442516327,17.2568396627903,16.458231329917908,15.431754380464554,17.06808167695999,14.943843871355057,14.739564836025238,13.179117023944855
266,log_sum_exp,QUANN_3a,21344,0.01,12.784336566925049,28.615730226039886,16.713611990213394,16.80685743689537,14.43107345700264,14.0716992020607,13.201903074979782,12.910964339971542,14.633241385221481,12.404587119817734,13.206155240535736
267,log_sum_exp,QUANN_1c,10672,0.01,13.65473848581314,31.243343830108643,21.239907562732697,16.501969635486603,14.731651097536087,14.596848636865616,13.886116802692413,12.74782970547676,12.781422674655914,12.623163878917694,13.919820934534073
268,log_sum_exp,QUANN_2c,12864,0.01,13.454727530479431,30.210642278194427,19.942559748888016,16.478448420763016,16.599744498729706,14.475032389163971,14.16308706998825,13.608998715877533,14.944214224815369,13.464255720376968,14.240978509187698
269,log_sum_exp,QUANN_3c,17248,0.01,12.092217087745667,24.98990023136139,18.767318546772003,18.35510101914406,15.2937470972538,14.078543484210968,14.151956886053085,12.3696448802948,15.090400576591492,12.591680139303207,12.248950451612473
270,norm_max,QUANN_1,9584,0.0001,113.44930505752563,159.14463806152344,146.07076168060303,132.0523111820221,124.09936547279358,118.83056998252869,114.8616681098938,111.99990653991699,110.0674958229065,108.49519968032837,107.09431028366089
271,norm_max,QUANN_2,10688,0.0001,112.49964261054993,159.43141508102417,147.2992753982544,135.21374487876892,126.81941032409668,120.98959183692932,116.7926516532898,113.63090300559998,111.16070437431335,109.64596605300903,108.91056752204895
272,norm_max,QUANN_3,12896,0.0001,114.43587851524353,158.80619430541992,145.65123796463013,134.41239404678345,126.85023403167725,121.64725399017334,118.10849666595459,115.55118358135223,113.53471803665161,111.80254220962524,110.10531616210938
273,norm_max,QUANN_1a,11696,0.0001,114.6852867603302,158.75357341766357,145.0393784046173,131.92110419273376,124.2675609588623,119.173091173172,115.8143310546875,113.44240999221802,111.72847580909729,110.39462220668793,109.31049394607544
274,norm_max,QUANN_2a,14912,0.0001,110.44364523887634,159.63034772872925,147.29993867874146,134.383638381958,125.16618299484253,119.0240786075592,114.76725172996521,112.1317127943039,109.77617275714874,107.51774096488953,105.819460272789
275,norm_max,QUANN_3a,21344,0.0001,114.96802377700806,158.53996062278748,143.44974565505981,130.7719922065735,124.37063121795654,120.22022366523743,117.3475694656372,114.71235680580139,112.69885873794556,110.91277194023132,109.24981188774109
276,norm_max,QUANN_1c,10672,0.0001,112.09941720962524,158.74520826339722,144.85245609283447,131.79487681388855,123.91915774345398,118.79658722877502,115.34331798553467,112.87321162223816,110.47985911369324,108.6956262588501,107.04554581642151
277,norm_max,QUANN_2c,12864,0.0001,116.04276990890503,158.81242108345032,145.7852816581726,133.38323640823364,125.9321346282959,121.50250267982483,118.53476691246033,115.92320609092712,113.80266177654266,112.06502413749695,110.085214138031
278,norm_max,QUANN_3c,17248,0.0001,116.56054615974426,159.05894947052002,145.35961866378784,135.40559101104736,129.8463237285614,125.21902799606323,121.43081426620483,118.11398720741272,115.72268891334534,113.75522017478943,112.1483256816864
279,norm_max,QUANN_1,9584,0.0005,96.33823275566101,120.9734091758728,108.10835599899292,101.49121880531311,100.16032695770264,99.09048056602478,98.4661123752594,97.32927620410919,95.99382317066193,94.46692705154419,92.89997518062592
280,norm_max,QUANN_2,10688,0.0005,96.39306926727295,121.8757312297821,108.69385528564453,104.0271577835083,102.24941563606262,100.06890535354614,97.64748847484589,96.61891663074493,95.062544465065,93.65220141410828,92.13496422767639
281,norm_max,QUANN_3,12896,0.0005,95.61901998519897,121.56375002861023,109.54087734222412,103.45814800262451,100.61929512023926,98.64387118816376,97.58685839176178,95.5764387845993,94.5015298128128,92.92520833015442,91.27032995223999
282,norm_max,QUANN_1a,11696,0.0005,95.70618271827698,124.70172142982483,108.59641027450562,104.15230202674866,101.64138865470886,99.12133049964905,97.75052642822266,96.04595839977264,94.20743978023529,92.93467330932617,92.32254183292389
283,norm_max,QUANN_2a,14912,0.0005,94.07527375221252,124.05201268196106,110.66105079650879,103.93338763713837,102.17711973190308,100.26421082019806,96.92088675498962,93.54868674278259,92.48374569416046,91.50001215934753,90.66761267185211
284,norm_max,QUANN_3a,21344,0.0005,94.1421160697937,121.53300738334656,110.04510450363159,102.27423071861267,98.00305092334747,95.98089575767517,94.09400033950806,92.69407725334167,91.86160707473755,91.41498112678528,90.88463795185089
285,norm_max,QUANN_1c,10672,0.0005,97.12868309020996,121.88143157958984,113.00537037849426,104.3552473783493,102.6255555152893,99.18170368671417,98.14886784553528,97.40872609615326,96.33112001419067,94.99524736404419,93.33846271038055
286,norm_max,QUANN_2c,12864,0.0005,95.44795107841492,120.25495481491089,108.11327576637268,101.1448106765747,99.58853697776794,98.34875190258026,97.34165894985199,96.47327959537506,94.77192533016205,93.27812790870667,92.21448063850403
287,norm_max,QUANN_3c,17248,0.0005,95.3263566493988,126.1004490852356,116.52134656906128,109.2673728466034,105.36599624156952,101.230633020401,97.96557116508484,95.46352541446686,93.04840445518494,92.29777479171753,91.53219974040985
288,norm_max,QUANN_1,9584,0.001,91.32556915283203,107.01962065696716,99.7743616104126,97.42058563232422,93.31822299957275,91.24244177341461,89.79286599159241,89.27538442611694,88.99241590499878,88.6727899312973,88.40124595165253
289,norm_max,QUANN_2,10688,0.001,92.10584425926208,113.47721838951111,101.25922012329102,96.72913706302643,93.93529164791107,91.74217057228088,90.21748340129852,89.69628274440765,89.38526928424835,88.85674214363098,89.33564376831055
290,norm_max,QUANN_3,12896,0.001,92.88831067085266,113.04453873634338,101.67923605442047,97.25627899169922,93.20103549957275,90.92877614498138,89.68602442741394,88.9780091047287,88.78173565864563,88.5655345916748,89.04098427295685
291,norm_max,QUANN_1a,11696,0.001,91.7650728225708,109.33817315101624,99.43670403957367,95.69782567024231,91.90725421905518,90.51322615146637,89.64326310157776,89.1188735961914,89.557910323143,88.52871608734131,88.5216429233551
292,norm_max,QUANN_2a,14912,0.001,90.99990177154541,110.1564109325409,101.96708488464355,94.72448742389679,91.91445672512054,90.46087348461151,89.94900751113892,89.44667494297028,89.01134943962097,88.77655398845673,88.85434818267822
293,norm_max,QUANN_3a,21344,0.001,92.42163276672363,112.18761110305786,99.61649012565613,94.67698645591736,91.46917867660522,90.76335656642914,89.83473658561707,89.0856968164444,89.4934800863266,89.08353352546692,89.67471170425415
294,norm_max,QUANN_1c,10672,0.001,90.55169153213501,109.40540432929993,103.13513135910034,99.06898522377014,93.92016804218292,90.88603389263153,90.81565010547638,89.75935900211334,89.53414237499237,89.29303872585297,88.51811671257019
295,norm_max,QUANN_2c,12864,0.001,92.33350658416748,111.37115859985352,100.70276153087616,95.79310536384583,92.53489005565643,91.6950888633728,91.13596653938293,90.59953308105469,89.8972977399826,89.4545019865036,89.57868885993958
296,norm_max,QUANN_3c,17248,0.001,92.02198934555054,112.41155099868774,100.01249539852142,94.38918483257294,92.7556244134903,91.41332721710205,90.33153927326202,89.23974204063416,89.30462265014648,88.73928511142731,89.14583110809326
297,norm_max,QUANN_1,9584,0.005,94.5333878993988,94.30999851226807,91.93046712875366,92.23787808418274,91.62353730201721,91.97616982460022,90.94123935699463,94.6631293296814,90.93735885620117,90.66451394557953,91.08237075805664
298,norm_max,QUANN_2,10688,0.005,95.08546900749207,96.46212387084961,92.73406827449799,95.04487490653992,91.8246898651123,90.857861161232,91.76325070858002,91.89443600177765,90.94506549835205,90.39675879478455,91.30461728572845
299,norm_max,QUANN_3,12896,0.005,94.96495199203491,96.9726333618164,93.37750828266144,93.60649108886719,92.1009430885315,93.26267051696777,93.910973072052,91.62863731384277,91.81001901626587,91.0128972530365,91.72912275791168
300,norm_max,QUANN_1a,11696,0.005,97.75956320762634,96.4813551902771,91.96718835830688,91.42755258083344,91.36495840549469,90.29795849323273,93.22471213340759,90.27020645141602,90.81782674789429,92.06702995300293,92.5980623960495
301,norm_max,QUANN_2a,14912,0.005,94.98491954803467,94.44244945049286,96.19383573532104,92.31871592998505,92.8503452539444,91.94390523433685,91.93805146217346,92.613884806633,92.73287892341614,94.147580742836,92.08218193054199
302,norm_max,QUANN_3a,21344,0.005,95.50130319595337,95.64918434619904,96.08284389972687,94.24575448036194,91.81074976921082,92.7965955734253,91.35225975513458,92.51581823825836,92.32594108581543,93.37170457839966,92.51206910610199
303,norm_max,QUANN_1c,10672,0.005,95.2036521434784,98.27842938899994,93.44597351551056,90.78985369205475,91.38226389884949,91.09699249267578,91.4139175415039,90.97679507732391,91.01975357532501,90.34783577919006,92.66929364204407
304,norm_max,QUANN_2c,12864,0.005,95.98628187179565,96.15193021297455,91.966277718544,92.04065942764282,92.06801116466522,91.85383093357086,91.62338304519653,93.54941785335541,90.7871743440628,91.280198097229,92.41191411018372
305,norm_max,QUANN_3c,17248,0.005,97.44768619537354,99.68358659744263,95.93270409107208,95.69694602489471,93.21265351772308,92.6474061012268,92.93958783149719,93.32124328613281,92.64441120624542,91.79411852359772,94.42797887325287
306,norm_max,QUANN_1,9584,0.01,98.08688020706177,99.1324212551117,97.34544539451599,95.08098828792572,95.3971471786499,96.01894676685333,95.84620988368988,95.215735912323,97.93150186538696,96.4486780166626,94.64391350746155
307,norm_max,QUANN_2,10688,0.01,98.87233471870422,102.30642235279083,96.84394013881683,96.47868824005127,99.15178751945496,98.49461483955383,96.4384617805481,96.56174921989441,95.55213630199432,93.92712187767029,95.14807033538818
308,norm_max,QUANN_3,12896,0.01,100.39594054222107,101.25227737426758,96.62601327896118,98.32759845256805,96.94144463539124,98.36771607398987,102.83015596866608,95.86738753318787,95.1246258020401,95.33400881290436,95.8054552078247
309,norm_max,QUANN_1a,11696,0.01,97.98464846611023,97.6894189119339,96.75197398662567,96.57912802696228,95.42888414859772,95.89945268630981,93.44874024391174,93.86572682857513,95.34037792682648,94.6376600265503,96.26913928985596
310,norm_max,QUANN_2a,14912,0.01,97.6955201625824,100.9603282213211,97.01750755310059,95.51092052459717,96.1500473022461,95.52003622055054,95.12675499916077,94.0158851146698,97.8062653541565,95.00668478012085,94.53425431251526
311,norm_max,QUANN_3a,21344,0.01,99.92992949485779,99.01121068000793,98.19655060768127,95.71622049808502,98.78823447227478,96.06069266796112,96.37385928630829,97.03029501438141,96.69163298606873,97.99641466140747,96.4805337190628
312,norm_max,QUANN_1c,10672,0.01,99.2867169380188,101.79409897327423,97.58126747608185,96.29888761043549,97.6527693271637,98.10201072692871,95.54795479774475,94.61998200416565,95.16820216178894,98.21996057033539,95.2019704580307
313,norm_max,QUANN_2c,12864,0.01,101.54687666893005,104.80555367469788,98.79549646377563,99.0749728679657,97.99498581886292,96.82828116416931,96.44794619083405,95.85383427143097,98.5493369102478,96.50146663188934,98.27065229415894
314,norm_max,QUANN_3c,17248,0.01,99.51670145988464,105.10825228691101,107.26936542987823,99.86705493927002,102.24118328094482,97.39058518409729,97.20653223991394,97.69909131526947,97.0478572845459,97.56232964992523,95.86143565177917
315,row_max,QUANN_1,9584,0.0001,41.27569878101349,122.59989070892334,112.53585290908813,98.47783517837524,72.2662261724472,55.49898874759674,50.274550914764404,47.2062349319458,44.82431495189667,43.05113744735718,41.08016788959503
316,row_max,QUANN_2,10688,0.0001,44.095685839653015,116.38083267211914,78.31860744953156,61.48326313495636,54.6181937456131,50.208414912223816,48.1129047870636,46.96028184890747,46.040300607681274,44.63741970062256,43.657049775123596
317,row_max,QUANN_3,12896,0.0001,41.83348107337952,93.71891522407532,57.498793959617615,50.83246290683746,48.10178983211517,46.57759654521942,45.326253175735474,44.54649519920349,43.430503129959106,42.25888681411743,41.03049910068512
318,row_max,QUANN_1a,11696,0.0001,44.47537279129028,120.34885549545288,84.34828341007233,60.58059358596802,54.63603675365448,51.31714141368866,49.451256275177,48.057417154312134,46.77102518081665,45.82540249824524,44.87384510040283
319,row_max,QUANN_2a,14912,0.0001,39.341334104537964,112.4028422832489,65.63057672977448,54.398451924324036,49.55685997009277,46.937591910362244,44.415040135383606,42.688151836395264,41.86015069484711,40.012065172195435,38.58884906768799
320,row_max,QUANN_3a,21344,0.0001,37.223445415496826,80.48286473751068,55.21407675743103,49.73479640483856,46.23059105873108,43.766260385513306,41.66197168827057,40.183605790138245,38.718531012535095,37.74831396341324,36.51503533124924
321,row_max,QUANN_1c,10672,0.0001,42.315667510032654,121.36766171455383,98.69774007797241,69.69958293437958,56.89872884750366,52.164233446121216,49.46565532684326,47.04696702957153,45.08857500553131,43.389514327049255,42.08905625343323
322,row_max,QUANN_2c,12864,0.0001,39.38206505775452,100.13642048835754,60.73455250263214,53.4146773815155,49.13307332992554,46.66554307937622,44.52748787403107,43.03700852394104,41.53813147544861,40.039730191230774,38.761666893959045
323,row_max,QUANN_3c,17248,0.0001,39.159258008003235,63.150033712387085,52.10684514045715,48.017056822776794,45.85195183753967,44.576008677482605,42.86363685131073,41.39156985282898,40.52477991580963,39.336368441581726,38.35537028312683
324,row_max,QUANN_1,9584,0.0005,25.115032970905304,58.838531255722046,44.46481478214264,38.96161651611328,34.30719619989395,30.94609761238098,28.53250378370285,26.710855901241302,26.604310929775238,25.25039279460907,24.971697449684143
325,row_max,QUANN_2,10688,0.0005,22.709640204906464,53.204813838005066,43.57860267162323,36.272761166095734,32.173407554626465,29.29366147518158,27.84123468399048,26.69254493713379,24.52785038948059,24.1391339302063,22.592085123062134
326,row_max,QUANN_3,12896,0.0005,20.940944492816925,47.796242237091064,40.684871792793274,37.2495197057724,31.755427956581116,27.8058043718338,24.652405858039856,22.898802399635315,21.61997264623642,20.845863699913025,20.44816279411316
327,row_max,QUANN_1a,11696,0.0005,21.941321551799774,53.25115370750427,42.387622356414795,35.701855301856995,30.68876701593399,28.985504269599915,26.543201506137848,25.22943240404129,24.069912314414978,22.64353448152542,21.826711773872375
328,row_max,QUANN_2a,14912,0.0005,20.761835634708405,49.11025416851044,38.80075263977051,34.44003343582153,30.44241851568222,27.062965512275696,24.67571896314621,23.1041818857193,22.187315106391907,21.370424389839172,20.92393034696579
329,row_max,QUANN_3a,21344,0.0005,20.44842404127121,47.711848855018616,37.81326472759247,32.040424048900604,28.81496685743332,25.66325742006302,24.289710104465485,22.821916699409485,21.361171185970306,20.598989218473434,20.134987950325012
330,row_max,QUANN_1c,10672,0.0005,21.63142228126526,54.49102568626404,43.44029998779297,36.4650262594223,30.824384927749634,27.75565856695175,25.673598408699036,23.62725168466568,23.215601921081543,21.7426917552948,21.111208885908127
331,row_max,QUANN_2c,12864,0.0005,21.810829401016235,50.099780797958374,42.09316027164459,36.47127711772919,32.15006226301193,28.681789755821228,25.879193246364594,24.263272762298584,23.275306940078735,23.574206948280334,21.500918209552765
332,row_max,QUANN_3c,17248,0.0005,20.09602439403534,45.69360399246216,39.187490820884705,33.987754464149475,30.822892546653748,26.732493996620178,24.452942311763763,23.05965620279312,21.63641929626465,20.451618194580078,19.92678040266037
333,row_max,QUANN_1,9584,0.001,19.403690576553345,49.92099618911743,37.90788233280182,30.692431390285492,27.0763498544693,24.023934483528137,23.448984801769257,21.207622408866882,20.294593155384064,19.159364253282547,18.409913808107376
334,row_max,QUANN_2,10688,0.001,18.970122784376144,49.49952018260956,38.743821144104004,32.23282450437546,26.744861960411072,24.44517546892166,22.895411431789398,21.20588779449463,20.21948266029358,20.089034467935562,18.404548704624176
335,row_max,QUANN_3,12896,0.001,17.05150407552719,43.44034719467163,34.45636439323425,28.76495236158371,24.786164343357086,21.217045605182648,19.34645077586174,19.065807938575745,18.091779738664627,18.23736047744751,16.52262434363365
336,row_max,QUANN_1a,11696,0.001,18.066287010908127,47.72804236412048,36.70010828971863,31.29245913028717,25.97091692686081,22.94085794687271,21.066173195838928,20.05396991968155,19.160471081733704,18.40813997387886,17.982384473085403
337,row_max,QUANN_2a,14912,0.001,16.046354353427887,46.893454909324646,33.4112691283226,26.015146374702454,21.373889446258545,20.751996636390686,19.19266700744629,18.446629613637924,17.543394714593887,16.918280512094498,16.09313616156578
338,row_max,QUANN_3a,21344,0.001,16.08439201116562,43.7747939825058,33.885276436805725,26.823489546775818,23.044866025447845,20.30847156047821,20.139201521873474,18.81830006837845,17.67966052889824,16.820975214242935,15.833587229251862
339,row_max,QUANN_1c,10672,0.001,17.605629354715347,48.91342508792877,35.85671252012253,28.918271005153656,24.744743406772614,22.238930881023407,21.15293511748314,20.54822012782097,18.34033039212227,18.20401632785797,16.943708956241608
340,row_max,QUANN_2c,12864,0.001,17.657532393932343,45.17963480949402,33.83015304803848,26.44912475347519,25.266766369342804,21.517442762851715,20.00266134738922,19.268044024705887,18.291693180799484,18.69775027036667,16.910188525915146
341,row_max,QUANN_3c,17248,0.001,16.459543347358704,51.011820554733276,34.440363705158234,27.374549448490143,24.00638496875763,20.275488913059235,20.31840741634369,18.48703959584236,17.4549942612648,17.35650584101677,16.359629571437836
342,row_max,QUANN_1,9584,0.005,14.91198468208313,36.14381808042526,24.129925310611725,19.354386419057846,17.827764093875885,16.478655368089676,15.292382597923279,15.131228297948837,14.9992054104805,13.718766123056412,14.235544353723526
343,row_max,QUANN_2,10688,0.005,14.259627014398575,35.221913158893585,24.44064062833786,18.946753650903702,16.620738565921783,16.012299358844757,16.802600264549255,14.80843272805214,13.402722984552383,13.053169459104538,13.621118515729904
344,row_max,QUANN_3,12896,0.005,13.767908036708832,26.79699468612671,19.3789145052433,17.125409930944443,15.482604742050171,14.334613621234894,13.759092658758163,13.751803576946259,14.444962561130524,12.950005799531937,13.462519466876984
345,row_max,QUANN_1a,11696,0.005,14.893843621015549,33.16303038597107,21.052755266427994,17.530881613492966,16.17977085709572,14.844653010368347,14.021827727556229,14.043009847402573,13.585836976766586,13.932952523231506,14.05066192150116
346,row_max,QUANN_2a,14912,0.005,15.183239668607712,31.26352822780609,21.26102352142334,18.171905636787415,16.513806700706482,14.190389424562454,14.735047847032547,12.955659002065659,13.645951628684998,13.14353284239769,14.695952653884888
347,row_max,QUANN_3a,21344,0.005,13.370962023735046,29.370252788066864,18.419538378715515,16.39028587937355,14.26054334640503,13.898354709148407,13.51210418343544,14.138839036226273,13.867468267679214,13.85898819565773,12.621364653110504
348,row_max,QUANN_1c,10672,0.005,13.423631578683853,38.45183724164963,24.025209367275238,17.884250670671463,15.445361524820328,14.535512417554855,14.407903134822845,15.552296668291092,13.085550129413605,12.784346640110016,12.576128393411636
349,row_max,QUANN_2c,12864,0.005,13.469397962093353,32.07876032590866,22.01132881641388,19.465560793876648,16.779604703187943,15.834690302610397,28.660566866397858,13.985368698835373,14.5316581428051,14.276257395744324,12.907077968120575
350,row_max,QUANN_3c,17248,0.005,13.465381503105164,29.7964146733284,22.347667932510376,18.660191148519516,17.599465906620026,15.05919548869133,14.341004490852356,13.961049616336823,13.214233756065369,12.77755081653595,12.714902549982071
351,row_max,QUANN_1,9584,0.01,14.805645793676376,38.85519194602966,21.144775301218033,19.939956784248352,16.032999008893967,15.89199486374855,14.686288565397263,14.687607228755951,15.186693966388702,14.00695726275444,13.817201435565948
352,row_max,QUANN_2,10688,0.01,14.615773886442184,34.35251921415329,22.64663404226303,18.594473361968994,16.13108265399933,17.221906036138535,14.252244591712952,13.699846118688583,13.805741488933563,13.48389846086502,13.743423789739609
353,row_max,QUANN_3,12896,0.01,15.728053271770477,31.245587050914764,23.041259050369263,15.695418655872345,14.494093805551529,14.736433655023575,13.680956542491913,14.744186162948608,13.359076857566833,15.602995663881302,15.174220591783524
354,row_max,QUANN_1a,11696,0.01,15.208564430475235,46.26525259017944,27.668928563594818,16.54297748208046,16.49347695708275,15.639633566141129,16.700286865234375,17.648401021957397,15.618792623281479,14.65378800034523,14.954060971736908
355,row_max,QUANN_2a,14912,0.01,16.30155909061432,31.692795157432556,21.956908583641052,21.14679718017578,16.76246213912964,14.951172858476639,15.660749107599258,14.122125387191772,15.074317276477814,13.680308014154434,15.613780409097672
356,row_max,QUANN_3a,21344,0.01,14.247355997562408,39.335245847702026,18.29195725917816,16.047955989837646,14.7023486495018,18.404144316911697,15.13715723156929,13.787491589784622,12.56403961777687,13.402876228094101,13.821007460355759
357,row_max,QUANN_1c,10672,0.01,15.411434769630432,27.4170058965683,19.48413395881653,16.814882814884186,21.650349497795105,15.252675384283066,13.941144496202469,16.18967804312706,16.05423304438591,14.680350244045258,14.903950333595276
358,row_max,QUANN_2c,12864,0.01,15.325260818004608,30.749330043792725,21.771843671798706,17.73150324821472,15.201594352722168,14.751305311918259,16.71890988945961,13.176741540431976,15.016926556825638,14.686895370483398,14.524741560220718
359,row_max,QUANN_3c,17248,0.01,14.251612901687622,26.708966076374054,20.76867514848709,17.084274262189865,16.008336007595062,14.834506869316101,15.338750630617142,14.51478025317192,15.336978793144226,16.46040841937065,13.594731569290161
360,variance,QUANN_1,9584,0.0001,465.8910565376282,1329.5116004943848,1183.6555614471436,1124.5700645446777,1020.9729986190796,845.2420234680176,693.0578603744507,584.829571723938,522.7488451004028,486.878701210022,447.7999277114868
361,variance,QUANN_2,10688,0.0001,324.39956307411194,1271.4796161651611,1018.0638942718506,770.5420093536377,608.303708076477,485.3862056732178,395.91605520248413,355.14894342422485,327.28925371170044,314.4452061653137,300.58032274246216
362,variance,QUANN_3,12896,0.0001,277.3796145915985,1061.2255859375,669.6246433258057,549.7194690704346,474.0824270248413,412.18453884124756,348.6312165260315,309.7333526611328,288.41007804870605,272.7243802547455,261.4886198043823
363,variance,QUANN_1a,11696,0.0001,224.4750475883484,1315.0303955078125,1100.3543395996094,882.1552076339722,710.2729787826538,616.4657621383667,559.405442237854,468.1770210266113,321.0894298553467,260.1819043159485,223.74384808540344
364,variance,QUANN_2a,14912,0.0001,259.3362901210785,1252.3332977294922,796.6741876602173,659.977162361145,575.3665561676025,490.3513298034668,405.22295665740967,358.65772438049316,314.00969076156616,292.9250054359436,266.40944957733154
365,variance,QUANN_3a,21344,0.0001,245.36382699012756,885.5975437164307,612.5213985443115,450.25904989242554,352.06842613220215,329.8776569366455,301.91325330734253,272.3248043060303,259.07209634780884,238.46974349021912,238.99371695518494
366,variance,QUANN_1c,10672,0.0001,397.4797463417053,1299.6056270599365,1126.8570232391357,969.2351932525635,778.1240749359131,617.809775352478,519.2986192703247,462.27404832839966,419.7142333984375,397.58512020111084,381.7689347267151
367,variance,QUANN_2c,12864,0.0001,304.4547715187073,1202.6633319854736,806.255989074707,602.4830226898193,474.35649394989014,393.4064588546753,359.87459993362427,345.20264053344727,319.76049184799194,315.0832767486572,302.7500944137573
368,variance,QUANN_3c,17248,0.0001,259.9956781864166,704.5935440063477,503.91894340515137,397.70178174972534,340.38716220855713,309.6819305419922,307.31040239334106,284.644314289093,299.4533648490906,276.2162039279938,258.525132894516
369,variance,QUANN_1,9584,0.0005,219.04089498519897,936.7432737350464,442.5781989097595,373.24273014068604,342.4055824279785,319.6130886077881,294.4574222564697,273.4580364227295,245.5425362586975,237.76553511619568,218.13415217399597
370,variance,QUANN_2,10688,0.0005,201.63939797878265,651.9776601791382,419.9933786392212,442.412314414978,321.92641830444336,296.5511255264282,271.71967816352844,300.41213750839233,232.1210618019104,221.01479148864746,193.46422398090363
371,variance,QUANN_3,12896,0.0005,132.9353883266449,467.9949131011963,312.59946298599243,289.7666482925415,247.461660861969,273.82049918174744,193.84859657287598,148.06604874134064,129.74408543109894,102.25889027118683,101.20863473415375
372,variance,QUANN_1a,11696,0.0005,174.94661021232605,618.6510915756226,420.2172236442566,397.67066717147827,329.16934275627136,328.26411151885986,256.6340560913086,229.9747166633606,206.42581343650818,179.1365453004837,168.45264625549316
373,variance,QUANN_2a,14912,0.0005,87.15511977672577,561.7760925292969,329.6747603416443,207.0093641281128,140.60815858840942,130.0235562324524,92.74956977367401,84.2863335609436,76.2629359960556,71.72203361988068,74.18720704317093
374,variance,QUANN_3a,21344,0.0005,79.87085497379303,420.05414628982544,252.1450958251953,160.32384848594666,101.09522545337677,97.20513617992401,75.96435868740082,67.39466655254364,74.795867562294,61.62228125333786,65.06928646564484
375,variance,QUANN_1c,10672,0.0005,194.02932929992676,617.7561531066895,398.5761089324951,322.4416604042053,307.37559032440186,276.5773479938507,268.583979845047,223.2915985584259,207.66448378562927,192.6728537082672,178.34453225135803
376,variance,QUANN_2c,12864,0.0005,100.33365261554718,515.4078187942505,321.03910779953003,294.35774278640747,249.6956968307495,203.3044011592865,165.6040745973587,131.34530425071716,113.43478453159332,106.83825445175171,87.89581525325775
377,variance,QUANN_3c,17248,0.0005,81.64399063587189,505.685959815979,291.14973306655884,222.94339442253113,167.62820720672607,105.84316110610962,103.64628577232361,90.67026162147522,77.88889110088348,72.53224629163742,65.74337071180344
378,variance,QUANN_1,9584,0.001,153.47171032428741,480.3868637084961,421.7607388496399,283.3361439704895,265.61632537841797,226.66643810272217,204.77737259864807,176.91479969024658,137.12304270267487,131.163889169693,123.02273917198181
379,variance,QUANN_2,10688,0.001,90.01530629396439,460.0899066925049,318.3100471496582,267.65255308151245,176.75570285320282,133.04839026927948,110.36329925060272,99.01362943649292,102.79495751857758,81.83631420135498,73.86361801624298
380,variance,QUANN_3,12896,0.001,93.73438692092896,334.6635937690735,213.03347074985504,154.80922651290894,172.72805666923523,97.95055985450745,107.73526710271835,77.33551490306854,92.20160245895386,63.4068928360939,72.90980935096741
381,variance,QUANN_1a,11696,0.001,93.9775904417038,448.2552876472473,331.5147728919983,289.2578065395355,241.608544588089,192.46685695648193,152.04433047771454,138.8760097026825,110.65552115440369,84.30734181404114,81.9466113448143
382,variance,QUANN_2a,14912,0.001,79.35447919368744,366.31075167655945,246.48633575439453,133.7370364665985,91.22134256362915,76.55821704864502,100.44664108753204,70.46323382854462,100.1093487739563,78.84592032432556,73.91722631454468
383,variance,QUANN_3a,21344,0.001,71.15678536891937,224.71658968925476,113.10058224201202,80.23560357093811,67.63528615236282,69.47962492704391,87.59650015830994,60.09468924999237,70.12642455101013,63.041652858257294,58.10406559705734
384,variance,QUANN_1c,10672,0.001,105.69295859336853,435.7534899711609,305.2946105003357,265.4456787109375,204.34925937652588,150.80399680137634,114.37585008144379,81.83667761087418,73.20885628461838,67.26222729682922,92.25439858436584
385,variance,QUANN_2c,12864,0.001,82.2983889579773,388.7096257209778,288.9989185333252,221.8650941848755,197.85981154441833,128.85293686389923,89.29204159975052,80.98327553272247,78.58715808391571,73.68600177764893,66.28121829032898
386,variance,QUANN_3c,17248,0.001,66.44083988666534,346.11108660697937,232.97438097000122,131.54956376552582,101.14311695098877,84.38626742362976,93.80914855003357,74.6222996711731,60.298171043395996,57.00638645887375,57.35861122608185
387,variance,QUANN_1,9584,0.005,90.81703913211823,437.0569734573364,367.90807914733887,172.95478510856628,203.36034321784973,119.2077385187149,86.79297399520874,102.03609251976013,82.36306929588318,94.99113821983337,79.97970396280289
388,variance,QUANN_2,10688,0.005,82.90434837341309,393.9499497413635,209.13468217849731,208.98533725738525,128.3527548313141,91.85455131530762,101.5160882472992,93.99380207061768,64.4777101278305,67.54030334949493,71.69770789146423
389,variance,QUANN_3,12896,0.005,67.42409718036652,346.4478750228882,159.18239831924438,71.67689526081085,62.544924437999725,88.25575685501099,67.32463490962982,59.91882848739624,60.8307780623436,72.41597610712051,59.555573642253876
390,variance,QUANN_1a,11696,0.005,83.0209646821022,412.70552825927734,252.30095720291138,109.96394634246826,81.8677487373352,73.6339099407196,72.6554661989212,89.35675871372223,84.91905617713928,83.0330753326416,71.03549528121948
391,variance,QUANN_2a,14912,0.005,70.6195976138115,379.31168603897095,102.43230533599854,105.95456516742706,92.98070454597473,77.87428915500641,79.1515321135521,67.82629084587097,70.21724635362625,65.67868047952652,57.64398282766342
392,variance,QUANN_3a,21344,0.005,68.25035446882248,152.697793841362,90.5138201713562,72.65479612350464,69.23176592588425,78.66213405132294,63.834879755973816,74.90847086906433,63.63912612199783,53.44196459650993,61.46943521499634
393,variance,QUANN_1c,10672,0.005,112.90992772579193,373.99254751205444,203.60810017585754,134.97079515457153,92.47343111038208,86.82081747055054,91.38163328170776,97.43397200107574,58.14663374423981,80.41922950744629,97.23376107215881
394,variance,QUANN_2c,12864,0.005,72.09675759077072,385.92664670944214,94.4093257188797,84.78395050764084,68.24418646097183,70.25516164302826,65.5034601688385,59.81851589679718,61.063475251197815,59.286057114601135,61.5498988032341
395,variance,QUANN_3c,17248,0.005,122.69989538192749,319.9926929473877,120.09931182861328,76.3543171286583,64.37352710962296,66.42751902341843,75.49947893619537,75.29734075069427,96.5552054643631,60.49458819627762,105.54071283340454
396,variance,QUANN_1,9584,0.01,126.43830490112305,528.2007503509521,263.7606797218323,174.49063920974731,134.5163563489914,146.79419326782227,121.05257856845856,109.07886493206024,99.81988453865051,113.98037922382355,115.88004183769226
397,variance,QUANN_2,10688,0.01,90.60711151361465,416.4867067337036,279.78642177581787,206.9267919063568,77.33535814285278,76.59142142534256,65.83937692642212,69.61181503534317,71.9727281332016,105.423499584198,77.54712629318237
398,variance,QUANN_3,12896,0.01,74.99975365400314,1376.451587677002,166.60873198509216,130.42914390563965,71.02678406238556,75.14105594158173,83.0632574558258,85.441086769104,69.77549040317535,68.85132676362991,61.903797030448914
399,variance,QUANN_1a,11696,0.01,79.7416695356369,420.32924127578735,438.88743782043457,278.32358503341675,128.71622574329376,82.74594914913177,72.96671962738037,75.7486212849617,75.36574947834015,95.7662284374237,68.26149332523346
400,variance,QUANN_2a,14912,0.01,90.32149147987366,551.2176990509033,308.23346757888794,134.9592423439026,100.59265923500061,129.33126509189606,76.1772552728653,82.2231057882309,83.1880921125412,78.3042077422142,76.45900428295135
401,variance,QUANN_3a,21344,0.01,100.64921045303345,365.49588775634766,341.43712282180786,98.53937482833862,132.7408664226532,77.27244639396667,84.72262835502625,76.0649003982544,90.94947969913483,72.09629154205322,87.05629777908325
402,variance,QUANN_1c,10672,0.01,129.2712540626526,439.30430841445923,230.27588844299316,222.32704162597656,246.2604615688324,113.5851799249649,104.07237243652344,94.58873498439789,103.03006052970886,68.1729736328125,115.62938094139099
403,variance,QUANN_2c,12864,0.01,94.71019327640533,420.9716992378235,127.59763216972351,74.45182704925537,81.547043800354,69.7474205493927,82.95829772949219,153.51831889152527,102.26265859603882,116.63027942180634,85.12662720680237
404,variance,QUANN_3c,17248,0.01,170.28826582431793,471.0881915092468,345.7273712158203,191.56525421142578,158.68152379989624,133.90170907974243,98.07044589519501,101.30490386486053,110.0381121635437,96.33435893058777,150.7744506597519
405,skewness,QUANN_1,9584,0.0001,0.027929440344450995,0.030997031019069254,0.029432549723424017,0.02899088687263429,0.028783058427507058,0.028639581898460165,0.028554224030813202,0.028471615252783522,0.028455495776142925,0.028430205216864124,0.02839340639184229
406,skewness,QUANN_2,10688,0.0001,0.027912192017538473,0.03032373622409068,0.02914780782884918,0.028830191091401502,0.028624854749068618,0.028512498131021857,0.028454729006625712,0.028393615008099005,0.028358317504171282,0.028343685291474685,0.028322314145043492
407,skewness,QUANN_3,12896,0.0001,0.02794273549807258,0.030792069563176483,0.029473011614754796,0.029013622435741127,0.02876531198853627,0.028623956721276045,0.028521488275146112,0.028467013267800212,0.028415007545845583,0.02837386928149499,0.028373345936415717
408,skewness,QUANN_1a,11696,0.0001,0.02790131390793249,0.029980263236211613,0.029040022811386734,0.02871863858308643,0.028555014519952238,0.02846809889888391,0.028418507950846106,0.028372156084515154,0.028361282602418214,0.02834653595346026,0.028314915776718408
409,skewness,QUANN_2a,14912,0.0001,0.027897386491531506,0.030251188261900097,0.02913857388193719,0.028788722935132682,0.02863235311815515,0.028510552074294537,0.028458324493840337,0.028425523167243227,0.028395274217473343,0.0283609566395171,0.02837248149444349
410,skewness,QUANN_3a,21344,0.0001,0.027947672206209973,0.030652897839900106,0.029413793759886175,0.02898545700008981,0.028760715445969254,0.02860979994875379,0.02855212430586107,0.028484182199463248,0.028448220633435994,0.02842023252742365,0.02837888157228008
411,skewness,QUANN_1c,10672,0.0001,0.027909606345929205,0.030701803538249806,0.029330375138670206,0.028881610196549445,0.02867320890072733,0.02854042235412635,0.028494633064838126,0.028437517146812752,0.02842234747367911,0.028386206016875803,0.02835608331952244
412,skewness,QUANN_2c,12864,0.0001,0.027877670421730727,0.029927022726042196,0.029027891345322132,0.028745793271809816,0.028583638311829418,0.028501802997197956,0.028429392026737332,0.02842288135434501,0.02839458390371874,0.028393110900651664,0.028352189488941804
413,skewness,QUANN_3c,17248,0.0001,0.0279183404345531,0.030580208636820316,0.029198543925303966,0.02883768390165642,0.02864599134773016,0.028540730942040682,0.02850620515528135,0.028446547948988155,0.028385901649016887,0.028371431631967425,0.028360602707834914
414,skewness,QUANN_1,9584,0.0005,0.027866411313880235,0.028651899774558842,0.028492962126620114,0.02839615667471662,0.028356260678265244,0.02839998825220391,0.02830124835600145,0.028331791516393423,0.028324301820248365,0.028300403064349666,0.028291922208154574
415,skewness,QUANN_2,10688,0.0005,0.02788087268709205,0.028790338605176657,0.028490000375313684,0.0284172419924289,0.028343845246126875,0.02837681520031765,0.02836265676887706,0.02829281525919214,0.028386208112351596,0.02829252975061536,0.028332132642390206
416,skewness,QUANN_3,12896,0.0005,0.02794855137472041,0.028803102439269423,0.028476747043896466,0.02843565246439539,0.02840951195685193,0.02834164272644557,0.028360999276628718,0.0283500348450616,0.028320559882558882,0.028381933108903468,0.028389121842337772
417,skewness,QUANN_1a,11696,0.0005,0.0278459747787565,0.028642817691434175,0.028467173426179215,0.028332902264082804,0.028364826925098896,0.028308830253081396,0.028293399780523032,0.028340995602775365,0.02833105908939615,0.028359772288240492,0.02826810601982288
418,skewness,QUANN_2a,14912,0.0005,0.027879999892320484,0.028702678537229076,0.0284118615090847,0.028410780389094725,0.028353047207929194,0.02836943621514365,0.028355389484204352,0.028342804056592286,0.028288916422752663,0.02834767149761319,0.02830536139663309
419,skewness,QUANN_3a,21344,0.0005,0.027917932748096064,0.0286344196065329,0.02842684299685061,0.02835151195176877,0.028323695849394426,0.02836068975739181,0.028319458186160773,0.028330182016361505,0.028305451676715165,0.02834734454518184,0.028338168165646493
420,skewness,QUANN_1c,10672,0.0005,0.027878248190972954,0.028668126615229994,0.028481085115345195,0.028378793504089117,0.028351389133604243,0.0283500928489957,0.028417230991180986,0.028260690538445488,0.028324400598648936,0.028282850282266736,0.02828439706354402
421,skewness,QUANN_2c,12864,0.0005,0.027870145451743156,0.028718234651023522,0.028431778016965836,0.028357141680317,0.02835018787300214,0.02835149859311059,0.028322538448264822,0.02834299104870297,0.02832709765061736,0.02831679765949957,0.028301603626459837
422,skewness,QUANN_3c,17248,0.0005,0.027931150048971176,0.028622954589081928,0.028461329580750316,0.028392080683261156,0.028358900715829805,0.02839106071041897,0.028366219776216894,0.02837550893309526,0.02838948115822859,0.0283047778357286,0.0283543769037351
423,skewness,QUANN_1,9584,0.001,0.027844421623740345,0.02839854668127373,0.02835076008341275,0.028292072121985257,0.028289609734201804,0.028366184094920754,0.028366882965201512,0.028287955123232678,0.028321489604422823,0.02829677760018967,0.02829861408099532
424,skewness,QUANN_2,10688,0.001,0.027841430506668985,0.028664144600043073,0.028424371528672054,0.02834341424750164,0.02835794712882489,0.028322815254796296,0.028414114960469306,0.028372246539220214,0.02834213900496252,0.028325707011390477,0.028269948292290792
425,skewness,QUANN_3,12896,0.001,0.02782987372484058,0.028474868595367298,0.02837448092759587,0.02836941508576274,0.028349920583423227,0.028358005307381973,0.02833717071916908,0.028325190593022853,0.028361466771457344,0.02833802910754457,0.028317494288785383
426,skewness,QUANN_1a,11696,0.001,0.027827950631035492,0.028513525146991014,0.028402172785717994,0.028408964164555073,0.0283516030467581,0.02834609363344498,0.02831237093778327,0.028267225658055395,0.02828169454005547,0.028288209752645344,0.028269488451769575
427,skewness,QUANN_2a,14912,0.001,0.027832068473799154,0.028506845439551398,0.028441550239222124,0.02844292437657714,0.028410077589796856,0.02832029340788722,0.028347142972052097,0.028338421310763806,0.028268419177038595,0.02826700737932697,0.028289571404457092
428,skewness,QUANN_3a,21344,0.001,0.027833566477056593,0.02865242148982361,0.028404410142684355,0.02835067448904738,0.02850459548062645,0.028301109530730173,0.02831252120085992,0.028269717877265066,0.02826723738689907,0.028322631580522284,0.02826783520868048
429,skewness,QUANN_1c,10672,0.001,0.02790735149756074,0.028530889918329194,0.028407858218997717,0.028390225197654217,0.028348574647679925,0.028329429420409724,0.028302596881985664,0.02830696609453298,0.02836401795502752,0.028294025076320395,0.02830086977337487
430,skewness,QUANN_2c,12864,0.001,0.027813638356747106,0.02844395098509267,0.028491383825894445,0.02839549511554651,0.028414842730853707,0.028314301365753636,0.028309780173003674,0.028252498304937035,0.02828353038057685,0.028271763207158074,0.02822307258611545
431,skewness,QUANN_3c,17248,0.001,0.027859666384756565,0.02853425548528321,0.02845482897828333,0.02827474448713474,0.02834761413396336,0.02838272842927836,0.028366179729346186,0.028306239109952003,0.028279745223699138,0.02825549547560513,0.028304098173975945
432,skewness,QUANN_1,9584,0.005,0.027845523174619302,0.028294616495259106,0.028248624235857278,0.02823476493358612,0.02824888058239594,0.02826946252025664,0.028272300260141492,0.028289083536947146,0.028255054377950728,0.028258295147679746,0.028269484027987346
433,skewness,QUANN_2,10688,0.005,0.027859670342877507,0.028259399347007275,0.028266163484659046,0.028279765625484288,0.02830063080182299,0.028277177887503058,0.028317740245256573,0.02829985594144091,0.028265512228244916,0.028214108722750098,0.028305544488830492
434,skewness,QUANN_3,12896,0.005,0.027844530413858593,0.028307838569162413,0.02829491684678942,0.028277788689592853,0.028292617527768016,0.028280730854021385,0.028229544026544318,0.028259115759283304,0.02825845283223316,0.02822071107220836,0.02822769124759361
435,skewness,QUANN_1a,11696,0.005,0.027848683937918395,0.028227217902895063,0.0283031694998499,0.028277624252950773,0.028235367470188066,0.028335756418528035,0.02829168044263497,0.02823301072930917,0.028275599470362067,0.02826117057702504,0.02824146513012238
436,skewness,QUANN_2a,14912,0.005,0.027882226277142763,0.028241459687706083,0.028276243421714753,0.028243832901353016,0.02827288134722039,0.028266046050703153,0.028278846555622295,0.028293850948102772,0.02824797003995627,0.028292858245549724,0.02832643169676885
437,skewness,QUANN_3a,21344,0.005,0.027856252738274634,0.028453998238546774,0.028288131492445245,0.028246848756680265,0.028250047384062782,0.02826255257241428,0.028233247459866107,0.028211148106493056,0.02829334678244777,0.028351812448818237,0.02824709241394885
438,skewness,QUANN_1c,10672,0.005,0.027824624092318118,0.02832548215519637,0.02828922533080913,0.02831676203641109,0.028266116831218824,0.02822337273391895,0.02826608601026237,0.028280366881517693,0.028237561142304912,0.028302694903686643,0.028264357621083036
439,skewness,QUANN_2c,12864,0.005,0.02780541987158358,0.028270461421925575,0.028285643667913973,0.028236849553650245,0.028279414778808132,0.028299934609094635,0.028282321785809472,0.02827823197003454,0.028240666957572103,0.028323937382083386,0.028218785912031308
440,skewness,QUANN_3c,17248,0.005,0.027946266054641455,0.02835198972024955,0.028278249985305592,0.028268353024031967,0.02824960314319469,0.02827238498139195,0.028235354606295004,0.02825317342649214,0.02833128979546018,0.028337601106613874,0.02834886490018107
441,skewness,QUANN_1,9584,0.01,0.027918824256630614,0.028231248288648203,0.028546585177537054,0.02835636568488553,0.028396968729794025,0.02830050405464135,0.02828572186990641,0.028321021934971213,0.02827514140517451,0.02829431596910581,0.028369195701088756
442,skewness,QUANN_2,10688,0.01,0.0278681046620477,0.02828104203217663,0.02835940889781341,0.0283052193117328,0.02834039129083976,0.02828071129624732,0.02829835339798592,0.028293540322920308,0.02833057552925311,0.02827264353982173,0.028294768853811547
443,skewness,QUANN_3,12896,0.01,0.02788777422392741,0.028319450677372515,0.028354967798804864,0.02821773086907342,0.02834088046802208,0.028297615179326385,0.028392308129696175,0.028440532012609765,0.02829121207469143,0.02826447517145425,0.028255238517886028
444,skewness,QUANN_1a,11696,0.01,0.027893757476704195,0.028257015452254564,0.028337295399978757,0.028289081557886675,0.028313895600149408,0.02842966004391201,0.028354521171422675,0.02828848551143892,0.0283146221190691,0.028315552073763683,0.028334579255897552
445,skewness,QUANN_2a,14912,0.01,0.02793558413395658,0.028238505037734285,0.028248422138858587,0.028258613572688773,0.028306049527600408,0.028361960721667856,0.02844272824586369,0.028262814157642424,0.02837007585912943,0.02831970708211884,0.028354565787594765
446,skewness,QUANN_3a,21344,0.01,0.02791130280820653,0.02831787778995931,0.02848137851106003,0.028247733192984015,0.028378991613863036,0.02845137706026435,0.028438912879209965,0.0284263962530531,0.028246516623767093,0.02842346322722733,0.02833341245423071
447,skewness,QUANN_1c,10672,0.01,0.027872377744643018,0.02833239996107295,0.028248044720385224,0.028338742995401844,0.0282894337142352,0.028282127110287547,0.028271180985029787,0.02840874224784784,0.028276896162424237,0.02830749232089147,0.028268244001083076
448,skewness,QUANN_2c,12864,0.01,0.027873668761458248,0.028402869385899976,0.028313317889114842,0.028236394398845732,0.02828017427236773,0.028303443104960024,0.028304501087404788,0.02837355769588612,0.028245479916222394,0.028270062757655978,0.02826991959591396
449,skewness,QUANN_3c,17248,0.01,0.027872819598997012,0.02825768940965645,0.02830350218573585,0.028328301414148882,0.02829087569261901,0.028363515564706177,0.028284161584451795,0.02835791520192288,0.028296465607127175,0.02838322750176303,0.028333719819784164
