,Aggregator,Model,Parameters,Learning rate,Test loss,Eval loss 1,Eval loss 2,Eval loss 3,Eval loss 4,Eval loss 5,Eval loss 6,Eval loss 7,Eval loss 8,Eval loss 9,Eval loss 10
0,L2_medoid,QUANN_1,9584,0.0001,22.63865751028061,42.286741614341736,34.965629398822784,29.685734033584595,26.823090434074402,25.12206780910492,24.022708356380463,23.337291717529297,22.92629849910736,22.53639942407608,22.336968541145325
1,L2_medoid,QUANN_2,10688,0.0001,23.681295573711395,42.21316432952881,35.12677037715912,30.144925475120544,27.326649725437164,25.645461976528168,24.75493896007538,24.148732781410217,23.598962664604187,23.289695143699646,23.04019922018051
2,L2_medoid,QUANN_3,12896,0.0001,23.98376178741455,42.030017614364624,35.775259494781494,31.471130549907684,28.8428116440773,27.151612997055054,26.084403693675995,25.25625365972519,24.80092215538025,24.33763176202774,23.73870760202408
3,L2_medoid,QUANN_1a,11696,0.0001,24.33716458082199,42.65304696559906,35.658222913742065,31.06888622045517,28.192323923110962,26.326270639896393,25.111442804336548,24.353255927562714,24.041592836380005,23.977067708969116,23.90698266029358
4,L2_medoid,QUANN_2a,14912,0.0001,23.62053817510605,41.72024393081665,34.41231554746628,30.105281352996826,27.96026110649109,26.53152298927307,25.295301914215088,24.34982258081436,23.76924443244934,23.474791646003723,23.253245294094086
5,L2_medoid,QUANN_3a,21344,0.0001,23.842011213302612,42.24050748348236,34.74960035085678,30.26927810907364,27.983981609344482,26.379286885261536,25.192021191120148,24.274514317512512,23.758894860744476,23.530323445796967,23.3470778465271
6,L2_medoid,QUANN_1c,10672,0.0001,23.502700090408325,42.113513588905334,35.07825267314911,30.414138734340668,27.863038301467896,26.12186050415039,25.266391396522522,24.707316637039185,24.18701195716858,23.699975788593292,23.348137617111206
7,L2_medoid,QUANN_2c,12864,0.0001,23.775859355926514,42.24830448627472,35.631406247615814,30.7087299823761,27.896531343460083,26.253662288188934,25.348498821258545,24.958509981632233,24.528576970100403,23.923811733722687,23.237195789813995
8,L2_medoid,QUANN_3c,17248,0.0001,23.54575288295746,42.326900362968445,35.307228088378906,31.51905769109726,29.397379517555237,27.828118979930878,26.568508505821228,25.498636066913605,24.695370078086853,24.013559699058533,23.37876868247986
9,L2_medoid,QUANN_1,9584,0.0005,18.048777669668198,26.466144263744354,23.73493403196335,22.197584807872772,21.86453002691269,21.53028631210327,20.897270411252975,19.62326881289482,18.657308846712112,18.001639008522034,17.518310993909836
10,L2_medoid,QUANN_2,10688,0.0005,17.709961265325546,26.43874502182007,23.200118243694305,22.0623340010643,21.501221358776093,20.46213972568512,19.310336530208588,18.451421797275543,17.921758502721786,17.52987912297249,17.303143203258514
11,L2_medoid,QUANN_3,12896,0.0005,17.2556474506855,27.23719698190689,22.164418637752533,20.951142519712448,19.75241395831108,18.916362941265106,18.3208267390728,17.89759010076523,17.725697338581085,17.463421911001205,17.38643079996109
12,L2_medoid,QUANN_1a,11696,0.0005,17.15231704711914,26.050048410892487,22.41297024488449,21.841090381145477,20.684990882873535,19.490820169448853,18.623510003089905,18.12549117207527,17.85060077905655,17.55920621752739,17.462104976177216
13,L2_medoid,QUANN_2a,14912,0.0005,17.48441645503044,26.639236450195312,22.936725676059723,20.813897341489792,19.530387967824936,18.701890379190445,18.116433948278427,17.6959225833416,17.291208773851395,17.133830845355988,16.974644660949707
14,L2_medoid,QUANN_3a,21344,0.0005,17.742636263370514,27.40784341096878,23.26132822036743,20.646914929151535,19.36966460943222,18.563854962587357,18.104433119297028,17.750832855701447,17.38015052676201,17.310082137584686,17.16122880578041
15,L2_medoid,QUANN_1c,10672,0.0005,17.329125702381134,26.880528211593628,23.799424171447754,23.02063488960266,21.092781245708466,19.770919024944305,18.870379120111465,18.23432332277298,17.879092544317245,17.535627096891403,17.34066352248192
16,L2_medoid,QUANN_2c,12864,0.0005,17.551404178142548,26.49510622024536,22.596195340156555,21.66516751050949,20.374638497829437,19.47460487484932,18.73897013068199,18.211021274328232,17.82116347551346,17.591844111680984,17.580341309309006
17,L2_medoid,QUANN_3c,17248,0.0005,17.81837633252144,27.224460065364838,22.941828310489655,21.33472752571106,19.875309109687805,19.18106910586357,18.302561730146408,17.933115363121033,17.636315792798996,17.41431736946106,17.28592675924301
18,L2_medoid,QUANN_1,9584,0.001,17.169192045927048,23.593235552310944,20.991235494613647,18.875699520111084,17.733774781227112,17.192238062620163,17.013576328754425,16.858405262231827,16.867241591215134,16.736046940088272,16.705684542655945
19,L2_medoid,QUANN_2,10688,0.001,17.26792374253273,23.423781394958496,21.08080303668976,18.941514521837234,18.028915524482727,17.48278918862343,17.261682271957397,17.2458516061306,17.271508544683456,17.065393149852753,17.09374976158142
20,L2_medoid,QUANN_3,12896,0.001,17.16951012611389,23.796313405036926,20.327960729599,18.54624679684639,17.59738004207611,17.348242819309235,17.123687505722046,17.030808955430984,16.941421627998352,16.842315644025803,16.785785108804703
21,L2_medoid,QUANN_1a,11696,0.001,17.121804028749466,23.196977376937866,21.557288587093353,18.90171468257904,18.017107725143433,17.483695566654205,17.191714882850647,17.074045449495316,16.906953364610672,16.91979429125786,16.903342247009277
22,L2_medoid,QUANN_2a,14912,0.001,17.253191590309143,23.867370069026947,19.71617528796196,18.10774537920952,17.558794617652893,17.333613723516464,17.099235445261,17.137786895036697,17.004358738660812,17.011133134365082,17.06373107433319
23,L2_medoid,QUANN_3a,21344,0.001,17.074108839035034,22.793598890304565,19.5307454764843,18.040615886449814,17.647439271211624,17.235038489103317,17.175826609134674,17.014232516288757,16.958247989416122,17.02257812023163,16.8939268887043
24,L2_medoid,QUANN_1c,10672,0.001,17.129692524671555,22.45402604341507,20.324004232883453,18.46465453505516,17.629663556814194,17.42529460787773,17.27843952178955,17.144585222005844,17.01259896159172,16.99650403857231,17.022129774093628
25,L2_medoid,QUANN_2c,12864,0.001,17.173115223646164,23.517892003059387,19.791453927755356,18.239511787891388,17.61012977361679,17.177789092063904,17.06798419356346,17.04326918721199,16.99344891309738,16.968053877353668,16.988609850406647
26,L2_medoid,QUANN_3c,17248,0.001,17.217829525470734,24.694669783115387,19.696086525917053,18.206804424524307,17.745539665222168,17.2692831158638,17.15287584066391,17.10439869761467,17.013910740613937,17.030532598495483,17.019700586795807
27,L2_medoid,QUANN_1,9584,0.005,17.262927323579788,19.38202977180481,18.46257472038269,17.79457452893257,17.706929951906204,17.64743036031723,17.564220786094666,17.500441312789917,17.66742503643036,17.628440886735916,16.805371910333633
28,L2_medoid,QUANN_2,10688,0.005,17.175503462553024,18.98146814107895,18.365608364343643,17.82181891798973,17.74049398303032,17.604563623666763,17.348637998104095,17.276887446641922,17.09775200486183,16.909392416477203,17.063405454158783
29,L2_medoid,QUANN_3,12896,0.005,17.701547265052795,19.505188763141632,18.034958571195602,18.346376568078995,17.81504186987877,17.895044833421707,17.8222853243351,17.444964677095413,18.225855082273483,17.885426372289658,17.37039914727211
30,L2_medoid,QUANN_1a,11696,0.005,17.689855009317398,18.431838631629944,18.025993078947067,17.47784647345543,17.34265649318695,17.224768817424774,17.39068564772606,17.39377710223198,17.167797833681107,17.276614785194397,17.08739599585533
31,L2_medoid,QUANN_2a,14912,0.005,17.672472447156906,18.813493639230728,17.914557307958603,17.68823218345642,17.705210119485855,17.560406178236008,17.42239186167717,17.620642215013504,17.34079161286354,17.202477395534515,17.61462390422821
32,L2_medoid,QUANN_3a,21344,0.005,17.17203652858734,17.944217413663864,17.851671397686005,18.017266154289246,17.684673309326172,17.57278534770012,17.89761883020401,17.3470498919487,17.68056493997574,17.166372269392014,17.304919242858887
33,L2_medoid,QUANN_1c,10672,0.005,17.66463726758957,18.94076207280159,18.101201355457306,17.913092970848083,17.725773751735687,17.85511127114296,17.565801054239273,17.8329616189003,17.761616945266724,17.411085098981857,17.428073823451996
34,L2_medoid,QUANN_2c,12864,0.005,18.159785747528076,18.885777831077576,18.22707110643387,18.219447791576385,18.1701842546463,17.721846908330917,17.670184791088104,17.987026751041412,17.87845355272293,17.554678052663803,17.759431213140488
35,L2_medoid,QUANN_3c,17248,0.005,17.773338675498962,19.550613075494766,18.35449320077896,18.3538119494915,18.645639955997467,17.88627627491951,17.6390580534935,18.058148831129074,17.91565093398094,17.88750457763672,17.66291058063507
36,L2_medoid,QUANN_1,9584,0.01,17.991655856370926,20.373918414115906,19.33375644683838,18.289656817913055,18.57569646835327,18.22176167368889,18.15358206629753,18.005677044391632,17.490599870681763,18.068281650543213,17.617561608552933
37,L2_medoid,QUANN_2,10688,0.01,18.51678091287613,19.214983850717545,19.267244935035706,18.661708563566208,18.363138884305954,18.68697926402092,18.71677803993225,18.63995796442032,18.021534651517868,18.06921973824501,18.234941512346268
38,L2_medoid,QUANN_3,12896,0.01,18.96988245844841,19.281538039445877,18.795440703630447,18.570494532585144,18.683532774448395,18.990474671125412,18.428022027015686,18.530856102705002,17.889744251966476,18.031020879745483,18.506924659013748
39,L2_medoid,QUANN_1a,11696,0.01,18.045181840658188,20.444647252559662,19.044427752494812,18.387938678264618,18.873756796121597,18.566816419363022,18.08758956193924,18.43347868323326,17.948369324207306,18.249380737543106,17.998448461294174
40,L2_medoid,QUANN_2a,14912,0.01,18.612081080675125,20.08565843105316,18.82450371980667,18.83230659365654,19.07470315694809,18.643647491931915,18.67999204993248,18.842037707567215,18.003230541944504,17.976366192102432,18.244372695684433
41,L2_medoid,QUANN_3a,21344,0.01,18.883607417345047,20.423855125904083,20.328114569187164,18.610984176397324,18.848589956760406,18.736100763082504,18.55232846736908,18.792389571666718,19.16262611746788,17.82005363702774,18.62514305114746
42,L2_medoid,QUANN_1c,10672,0.01,18.37329775094986,20.251769304275513,19.01078873872757,18.95316943526268,18.357602953910828,18.162503510713577,18.018784552812576,17.883914917707443,18.33534899353981,17.91644859313965,17.75206160545349
43,L2_medoid,QUANN_2c,12864,0.01,18.59185168147087,19.853834599256516,19.01558607816696,19.041568249464035,18.975757241249084,18.95225590467453,18.38167843222618,18.480739057064056,17.970184832811356,17.91323032975197,18.159081906080246
44,L2_medoid,QUANN_3c,17248,0.01,18.176114708185196,20.113860368728638,19.041411876678467,18.500776052474976,18.555955052375793,18.86277061700821,18.740472823381424,17.99821361899376,18.694240510463715,17.934542387723923,17.608124375343323
45,P2_mean,QUANN_1,9584,0.0001,4.60591758787632,20.336493402719498,16.272224098443985,5.679537802934647,4.947094790637493,4.768888421356678,4.669150918722153,4.591584034264088,4.560425542294979,4.499463900923729,4.450920678675175
46,P2_mean,QUANN_2,10688,0.0001,4.091959431767464,18.441416263580322,8.05900913476944,4.708976686000824,4.550994552671909,4.442592769861221,4.373022131621838,4.273415170609951,4.186069972813129,4.06469289958477,3.954742155969143
47,P2_mean,QUANN_3,12896,0.0001,4.06152606010437,11.559802055358887,4.763461880385876,4.5060838013887405,4.4345502853393555,4.346479140222073,4.322234518826008,4.199458114802837,4.101482570171356,4.024731427431107,3.873453050851822
48,P2_mean,QUANN_1a,11696,0.0001,3.806554190814495,19.32431674003601,11.410851329565048,5.066325433552265,4.85463809221983,4.662499196827412,4.244200497865677,3.9826249927282333,3.8366802632808685,3.751425251364708,3.653107739984989
49,P2_mean,QUANN_2a,14912,0.0001,4.304521776735783,15.579492092132568,5.255293518304825,4.862858101725578,4.682600423693657,4.560792654752731,4.514643371105194,4.388993367552757,4.317068122327328,4.2478915601968765,4.134115502238274
50,P2_mean,QUANN_3a,21344,0.0001,3.5750505924224854,6.998141765594482,4.739625833928585,4.496749214828014,4.310967169702053,4.089936599135399,3.8007638975977898,3.654490701854229,3.5587154552340508,3.511960320174694,3.4585025683045387
51,P2_mean,QUANN_1c,10672,0.0001,3.96250818669796,19.578911513090134,11.023937299847603,4.888857826590538,4.553596518933773,4.414812743663788,4.298666678369045,4.170289129018784,4.075149327516556,3.9474691599607468,3.8183703497052193
52,P2_mean,QUANN_2c,12864,0.0001,3.9568676501512527,11.328693002462387,4.837858587503433,4.605018846690655,4.506605125963688,4.410693779587746,4.32188418507576,4.231187500059605,4.079559370875359,3.9459111988544464,3.809928238391876
53,P2_mean,QUANN_3c,17248,0.0001,3.850568577647209,5.233093574643135,4.579019173979759,4.4301566407084465,4.325536884367466,4.232412442564964,4.13462083786726,4.01718769967556,3.906581073999405,3.8001114651560783,3.6955920085310936
54,P2_mean,QUANN_1,9584,0.0005,3.4910381957888603,4.842739902436733,4.428605601191521,4.0097159296274185,3.7306147664785385,3.6120158433914185,3.5545573234558105,3.5024296566843987,3.46078472584486,3.4037436097860336,3.363825984299183
55,P2_mean,QUANN_2,10688,0.0005,3.4306008517742157,4.690600588917732,4.492327779531479,4.214000530540943,3.860061354935169,3.5899433717131615,3.462958127260208,3.4133412837982178,3.3933005034923553,3.3576380535960197,3.316015847027302
56,P2_mean,QUANN_3,12896,0.0005,3.2130372673273087,4.484980657696724,4.114093571901321,3.611764617264271,3.454809971153736,3.3871565088629723,3.315557651221752,3.2697959542274475,3.249083362519741,3.167746789753437,3.092250183224678
57,P2_mean,QUANN_1a,11696,0.0005,3.4506868720054626,4.9148044884204865,4.496558152139187,4.219993010163307,3.699457034468651,3.5244819298386574,3.4751724004745483,3.425713263452053,3.3985654413700104,3.370226986706257,3.337446480989456
58,P2_mean,QUANN_2a,14912,0.0005,3.307806648313999,4.15117920935154,3.604526236653328,3.4951812103390694,3.408438265323639,3.4029328897595406,3.3766077384352684,3.362858198583126,3.336543083190918,3.295147828757763,3.206151530146599
59,P2_mean,QUANN_3a,21344,0.0005,3.174243815243244,4.223070979118347,3.544813871383667,3.4451749473810196,3.393346905708313,3.3725114688277245,3.3730400279164314,3.325965039432049,3.2920892015099525,3.2047605961561203,3.0858018547296524
60,P2_mean,QUANN_1c,10672,0.0005,3.486953616142273,4.800259657204151,4.545322597026825,4.469919502735138,4.34374476224184,4.23943293094635,4.057525880634785,3.8796087354421616,3.685314401984215,3.444656625390053,3.338852219283581
61,P2_mean,QUANN_2c,12864,0.0005,3.4324675127863884,4.475389316678047,3.832732915878296,3.578249931335449,3.455176442861557,3.427296921610832,3.424729146063328,3.4102118015289307,3.380365252494812,3.3656782507896423,3.329221561551094
62,P2_mean,QUANN_3c,17248,0.0005,3.226452626287937,4.42815387994051,3.770589992403984,3.4991711750626564,3.4148063361644745,3.395704597234726,3.3730958327651024,3.3680498003959656,3.2923324704170227,3.2101514637470245,3.1258165314793587
63,P2_mean,QUANN_1,9584,0.001,2.5986708998680115,4.65446013212204,4.298971772193909,3.9410130828619003,3.57318913936615,3.370972491800785,3.2981777116656303,3.103278622031212,2.9193185940384865,2.724320262670517,2.4802256524562836
64,P2_mean,QUANN_2,10688,0.001,2.7189350724220276,4.590382665395737,4.298170141875744,3.8423381224274635,3.4990198761224747,3.3813550248742104,3.0751997977495193,3.020911581814289,2.954702563583851,2.8297616094350815,2.5735002160072327
65,P2_mean,QUANN_3,12896,0.001,2.296603988856077,4.526122517883778,3.632766403257847,3.435491606593132,3.376831464469433,3.3531893119215965,3.224840298295021,2.9866320118308067,2.718500182032585,2.6914778724312782,2.181568171828985
66,P2_mean,QUANN_1a,11696,0.001,2.5984553769230843,4.162959054112434,3.5791403502225876,3.496433697640896,3.4225287958979607,3.39183796197176,3.3279422149062157,3.15651436150074,2.981261394917965,2.744383856654167,2.4885053038597107
67,P2_mean,QUANN_2a,14912,0.001,2.399174552410841,3.8102609515190125,3.4705081656575203,3.418309301137924,3.3916764184832573,3.3208266645669937,3.1916642114520073,2.9844110012054443,2.770938090980053,2.595270410180092,2.327830657362938
68,P2_mean,QUANN_3a,21344,0.001,2.1219435669481754,3.684101715683937,3.437347710132599,3.3909496814012527,3.367822788655758,3.334589332342148,3.251416638493538,2.888823501765728,2.5425570346415043,2.2873810082674026,2.059149671345949
69,P2_mean,QUANN_1c,10672,0.001,2.7142767310142517,4.530385725200176,4.027410864830017,3.517398275434971,3.5059798881411552,3.3383081182837486,3.240896515548229,3.1388617157936096,2.9819988682866096,2.8294515535235405,2.6055292785167694
70,P2_mean,QUANN_2c,12864,0.001,2.5852232426404953,4.4137338772416115,3.734235644340515,3.4486809074878693,3.381686709821224,3.2484729886054993,3.1849334090948105,3.0248931869864464,2.9137292355298996,2.747008115053177,2.491294637322426
71,P2_mean,QUANN_3c,17248,0.001,2.06521849706769,3.6700694039463997,3.447811484336853,3.4070444256067276,3.392576865851879,3.342183716595173,3.246507406234741,3.0069486871361732,2.6940529718995094,2.30412757396698,2.0088647194206715
72,P2_mean,QUANN_1,9584,0.005,1.3748315647244453,4.3465756475925446,3.606250800192356,3.2565566450357437,2.6585539430379868,2.07862913236022,1.528679747134447,1.405848789960146,1.1638457849621773,1.2500434461981058,1.3166861962527037
73,P2_mean,QUANN_2,10688,0.005,1.0937832314521074,4.584727182984352,3.589957520365715,3.1696653589606285,2.576198324561119,2.247714329510927,1.5822803787887096,1.523029137402773,1.1985515095293522,1.0644326228648424,0.9743878431618214
74,P2_mean,QUANN_3,12896,0.005,0.9361575562506914,3.7075625732541084,3.47993516176939,3.1646883487701416,2.6346536055207253,2.1474967896938324,1.6223006695508957,1.2549112308770418,1.040646580979228,0.9525910578668118,0.8974346127361059
75,P2_mean,QUANN_1a,11696,0.005,0.8928128480911255,3.5561857521533966,3.421375550329685,3.097304590046406,2.2962851226329803,1.628084223717451,1.5426150187849998,1.146604835987091,1.0750932730734348,0.9879298657178879,0.8278768807649612
76,P2_mean,QUANN_2a,14912,0.005,0.7926279697567225,3.5132046714425087,3.4363413006067276,3.2161536514759064,2.3192018568515778,1.6502640172839165,1.3312506452202797,1.1112656369805336,0.9329016003757715,0.861163355410099,0.7528176074847579
77,P2_mean,QUANN_3a,21344,0.005,0.8178068362176418,3.5098495706915855,3.3906866908073425,2.8536171540617943,2.4586302265524864,1.5370714254677296,1.257474983111024,1.042090430855751,0.8467484228312969,0.7449426790699363,0.7316868966445327
78,P2_mean,QUANN_1c,10672,0.005,1.2311460860073566,4.240223273634911,3.4282126128673553,2.8674241080880165,2.2483126744627953,1.9998911581933498,1.4165360406041145,1.1786670535802841,1.0456542316824198,1.0119874738156796,1.1775578893721104
79,P2_mean,QUANN_2c,12864,0.005,0.9655079562216997,3.5938807353377342,3.36857920140028,3.206401988863945,2.5247304290533066,1.8467517867684364,1.633205633610487,1.2938554249703884,1.0656893458217382,1.001176504418254,0.8805227689445019
80,P2_mean,QUANN_3c,17248,0.005,1.0611849296838045,3.683424659073353,3.4093910083174706,2.955109789967537,2.121433760970831,1.603809393942356,1.3519559148699045,1.0726279336959124,0.9933123141527176,1.0216372683644295,0.9719103667885065
81,P2_mean,QUANN_1,9584,0.01,0.8636720143258572,4.383878231048584,3.564388334751129,2.852373093366623,1.9922008030116558,1.578993745148182,1.4853305704891682,1.0764843132346869,1.114396682009101,0.9171820785850286,0.7881860490888357
82,P2_mean,QUANN_2,10688,0.01,1.005359560251236,3.615083873271942,3.4565378427505493,2.5709770768880844,1.840054664760828,1.4854184873402119,1.3652383647859097,1.3681207485496998,1.13267676346004,1.2111904472112656,0.9322535898536444
83,P2_mean,QUANN_3,12896,0.01,0.9874701239168644,3.6910475343465805,3.3017692640423775,2.5745157077908516,1.9795650094747543,1.529423050582409,1.2946447785943747,1.1228593569248915,1.0811271984130144,1.3687257543206215,0.9131942745298147
84,P2_mean,QUANN_1a,11696,0.01,1.096992326900363,3.713397651910782,3.6071290746331215,2.822336435317993,2.1934071518480778,1.7460931278765202,1.484868384897709,1.219417443498969,1.1628863885998726,0.9891196750104427,1.0312989447265863
85,P2_mean,QUANN_2a,14912,0.01,1.0360993258655071,3.5516288354992867,3.433164730668068,2.746588848531246,1.7500634863972664,1.5043270103633404,1.3800332881510258,1.283096568658948,1.286417718976736,1.0440905559808016,1.0151629839092493
86,P2_mean,QUANN_3a,21344,0.01,0.9756999108940363,3.577078327536583,3.2703039795160294,2.2339108996093273,1.6336645409464836,1.3657884560525417,1.1832876522094011,1.2422263473272324,0.9095472935587168,0.8933059200644493,0.895412016659975
87,P2_mean,QUANN_1c,10672,0.01,0.9173947889357805,4.375459611415863,3.501427322626114,3.2265850752592087,1.9769312404096127,1.2536613494157791,1.3180732391774654,1.0069168023765087,0.8717854674905539,0.8630316369235516,0.8354595005512238
88,P2_mean,QUANN_2c,12864,0.01,0.995738185942173,3.6834568455815315,3.1040724739432335,2.6416518837213516,1.9369472824037075,1.4993267320096493,1.3321798220276833,1.4572681412100792,1.0013691503554583,0.858280761167407,0.9399788323789835
89,P2_mean,QUANN_3c,17248,0.01,0.893298601731658,3.55534740537405,3.396625444293022,2.7510363906621933,2.3084579184651375,1.5096572116017342,1.2960354797542095,1.0793667752295732,0.9850111994892359,0.88038051687181,0.8578759785741568
90,midpoint,QUANN_1,9584,0.0001,31.066987931728363,49.202579379081726,42.38634717464447,37.2255734205246,34.71901082992554,33.40225249528885,32.288653790950775,31.43355417251587,30.846474051475525,30.41495978832245,30.08610963821411
91,midpoint,QUANN_2,10688,0.0001,31.26988035440445,49.546783208847046,43.51964092254639,38.83419418334961,35.74424058198929,33.76334112882614,32.4527832865715,31.432723224163055,30.701469898223877,30.295463740825653,30.03128468990326
92,midpoint,QUANN_3,12896,0.0001,31.508662402629852,48.84725213050842,42.39684295654297,38.292623817920685,36.102793633937836,34.62431329488754,33.50601524114609,32.65985381603241,31.918114364147186,31.105972290039062,30.42253303527832
93,midpoint,QUANN_1a,11696,0.0001,30.44935828447342,49.61923539638519,42.934844851493835,37.8830760717392,35.30988907814026,33.72754663228989,32.64857941865921,31.6840797662735,30.767277479171753,29.956972360610962,29.338912427425385
94,midpoint,QUANN_2a,14912,0.0001,31.358096957206726,49.015464782714844,42.74254488945007,38.51064735651016,36.10641169548035,34.52348965406418,33.101312041282654,32.01896524429321,31.246640920639038,30.72752445936203,30.45370215177536
95,midpoint,QUANN_3a,21344,0.0001,31.04611039161682,49.1558723449707,42.452221274375916,38.217848002910614,35.7279177904129,33.97262328863144,32.65422809123993,31.606888473033905,30.769924521446228,30.335895836353302,30.115073204040527
96,midpoint,QUANN_1c,10672,0.0001,29.98844349384308,48.92850303649902,42.154033064842224,37.068847715854645,34.25636214017868,32.592953622341156,31.45562380552292,30.641260087490082,30.016915917396545,29.509249806404114,29.167059898376465
97,midpoint,QUANN_2c,12864,0.0001,31.908441603183746,48.696959495544434,42.57323157787323,38.48481035232544,36.21788835525513,34.69112116098404,33.41876399517059,32.239929378032684,31.520035564899445,30.96806800365448,30.532057642936707
98,midpoint,QUANN_3c,17248,0.0001,31.609657108783722,48.96021246910095,42.54258918762207,38.10615783929825,35.655047595500946,33.73192358016968,32.42046499252319,31.669198393821716,31.01392310857773,30.64232361316681,30.353735029697418
99,midpoint,QUANN_1,9584,0.0005,26.03027033805847,33.92152953147888,30.031192183494568,28.685256004333496,28.631160497665405,28.16875147819519,27.18899369239807,26.27117121219635,25.721129298210144,24.998305439949036,24.501881957054138
100,midpoint,QUANN_2,10688,0.0005,25.46706074476242,33.91868442296982,30.548575043678284,30.008883893489838,29.289800107479095,27.903788089752197,26.64124834537506,25.56541210412979,25.005207061767578,24.621235966682434,24.34601980447769
101,midpoint,QUANN_3,12896,0.0005,25.668849647045135,34.39557647705078,30.427633821964264,29.499891936779022,27.960392773151398,26.676478266716003,25.923532009124756,25.407925128936768,24.970068633556366,24.64182060956955,24.43875080347061
102,midpoint,QUANN_1a,11696,0.0005,25.346645414829254,34.0645387172699,30.435521185398102,28.865663051605225,27.800989747047424,26.685640692710876,25.894141793251038,25.22157084941864,24.77784287929535,24.547828018665314,24.353949189186096
103,midpoint,QUANN_2a,14912,0.0005,25.43801373243332,33.97314786911011,30.168008387088776,28.561127841472626,27.50607740879059,26.348357379436493,25.580143094062805,25.10153764486313,24.828134417533875,24.467553853988647,24.213299572467804
104,midpoint,QUANN_3a,21344,0.0005,25.411708414554596,33.24657988548279,29.256092190742493,28.057777643203735,26.57985383272171,25.70348709821701,25.195882380008698,24.777689218521118,24.39608806371689,24.2820445895195,24.152197182178497
105,midpoint,QUANN_1c,10672,0.0005,26.111083507537842,33.29361194372177,30.023632884025574,28.81704968214035,28.54510933160782,28.027576327323914,27.32137030363083,26.557601034641266,25.943954348564148,25.35414081811905,24.99129295349121
106,midpoint,QUANN_2c,12864,0.0005,25.5751816034317,34.421913385391235,29.951542675495148,28.653338491916656,28.175030648708344,26.942449748516083,25.869472324848175,25.313103914260864,24.860354363918304,24.568026900291443,24.295249700546265
107,midpoint,QUANN_3c,17248,0.0005,25.79743468761444,35.32693964242935,30.4652898311615,28.40768700838089,27.478624641895294,26.37825173139572,25.875144958496094,25.368699848651886,25.050388038158417,24.75566065311432,24.711614847183228
108,midpoint,QUANN_1,9584,0.001,24.824377834796906,30.148057758808136,28.004241704940796,25.961655378341675,24.626688539981842,24.165818333625793,23.78961533308029,23.60950881242752,23.464052855968475,23.574586749076843,23.61563330888748
109,midpoint,QUANN_2,10688,0.001,24.951646864414215,30.860860586166382,27.718025743961334,25.662587106227875,24.829560220241547,24.24236536026001,23.974884629249573,23.806121051311493,23.769066989421844,23.674230873584747,23.770494401454926
110,midpoint,QUANN_3,12896,0.001,25.09687229990959,30.672984421253204,27.045322477817535,25.28740918636322,24.544534981250763,24.230536937713623,24.13009637594223,24.056496143341064,23.94758379459381,23.9546679854393,23.96059650182724
111,midpoint,QUANN_1a,11696,0.001,25.055371820926666,31.010713040828705,26.96083754301071,25.43627017736435,24.768036127090454,24.379738509655,24.235551416873932,24.086192667484283,23.977563858032227,24.08029168844223,23.94375991821289
112,midpoint,QUANN_2a,14912,0.001,25.07603245973587,31.490590035915375,27.917317152023315,25.60792911052704,24.65045130252838,24.3580983877182,23.990673780441284,23.972499668598175,23.860023140907288,23.800451576709747,23.700136184692383
113,midpoint,QUANN_3a,21344,0.001,25.08673071861267,30.090083837509155,26.832866072654724,25.256894409656525,24.515157520771027,23.931852221488953,23.932679653167725,23.906841158866882,23.656884849071503,23.702687680721283,23.852089047431946
114,midpoint,QUANN_1c,10672,0.001,25.120518743991852,31.107435643672943,28.887285590171814,26.66148293018341,25.38246876001358,24.8155420422554,24.516846299171448,24.279963493347168,24.270931720733643,23.957334101200104,23.87320387363434
115,midpoint,QUANN_2c,12864,0.001,25.348144114017487,31.87012416124344,27.666295289993286,25.632485806941986,24.89592957496643,24.444736897945404,24.15836489200592,24.02256840467453,23.883845448493958,23.942216277122498,23.858117520809174
116,midpoint,QUANN_3c,17248,0.001,25.544056951999664,30.714111804962158,27.597708702087402,26.525265634059906,25.37294566631317,24.79582130908966,24.70998477935791,24.316610157489777,24.192698895931244,24.030433893203735,24.05162763595581
117,midpoint,QUANN_1,9584,0.005,25.774338722229004,26.74480664730072,25.10354381799698,25.036974608898163,24.640613794326782,24.900292098522186,24.274360477924347,24.405506312847137,24.720340728759766,24.49588567018509,24.709021151065826
118,midpoint,QUANN_2,10688,0.005,26.121477723121643,26.211697340011597,25.626896679401398,25.19412922859192,25.231839418411255,24.612329304218292,24.84157907962799,24.542863309383392,25.0669047832489,25.622999727725983,24.62040537595749
119,midpoint,QUANN_3,12896,0.005,25.987929463386536,25.46386331319809,25.064742743968964,25.324835121631622,25.488858222961426,24.84130734205246,25.513906598091125,25.127989530563354,25.001272439956665,24.964761197566986,24.828416287899017
120,midpoint,QUANN_1a,11696,0.005,26.13373899459839,26.375644624233246,24.86894065141678,24.804480373859406,25.24573963880539,24.699383795261383,24.799914360046387,24.650640904903412,24.386847019195557,24.761754631996155,25.024595260620117
121,midpoint,QUANN_2a,14912,0.005,26.735577821731567,25.340029656887054,24.684923768043518,25.69113552570343,24.688063263893127,24.85049533843994,25.328016996383667,24.778874814510345,24.57562917470932,24.703841507434845,25.2924987077713
122,midpoint,QUANN_3a,21344,0.005,26.0361545085907,25.4407000541687,25.663444876670837,25.051190495491028,24.889403581619263,25.062329292297363,24.643545389175415,24.89620578289032,24.840236365795135,24.701010823249817,24.916192293167114
123,midpoint,QUANN_1c,10672,0.005,25.769754230976105,25.87191915512085,25.524742782115936,24.804083347320557,24.948853254318237,24.594124257564545,24.390569508075714,24.377909660339355,24.95942258834839,24.572397232055664,24.506466031074524
124,midpoint,QUANN_2c,12864,0.005,25.82729411125183,26.281486988067627,26.04790908098221,25.084134936332703,24.902812242507935,25.292577385902405,25.540926814079285,24.708402931690216,24.887610018253326,24.981246650218964,24.768956005573273
125,midpoint,QUANN_3c,17248,0.005,26.261066436767578,26.340300261974335,25.223885774612427,25.665374994277954,25.092890918254852,25.342513382434845,25.292277336120605,24.90652596950531,25.12376296520233,24.893719851970673,25.01480108499527
126,midpoint,QUANN_1,9584,0.01,26.200084686279297,27.074324309825897,25.859440207481384,26.465102672576904,26.45441436767578,25.71912032365799,25.93272477388382,24.666815161705017,25.391894042491913,25.908453047275543,25.05121338367462
127,midpoint,QUANN_2,10688,0.01,26.911145329475403,27.155543982982635,26.696833908557892,26.244477808475494,26.36558759212494,26.485732853412628,26.9741348028183,26.59455758333206,25.81252020597458,26.394784152507782,25.86060631275177
128,midpoint,QUANN_3,12896,0.01,27.232255578041077,26.92866450548172,27.73851615190506,26.653502106666565,27.302624762058258,26.404330849647522,26.84727507829666,26.64133846759796,25.831342935562134,26.685385048389435,26.577887892723083
129,midpoint,QUANN_1a,11696,0.01,26.448273301124573,27.297641813755035,28.201115667819977,26.232722222805023,27.020714104175568,25.767693042755127,25.477125585079193,25.72479486465454,25.41040676832199,25.692115485668182,25.683913826942444
130,midpoint,QUANN_2a,14912,0.01,26.593213260173798,27.414055109024048,26.553017735481262,26.564348459243774,26.505475223064423,25.570660769939423,25.728576958179474,26.177582442760468,25.729645431041718,25.79246175289154,25.453061163425446
131,midpoint,QUANN_3a,21344,0.01,26.82543021440506,26.907067120075226,27.262127161026,26.29603374004364,25.693968534469604,25.50506240129471,25.916831374168396,25.824275195598602,26.064901292324066,25.39506095647812,25.701116621494293
132,midpoint,QUANN_1c,10672,0.01,26.722139716148376,26.781470119953156,26.678629100322723,28.842838883399963,26.4940527677536,26.396241664886475,26.265859246253967,26.35344362258911,26.879562437534332,26.596877574920654,25.531301259994507
133,midpoint,QUANN_2c,12864,0.01,26.885550916194916,27.445574522018433,26.933745443820953,26.446333646774292,25.911022424697876,26.728648602962494,25.19662743806839,26.388613641262054,25.817429780960083,26.02910840511322,25.662527799606323
134,midpoint,QUANN_3c,17248,0.01,27.15444713830948,27.868529677391052,27.04025089740753,27.076983988285065,26.360334038734436,26.042848706245422,25.681864023208618,25.508667528629303,26.904854595661163,25.92043226957321,26.282856464385986
135,geometric_median,QUANN_1,9584,0.0001,10.715498298406601,29.86365783214569,21.20394802093506,16.623792558908463,14.535728633403778,13.210693687200546,12.109831094741821,11.010417267680168,10.790400087833405,10.752717718482018,10.709736406803131
136,geometric_median,QUANN_2,10688,0.0001,10.627822235226631,29.8668452501297,22.169384598731995,17.362913727760315,14.964820981025696,13.560899376869202,12.656532108783722,12.152147650718689,11.60569241642952,11.005476832389832,10.833221152424812
137,geometric_median,QUANN_3,12896,0.0001,10.62267878651619,29.76091068983078,22.371130883693695,17.575371712446213,15.045751631259918,13.697248965501785,12.59080719947815,11.939917117357254,11.46042937040329,10.86365631222725,10.592528149485588
138,geometric_median,QUANN_1a,11696,0.0001,10.5522940158844,30.03536605834961,21.507413625717163,16.764146715402603,14.464114278554916,13.051374286413193,12.263620167970657,11.907191589474678,11.378754422068596,10.763174220919609,10.533510491251945
139,geometric_median,QUANN_2a,14912,0.0001,10.4469453394413,29.764529764652252,22.221888840198517,17.434115767478943,14.808160215616226,13.211100429296494,12.16821175813675,11.34192955493927,10.735809326171875,10.597057193517685,10.511527135968208
140,geometric_median,QUANN_3a,21344,0.0001,10.334488183259964,29.742784559726715,21.91676664352417,17.39340528845787,14.45613506436348,12.80581921339035,12.099439680576324,11.712892651557922,11.112235069274902,10.532235383987427,10.31378136575222
141,geometric_median,QUANN_1c,10672,0.0001,10.729868486523628,29.933138608932495,21.562509536743164,16.972746104002,14.496916562318802,13.027137398719788,12.027558147907257,11.295840576291084,10.754375010728836,10.640203267335892,10.606643676757812
142,geometric_median,QUANN_2c,12864,0.0001,10.503492772579193,30.05705851316452,22.005023539066315,17.363775372505188,14.551268994808197,12.568281203508377,11.957293629646301,11.379224628210068,10.88625654578209,10.725014761090279,10.632238283753395
143,geometric_median,QUANN_3c,17248,0.0001,9.69109557569027,29.214348196983337,20.90435528755188,17.44797456264496,15.844015836715698,14.48535344004631,12.85230678319931,11.377300828695297,10.506469652056694,9.984716564416885,9.598318427801132
144,geometric_median,QUANN_1,9584,0.0005,4.9940910041332245,13.017747431993484,10.691071197390556,10.10873518884182,8.39782527089119,7.367042556405067,6.272497519850731,5.526850983500481,5.178726032376289,4.977764159440994,4.837160624563694
145,geometric_median,QUANN_2,10688,0.0005,5.068839967250824,13.69592422246933,10.68840903043747,10.282947957515717,9.572245597839355,7.456174433231354,6.184662386775017,5.60322792828083,5.320950247347355,5.130078636109829,5.003414556384087
146,geometric_median,QUANN_3,12896,0.0005,5.094522498548031,13.411215722560883,10.069637477397919,7.617915287613869,6.472302138805389,5.8360560312867165,5.458879590034485,5.275863640010357,5.148375295102596,5.055786117911339,4.989383928477764
147,geometric_median,QUANN_1a,11696,0.0005,5.101073041558266,13.751279562711716,10.91890749335289,9.64784488081932,7.058930456638336,5.9462637305259705,5.45256731659174,5.136818133294582,5.061485469341278,4.920219831168652,4.854750372469425
148,geometric_median,QUANN_2a,14912,0.0005,4.954833447933197,14.915276944637299,10.146801933646202,7.988024041056633,6.617697760462761,5.92366661131382,5.515956088900566,5.201531000435352,4.957796469330788,4.841777786612511,4.729731284081936
149,geometric_median,QUANN_3a,21344,0.0005,4.862369865179062,13.097910195589066,9.447725921869278,7.077140659093857,6.0099402368068695,5.403662227094173,5.126731589436531,4.901425026357174,4.756951108574867,4.721781961619854,4.605457179248333
150,geometric_median,QUANN_1c,10672,0.0005,5.415724314749241,13.864716291427612,10.68565383553505,10.322461009025574,9.196968093514442,7.09886559844017,6.227993488311768,5.737725183367729,5.405534073710442,5.257228672504425,5.1432082280516624
151,geometric_median,QUANN_2c,12864,0.0005,5.164623633027077,13.386925458908081,11.546432346105576,8.138936653733253,6.602486848831177,5.828440502285957,5.383374683558941,5.193323150277138,5.012680523097515,4.962771147489548,4.913038849830627
152,geometric_median,QUANN_3c,17248,0.0005,5.332167610526085,13.685226380825043,9.527506902813911,7.4561571180820465,6.4000403881073,5.789329305291176,5.578318431973457,5.215388044714928,5.095530845224857,4.938460096716881,4.86529154330492
153,geometric_median,QUANN_1,9584,0.001,4.925480090081692,11.026298999786377,8.11575186252594,5.858916603028774,5.284095637500286,5.154247686266899,4.988249234855175,4.926452927291393,4.907381780445576,4.83760779350996,4.7472435384988785
154,geometric_median,QUANN_2,10688,0.001,4.804385848343372,10.759005472064018,8.294288620352745,5.990976125001907,5.364779479801655,5.160076953470707,5.084936015307903,5.005490571260452,4.962687537074089,4.925569474697113,4.902291685342789
155,geometric_median,QUANN_3,12896,0.001,5.034460298717022,11.371756166219711,7.952357053756714,6.353025302290916,5.717270731925964,5.437755286693573,5.226130321621895,5.086842507123947,4.933610744774342,4.842997342348099,4.780523851513863
156,geometric_median,QUANN_1a,11696,0.001,4.590050145983696,10.651417002081871,7.099747106432915,5.669085532426834,5.265573181211948,5.063591279089451,4.939345143735409,4.771182663738728,4.719898924231529,4.574572756886482,4.557660475373268
157,geometric_median,QUANN_2a,14912,0.001,4.834577992558479,10.528021842241287,6.7042920887470245,5.5151214599609375,5.157518729567528,5.041754297912121,4.975705333054066,4.903943195939064,4.802305236458778,4.717296615242958,4.676675051450729
158,geometric_median,QUANN_3a,21344,0.001,4.373468801379204,9.39099669456482,6.106714978814125,5.189278773963451,4.912737146019936,4.700194753706455,4.582749307155609,4.419638656079769,4.295222081243992,4.247395791113377,4.144954353570938
159,geometric_median,QUANN_1c,10672,0.001,4.922610834240913,10.620875135064125,7.423399105668068,5.693591967225075,5.318562723696232,5.120583936572075,5.028765305876732,4.957028284668922,4.84928447753191,4.795340113341808,4.820815406739712
160,geometric_median,QUANN_2c,12864,0.001,4.739567406475544,11.349582582712173,7.091624453663826,5.7428207993507385,5.230248644948006,4.987768337130547,4.905067645013332,4.713673502206802,4.672298729419708,4.5947425365448,4.537956655025482
161,geometric_median,QUANN_3c,17248,0.001,4.769266366958618,9.917473018169403,7.334245085716248,6.064254924654961,5.669679395854473,5.388190299272537,5.159424893558025,5.016363136470318,4.827670343220234,4.761412583291531,4.756139524281025
162,geometric_median,QUANN_1,9584,0.005,4.007318936288357,5.5671406686306,5.001017801463604,4.819807700812817,4.772807635366917,4.554842136800289,4.3738062530756,4.069069288671017,3.9354679211974144,3.9188660606741905,3.7151522263884544
163,geometric_median,QUANN_2,10688,0.005,3.8488293513655663,5.479537144303322,5.122639201581478,5.015353336930275,4.854290060698986,4.578705936670303,4.372331507503986,4.210501283407211,3.9250558167696,3.8566830083727837,3.5883282497525215
164,geometric_median,QUANN_3,12896,0.005,3.743944987654686,5.595327191054821,5.031145334243774,4.6162170842289925,4.531297944486141,4.31705878674984,4.095917291939259,3.9499582946300507,3.8643237575888634,3.530325897037983,3.5951642468571663
165,geometric_median,QUANN_1a,11696,0.005,3.9334952905774117,5.494736865162849,5.32133062928915,4.798008315265179,4.933771878480911,4.603966169059277,4.337207615375519,4.277572453022003,3.9458233416080475,3.758262015879154,3.6713447347283363
166,geometric_median,QUANN_2a,14912,0.005,4.338584065437317,5.455353707075119,5.079346843063831,4.938814528286457,4.873508967459202,4.708686709403992,4.730285204946995,4.465057879686356,4.566279858350754,4.271665081381798,4.225263133645058
167,geometric_median,QUANN_3a,21344,0.005,4.406170606613159,5.298555292189121,5.113855555653572,4.8111342042684555,4.849893420934677,4.602651201188564,4.626780673861504,4.534853845834732,4.341691546142101,4.333054631948471,4.264919117093086
168,geometric_median,QUANN_1c,10672,0.005,3.8369999676942825,5.497046679258347,5.13754028826952,4.897366404533386,4.59221813082695,4.510563395917416,4.289586596190929,4.012838110327721,4.04020681232214,3.68851425498724,3.6536849662661552
169,geometric_median,QUANN_2c,12864,0.005,3.623315744102001,5.347280114889145,5.125670291483402,4.980483405292034,4.512913413345814,4.429737634956837,4.228176884353161,3.96911408752203,3.995214097201824,3.5735540241003036,3.4643139988183975
170,geometric_median,QUANN_3c,17248,0.005,3.9574587643146515,5.600888334214687,5.261465445160866,4.7777548506855965,4.587375245988369,4.64480746537447,4.341546252369881,4.173711851239204,3.7273155748844147,3.7053144350647926,3.6884499192237854
171,geometric_median,QUANN_1,9584,0.01,4.561318352818489,5.8689888045191765,6.237419471144676,6.316772148013115,5.473845727741718,5.215802624821663,5.277210220694542,5.15487215667963,4.658059895038605,4.543172009289265,4.291964493691921
172,geometric_median,QUANN_2,10688,0.01,4.019796513020992,6.1526854783296585,5.365514367818832,4.903667233884335,4.780181460082531,4.300015971064568,4.320014916360378,4.145655959844589,3.883906900882721,3.7251815870404243,3.8273808658123016
173,geometric_median,QUANN_3,12896,0.01,4.206216439604759,5.9275937378406525,5.1519875675439835,5.215052954852581,4.285386875271797,4.5048521012067795,4.29244277626276,4.44247355312109,3.872968651354313,3.8817048519849777,3.941673018038273
174,geometric_median,QUANN_1a,11696,0.01,4.422352060675621,5.950790673494339,5.605916894972324,5.078521251678467,5.168366298079491,4.775644488632679,4.477055765688419,3.998916268348694,4.41512706130743,3.9848359674215317,4.013499058783054
175,geometric_median,QUANN_2a,14912,0.01,4.076383657753468,5.7940817922353745,5.774808317422867,5.328921988606453,4.957101844251156,4.962360918521881,4.774371229112148,4.32822573184967,4.274335153400898,4.076799355447292,3.6806686520576477
176,geometric_median,QUANN_3a,21344,0.01,4.226306885480881,6.257178470492363,4.812497965991497,4.907688535749912,4.237470328807831,4.085541859269142,4.109641410410404,3.9001318141818047,3.9820447713136673,3.7487919628620148,3.92843846231699
177,geometric_median,QUANN_1c,10672,0.01,4.538273319602013,5.811745077371597,5.713086262345314,5.598810628056526,5.388833783566952,5.309249743819237,5.048690170049667,5.16109824180603,5.036274172365665,4.510123051702976,4.208208665251732
178,geometric_median,QUANN_2c,12864,0.01,4.0387116223573685,5.989508867263794,5.949720352888107,5.183325305581093,5.187911741435528,4.639811187982559,4.261206693947315,3.945300817489624,4.315389566123486,3.906534418463707,3.7815600112080574
179,geometric_median,QUANN_3c,17248,0.01,4.1916249468922615,6.553372114896774,5.751863926649094,5.480687089264393,4.911509111523628,4.6629005298018456,4.260290540754795,4.352582186460495,4.102856308221817,3.9680003225803375,4.066285543143749
180,marginal_median,QUANN_1,9584,0.0001,10.579079881310463,29.652255654335022,21.70877104997635,16.554933577775955,14.100716799497604,12.57817953824997,12.012128293514252,11.839231938123703,11.517470747232437,10.93985429406166,10.572199553251266
181,marginal_median,QUANN_2,10688,0.0001,10.503683254122734,29.553359746932983,21.99098563194275,17.05678716301918,14.072230756282806,12.33126676082611,11.440555214881897,10.781414896249771,10.601061761379242,10.548647791147232,10.4854736328125
182,marginal_median,QUANN_3,12896,0.0001,10.444030210375786,30.214932143688202,22.248942255973816,17.3507619202137,14.907498151063919,13.324150919914246,12.286460131406784,11.786674797534943,11.30038358271122,10.653652876615524,10.392590507864952
183,marginal_median,QUANN_1a,11696,0.0001,10.570346981287003,29.717290937900543,21.73770558834076,16.916679173707962,14.090201139450073,12.441861420869827,11.103770822286606,10.595077276229858,10.48080363869667,10.438224539160728,10.377527549862862
184,marginal_median,QUANN_2a,14912,0.0001,10.21743294596672,29.889647006988525,22.154805779457092,16.725238621234894,13.6379015147686,12.175728976726532,11.703095182776451,11.052140325307846,10.513897389173508,10.366834297776222,10.265678033232689
185,marginal_median,QUANN_3a,21344,0.0001,9.943467110395432,29.595885038375854,21.443358421325684,16.198078602552414,13.488250881433487,11.950625002384186,11.07975560426712,10.413812384009361,10.180128082633018,10.026694133877754,9.845019772648811
186,marginal_median,QUANN_1c,10672,0.0001,10.466447860002518,29.98820811510086,21.340679049491882,16.831207513809204,14.393961101770401,13.311884731054306,12.510729521512985,11.647995963692665,10.942367762327194,10.483065649867058,10.362440660595894
187,marginal_median,QUANN_2c,12864,0.0001,10.110864013433456,29.422161757946014,21.865874648094177,17.22977378964424,14.47760659456253,12.502064645290375,11.543040350079536,10.826119974255562,10.464701399207115,10.344663292169571,10.231701478362083
188,marginal_median,QUANN_3c,17248,0.0001,10.549655094742775,29.869255304336548,21.7261660695076,17.103403121232986,14.941605746746063,13.509158372879028,12.549686551094055,12.053367584943771,11.737722903490067,11.291928380727768,10.628880754113197
189,marginal_median,QUANN_1,9584,0.0005,5.374832354485989,12.513196647167206,10.402213111519814,10.026187300682068,8.88036823272705,6.831484645605087,5.882394455373287,5.473929926753044,5.282989017665386,5.211298666894436,5.127968683838844
190,marginal_median,QUANN_2,10688,0.0005,4.905823692679405,12.49364584684372,10.420035690069199,9.510718196630478,7.796585589647293,6.56548648327589,5.831013485789299,5.409991592168808,5.186003029346466,5.071036674082279,5.000902712345123
191,marginal_median,QUANN_3,12896,0.0005,5.160141170024872,13.22754892706871,10.710474327206612,9.593957424163818,7.485890448093414,6.331723265349865,5.7322451919317245,5.443139173090458,5.278760805726051,5.211286403238773,5.119408704340458
192,marginal_median,QUANN_1a,11696,0.0005,4.948944181203842,12.302295207977295,10.403180912137032,9.610224455595016,7.238675504922867,6.149844877421856,5.648373581469059,5.348708130419254,5.216511219739914,5.104444727301598,4.997929148375988
193,marginal_median,QUANN_2a,14912,0.0005,5.03323907405138,13.51501476764679,10.190451174974442,8.137578874826431,6.438548348844051,5.682032346725464,5.321054585278034,5.106609538197517,5.018473520874977,4.9189590364694595,4.8845857083797455
194,marginal_median,QUANN_3a,21344,0.0005,5.0026689395308495,12.040271192789078,9.499934688210487,7.1381674110889435,6.05561999976635,5.498039186000824,5.193894617259502,5.0583935007452965,4.9426248371601105,4.8692838326096535,4.8380686566233635
195,marginal_median,QUANN_1c,10672,0.0005,4.948471963405609,13.51668107509613,10.510144382715225,9.425061240792274,7.412032887339592,6.2060936614871025,5.623719044029713,5.3115197867155075,5.110805407166481,5.004913151264191,4.9526564329862595
196,marginal_median,QUANN_2c,12864,0.0005,5.130847364664078,13.035035729408264,10.322796702384949,9.362775281071663,7.242068231105804,6.144131362438202,5.567702084779739,5.339153498411179,5.159882977604866,5.084053806960583,4.9649508446455
197,marginal_median,QUANN_3c,17248,0.0005,5.237037003040314,13.790438145399094,10.118485033512115,8.213875249028206,6.844509690999985,6.2114328891038895,5.843241989612579,5.639310382306576,5.408229865133762,5.345620706677437,5.23139388859272
198,marginal_median,QUANN_1,9584,0.001,5.030489802360535,10.789420008659363,9.619888976216316,6.421258129179478,5.517208956182003,5.366909891366959,5.150621153414249,5.118989408016205,5.010653086006641,4.945331044495106,4.899593710899353
199,marginal_median,QUANN_2,10688,0.001,4.858439601957798,10.264488473534584,6.851806282997131,5.64224074780941,5.244536377489567,5.112467475235462,5.011550106108189,4.995062433183193,4.91378527879715,4.855157494544983,4.887051269412041
200,marginal_median,QUANN_3,12896,0.001,4.570135332643986,10.33333370089531,7.279647082090378,5.77179579436779,5.234602272510529,5.0474235862493515,4.9192704781889915,4.8095304518938065,4.67629749327898,4.682367444038391,4.533377632498741
201,marginal_median,QUANN_1a,11696,0.001,4.772866494953632,10.230322107672691,6.884090229868889,5.448234856128693,5.07597566395998,4.971442297101021,4.919545941054821,4.814374789595604,4.797198556363583,4.723124749958515,4.7218440771102905
202,marginal_median,QUANN_2a,14912,0.001,4.696005135774612,10.033820316195488,6.397758029401302,5.463366866111755,5.14926864951849,5.1769865825772285,4.979942470788956,4.915719963610172,4.873554140329361,4.845462612807751,4.758110918104649
203,marginal_median,QUANN_3a,21344,0.001,4.581509426236153,10.099369049072266,6.5152884647250175,5.497207060456276,5.203660003840923,5.031585797667503,4.881693437695503,4.741553574800491,4.6370211616158485,4.547784321010113,4.527475170791149
204,marginal_median,QUANN_1c,10672,0.001,4.842265747487545,10.585722863674164,8.026833459734917,5.680313549935818,5.2265664935112,5.034080520272255,4.949211850762367,4.859751082956791,4.8650737926363945,4.828254982829094,4.7542832642793655
205,marginal_median,QUANN_2c,12864,0.001,4.697151817381382,10.31342676281929,6.99322634190321,5.516508795320988,5.134607240557671,4.992613397538662,4.970885396003723,4.862160198390484,4.79389514029026,4.724464736878872,4.701426945626736
206,marginal_median,QUANN_3c,17248,0.001,4.642618283629417,9.278430700302124,6.730827987194061,5.8118210807442665,5.461583398282528,5.293055698275566,5.07744350284338,5.012953259050846,4.9083341807127,4.7528379410505295,4.683734469115734
207,marginal_median,QUANN_1,9584,0.005,4.052337542176247,5.470969185233116,5.147897653281689,5.047420479357243,4.764446392655373,4.726688206195831,4.5325624123215675,4.4185550436377525,4.381204195320606,4.210275262594223,4.0025649741292
208,marginal_median,QUANN_2,10688,0.005,3.8384904488921165,5.356813237071037,5.127996921539307,5.190605007112026,4.853079281747341,4.5011643916368484,4.481167435646057,4.21778878569603,4.123058758676052,3.802127793431282,3.7624538391828537
209,marginal_median,QUANN_3,12896,0.005,4.575654976069927,5.558380924165249,5.2362800389528275,5.185106858611107,4.8906132355332375,4.9711694419384,4.944369710981846,4.741846457123756,4.802159547805786,4.587746791541576,4.539535343647003
210,marginal_median,QUANN_1a,11696,0.005,3.8620659187436104,5.7839943543076515,5.104368083178997,4.963487803936005,5.000324904918671,4.519959978759289,4.511308535933495,4.35642596334219,4.147150509059429,3.8911000415682793,3.7657902240753174
211,marginal_median,QUANN_2a,14912,0.005,4.420699343085289,5.636870659887791,5.094816230237484,5.322116337716579,5.009255096316338,5.083696663379669,4.651657976210117,4.640030987560749,4.58564680814743,4.561595998704433,4.38983379304409
212,marginal_median,QUANN_3a,21344,0.005,3.644620791077614,5.322315879166126,4.986506432294846,4.802210256457329,4.6648426204919815,4.534483052790165,4.228922851383686,4.124165065586567,3.8777244314551353,3.8479887321591377,3.4880720376968384
213,marginal_median,QUANN_1c,10672,0.005,3.994825579226017,5.615405321121216,5.383851282298565,4.801188290119171,4.729559302330017,4.586721181869507,4.404438644647598,4.238732032477856,4.005689844489098,3.9173556342720985,3.8543540239334106
214,marginal_median,QUANN_2c,12864,0.005,3.946127288043499,5.334656499326229,5.336633287370205,5.2812772914767265,5.020520336925983,4.912064358592033,4.672664053738117,4.657261878252029,4.3737659975886345,4.072973728179932,3.8368719071149826
215,marginal_median,QUANN_3c,17248,0.005,3.9469615295529366,6.1930704563856125,5.5754614025354385,5.185495920479298,4.850108928978443,4.495096266269684,4.321598768234253,4.233682915568352,4.19022624194622,3.9842041581869125,3.9832878783345222
216,marginal_median,QUANN_1,9584,0.01,3.9488039314746857,6.1947556138038635,5.473082810640335,4.948897369205952,5.040807098150253,4.711579114198685,5.009763136506081,4.559494152665138,4.4366809874773026,4.360891334712505,3.9997961819171906
217,marginal_median,QUANN_2,10688,0.01,4.355840526521206,6.383753061294556,6.20841658115387,6.446408107876778,5.376443825662136,5.388094238936901,4.945775777101517,4.686324551701546,4.343166433274746,4.633949495851994,4.341758914291859
218,marginal_median,QUANN_3,12896,0.01,4.258100643754005,6.033154584467411,7.256409898400307,5.655289359390736,5.308274254202843,4.889578305184841,4.888324849307537,4.546348512172699,4.523796297609806,4.048956148326397,4.254202388226986
219,marginal_median,QUANN_1a,11696,0.01,4.283270493149757,6.012826077640057,5.519957758486271,4.978860177099705,4.936711899936199,4.6420731246471405,4.453333422541618,4.164936125278473,4.13597396761179,3.9966821745038033,4.193517915904522
220,marginal_median,QUANN_2a,14912,0.01,4.20776329189539,5.901106432080269,6.246519282460213,5.794306345283985,5.263490900397301,4.925368770956993,4.586306966841221,4.5087525099515915,4.331669166684151,4.175198905169964,4.026515804231167
221,marginal_median,QUANN_3a,21344,0.01,4.088685169816017,5.873190753161907,5.651286281645298,5.282475955784321,5.065747380256653,4.831829875707626,4.638244695961475,4.428771518170834,4.150389529764652,4.070466369390488,4.15309102833271
222,marginal_median,QUANN_1c,10672,0.01,4.22287268191576,6.578878380358219,5.883071690797806,5.665606044232845,5.108814865350723,4.865614876151085,4.700093552470207,4.689441487193108,4.226559646427631,4.246962748467922,4.089528679847717
223,marginal_median,QUANN_2c,12864,0.01,4.335351787507534,5.825244918465614,5.506378129124641,4.84514095634222,4.925431862473488,4.578669838607311,4.631085641682148,4.248927071690559,4.18601767718792,4.2051360458135605,4.270850293338299
224,marginal_median,QUANN_3c,17248,0.01,4.4114691615104675,6.884963721036911,6.287223637104034,6.0346341878175735,5.733523890376091,5.088877037167549,4.9883235692977905,4.638220831751823,4.565010868012905,4.289786525070667,4.355993524193764
225,log_sum_exp,QUANN_1,9584,0.0001,40.795719265937805,123.74463319778442,111.61912798881531,93.64237403869629,68.52839303016663,58.08526945114136,53.459195613861084,50.34807634353638,48.00903391838074,46.006515860557556,43.90742599964142
226,log_sum_exp,QUANN_2,10688,0.0001,37.5356171131134,121.14777398109436,89.23998951911926,58.22619318962097,52.01882779598236,48.5800963640213,46.30639731884003,44.315561294555664,42.77918303012848,41.10455632209778,40.03976929187775
227,log_sum_exp,QUANN_3,12896,0.0001,34.82762634754181,100.41921639442444,57.725507497787476,51.82777118682861,48.27651393413544,45.914724349975586,44.125874757766724,42.19366276264191,40.560391664505005,39.79810857772827,37.64392477273941
228,log_sum_exp,QUANN_1a,11696,0.0001,37.85007691383362,124.69784021377563,98.30251979827881,62.852179169654846,53.26978874206543,49.158294558525085,46.75385403633118,45.131513357162476,43.541013956069946,42.02700114250183,40.74461221694946
229,log_sum_exp,QUANN_2a,14912,0.0001,34.401188254356384,112.33894276618958,61.562785029411316,52.77385687828064,48.02124750614166,44.59307384490967,42.32490921020508,40.39224088191986,38.914381325244904,37.46116387844086,36.18358552455902
230,log_sum_exp,QUANN_3a,21344,0.0001,32.59713274240494,88.31839799880981,55.78428840637207,49.75042140483856,45.84154510498047,43.242382645606995,41.24465239048004,39.21982169151306,37.62502086162567,35.81778836250305,34.24253714084625
231,log_sum_exp,QUANN_1c,10672,0.0001,37.44219791889191,122.91708874702454,99.73194861412048,65.10927855968475,53.02847695350647,48.98208522796631,46.8614604473114,44.99676811695099,43.38008010387421,41.90010702610016,40.11470329761505
232,log_sum_exp,QUANN_2c,12864,0.0001,36.43781495094299,101.91048002243042,57.82550632953644,51.543079257011414,48.67618429660797,46.3638596534729,44.700090408325195,43.07051694393158,42.317240595817566,40.334426045417786,39.17205500602722
233,log_sum_exp,QUANN_3c,17248,0.0001,32.77228856086731,61.40988910198212,51.34351897239685,47.77909803390503,45.168203473091125,43.69651794433594,41.42878305912018,39.70929539203644,37.96447819471359,36.38023120164871,34.826855540275574
234,log_sum_exp,QUANN_1,9584,0.0005,19.111794978380203,56.82733857631683,45.439409613609314,38.75832211971283,34.33908265829086,30.115678012371063,27.786371648311615,24.986654818058014,22.988477766513824,21.904472291469574,20.873581290245056
235,log_sum_exp,QUANN_2,10688,0.0005,18.24405887722969,51.883811235427856,42.66041421890259,35.88937598466873,31.124310314655304,28.626488089561462,25.053812265396118,23.073461174964905,21.624154329299927,20.948573291301727,19.638437658548355
236,log_sum_exp,QUANN_3,12896,0.0005,18.52540749311447,47.60990238189697,40.09287202358246,34.358138263225555,29.57139629125595,26.864107370376587,24.49155420064926,22.658005833625793,21.335209906101227,20.41460746526718,19.630118399858475
237,log_sum_exp,QUANN_1a,11696,0.0005,17.66844916343689,52.49628245830536,40.76959240436554,35.20210474729538,29.66686874628067,25.79561012983322,23.595195710659027,22.0226588845253,20.85571151971817,20.34620624780655,19.213423371315002
238,log_sum_exp,QUANN_2a,14912,0.0005,17.340564340353012,47.54136896133423,38.24916398525238,32.197541654109955,28.000048995018005,25.00289011001587,22.890004694461823,21.25623121857643,19.957172691822052,19.823070108890533,18.619033604860306
239,log_sum_exp,QUANN_3a,21344,0.0005,16.82801043987274,44.24457585811615,35.850327491760254,30.600465178489685,27.14171302318573,24.09985488653183,21.7191122174263,21.334081202745438,19.327485620975494,18.577424824237823,18.028774619102478
240,log_sum_exp,QUANN_1c,10672,0.0005,17.45307630300522,54.070523738861084,42.05083155632019,35.423208832740784,30.776483833789825,25.999838709831238,23.657282203435898,22.25732433795929,20.806629210710526,19.681015342473984,18.988557636737823
241,log_sum_exp,QUANN_2c,12864,0.0005,17.961199790239334,50.65256702899933,40.98226606845856,34.16717046499252,29.29041761159897,26.057213842868805,23.350826919078827,22.39517778158188,20.295318335294724,19.48663440346718,18.670598566532135
242,log_sum_exp,QUANN_3c,17248,0.0005,17.91551011800766,45.10945749282837,37.955994725227356,32.18464195728302,28.083324432373047,25.108186900615692,23.597136318683624,21.770734548568726,20.633976250886917,19.615838199853897,19.335835993289948
243,log_sum_exp,QUANN_1,9584,0.001,16.916501849889755,45.65297758579254,34.79492491483688,28.335221469402313,26.854158759117126,23.380146384239197,21.975953459739685,20.40639692544937,19.043229430913925,18.396996796131134,17.751272410154343
244,log_sum_exp,QUANN_2,10688,0.001,16.69883343577385,44.46242368221283,34.096888184547424,30.015042781829834,23.58515614271164,20.710588544607162,19.287732899188995,18.055958807468414,17.566146165132523,16.696273416280746,17.92452421784401
245,log_sum_exp,QUANN_3,12896,0.001,14.227488934993744,43.389901995658875,31.506600201129913,26.629046142101288,21.53204846382141,20.069823056459427,18.105192065238953,17.310038447380066,16.051727652549744,16.06858929991722,14.883283793926239
246,log_sum_exp,QUANN_1a,11696,0.001,15.926949262619019,46.96702802181244,38.15136760473251,30.816823840141296,25.149006724357605,22.956372618675232,20.473385512828827,19.850227028131485,18.203542977571487,17.207751005887985,17.457819879055023
247,log_sum_exp,QUANN_2a,14912,0.001,14.37412741780281,40.66686141490936,30.563483476638794,24.20313060283661,21.598311841487885,19.276124387979507,17.502555578947067,16.76451352238655,16.120118647813797,15.445072680711746,14.940851330757141
248,log_sum_exp,QUANN_3a,21344,0.001,13.570326924324036,39.96179521083832,30.68863958120346,26.79938894510269,21.60222989320755,19.049031376838684,17.672507613897324,17.4734066426754,15.94235447049141,15.342092365026474,14.550235211849213
249,log_sum_exp,QUANN_1c,10672,0.001,14.95520281791687,45.68942165374756,34.514164447784424,28.566382586956024,22.40318813920021,19.969371438026428,20.00860783457756,18.916883200407028,17.86776304244995,16.76261168718338,16.154532551765442
250,log_sum_exp,QUANN_2c,12864,0.001,13.678104132413864,44.72568881511688,31.611544132232666,25.557990431785583,21.981003522872925,19.13048592209816,17.805869847536087,18.01723837852478,15.958764165639877,15.698716968297958,14.851051419973373
251,log_sum_exp,QUANN_3c,17248,0.001,14.33890575170517,43.125295519828796,32.04001343250275,25.51251357793808,21.789056837558746,19.82140815258026,18.026145219802856,17.241852521896362,16.241872668266296,15.46717318892479,14.987596273422241
252,log_sum_exp,QUANN_1,9584,0.005,15.561877876520157,34.39945822954178,22.49950021505356,19.93114972114563,16.79318717122078,15.464283376932144,14.22286406159401,13.811200439929962,13.440198302268982,13.160640984773636,16.617153465747833
253,log_sum_exp,QUANN_2,10688,0.005,14.291999757289886,31.50950276851654,20.562208980321884,16.74271622300148,15.339215517044067,15.281969159841537,13.486544400453568,14.203673422336578,12.732427716255188,12.533582180738449,15.28280246257782
254,log_sum_exp,QUANN_3,12896,0.005,11.548601865768433,27.54778802394867,18.450461268424988,16.969497084617615,14.718208014965057,15.806924283504486,12.705335795879364,12.414640337228775,12.343145608901978,12.782563745975494,12.736952722072601
255,log_sum_exp,QUANN_1a,11696,0.005,11.532660633325577,29.33511382341385,19.872866451740265,16.852692246437073,15.737229704856873,13.70132890343666,13.779950648546219,12.486902892589569,16.213231831789017,11.901571720838547,12.243459731340408
256,log_sum_exp,QUANN_2a,14912,0.005,10.742817223072052,29.532568037509918,18.079478353261948,16.544603615999222,14.268826961517334,12.750425189733505,13.469756156206131,12.217723101377487,12.755713760852814,12.121543288230896,11.396171420812607
257,log_sum_exp,QUANN_3a,21344,0.005,11.17396131157875,25.47716760635376,19.017662465572357,14.980593919754028,13.163813948631287,13.095985412597656,11.826223134994507,11.851857841014862,12.274820387363434,11.952814906835556,11.799721226096153
258,log_sum_exp,QUANN_1c,10672,0.005,10.83251005411148,27.655142724514008,19.00879740715027,16.148382246494293,14.051204234361649,13.83536547422409,13.269942075014114,12.309416592121124,12.043733090162277,13.249274253845215,11.828462213277817
259,log_sum_exp,QUANN_2c,12864,0.005,11.134974598884583,31.242156326770782,20.116975843906403,16.96681323647499,15.373987883329391,13.496240675449371,14.398103952407837,13.32858681678772,12.223496317863464,12.19231054186821,11.90806695818901
260,log_sum_exp,QUANN_3c,17248,0.005,11.42118713259697,30.101898431777954,21.548300683498383,16.468156933784485,15.862674534320831,13.098513185977936,13.982895970344543,12.228277891874313,12.383455067873001,11.293582201004028,12.065044224262238
261,log_sum_exp,QUANN_1,9584,0.01,11.335773050785065,28.148278772830963,18.969077169895172,18.21872639656067,16.487487614154816,15.115924298763275,13.581988006830215,13.815497815608978,13.891515970230103,13.001250505447388,12.28954204916954
262,log_sum_exp,QUANN_2,10688,0.01,11.624600231647491,28.87366098165512,18.73723527789116,16.54279336333275,15.892605304718018,14.788479208946228,13.695308446884155,15.71400910615921,13.208157390356064,14.797661900520325,12.741500198841095
263,log_sum_exp,QUANN_3,12896,0.01,11.723239421844482,27.508470118045807,22.137358486652374,17.122500628232956,17.677982836961746,13.788872748613358,12.594210535287857,12.638037592172623,13.446212500333786,11.762020081281662,12.135900467634201
264,log_sum_exp,QUANN_1a,11696,0.01,12.041227161884308,31.776413440704346,19.336291432380676,15.67469072341919,16.02486875653267,15.826615154743195,18.246638119220734,14.377943933010101,12.48643073439598,13.609135568141937,12.93352398276329
265,log_sum_exp,QUANN_2a,14912,0.01,11.13446968793869,28.317915380001068,17.66161733865738,16.61239257454872,14.637815594673157,13.679702490568161,14.205112248659134,13.905004620552063,12.496508479118347,13.060089200735092,11.980088263750076
266,log_sum_exp,QUANN_3a,21344,0.01,12.082880973815918,27.534318208694458,15.941769242286682,16.20035594701767,14.294895380735397,14.148052275180817,12.985212981700897,12.801293462514877,14.759149134159088,12.072284072637558,12.960145443677902
267,log_sum_exp,QUANN_1c,10672,0.01,11.209538280963898,28.51542752981186,21.612390279769897,16.644580960273743,13.793584942817688,17.065326809883118,14.33194786310196,13.01923531293869,12.510013818740845,13.030219614505768,11.87700629234314
268,log_sum_exp,QUANN_2c,12864,0.01,20.790200114250183,24.820927500724792,20.744435787200928,19.770048588514328,20.9710510969162,16.19333502650261,14.357533693313599,16.19691428542137,14.520202249288559,13.632722556591034,21.96117854118347
269,log_sum_exp,QUANN_3c,17248,0.01,12.49404314160347,27.46399748325348,24.328785002231598,15.375931769609451,15.040326178073883,14.429251372814178,13.462005138397217,11.985810309648514,13.855223566293716,13.227186292409897,13.584972560405731
270,norm_max,QUANN_1,9584,0.0001,111.55258131027222,161.48711967468262,148.67666029930115,135.25535106658936,127.07262468338013,121.93937230110168,118.386221408844,115.76216888427734,113.85541224479675,112.08760213851929,110.54497194290161
271,norm_max,QUANN_2,10688,0.0001,113.82884383201599,160.8722972869873,147.88494300842285,135.7993986606598,128.55904841423035,123.76088404655457,120.66166400909424,117.88931655883789,115.79441165924072,114.02442002296448,112.27475142478943
272,norm_max,QUANN_3,12896,0.0001,114.10312366485596,161.21784496307373,147.59729766845703,134.38437747955322,126.45625329017639,121.96832418441772,118.74767780303955,116.14218616485596,114.20982217788696,112.83229899406433,111.76786756515503
273,norm_max,QUANN_1a,11696,0.0001,113.29115152359009,161.36970806121826,148.28834462165833,135.50903701782227,128.37688994407654,124.17333030700684,121.14384889602661,118.7389190196991,116.87890625,115.38735580444336,114.09348225593567
274,norm_max,QUANN_2a,14912,0.0001,110.90859770774841,160.74029779434204,147.8155210018158,135.92576265335083,127.92318344116211,122.1944351196289,117.82814860343933,114.60622644424438,112.48710513114929,110.73114824295044,109.45436143875122
275,norm_max,QUANN_3a,21344,0.0001,115.19179630279541,161.12634658813477,147.5707449913025,134.66770386695862,127.8895890712738,123.94051504135132,121.47996139526367,119.10689163208008,117.16608023643494,115.45565676689148,114.2325119972229
276,norm_max,QUANN_1c,10672,0.0001,114.0632483959198,161.37879991531372,148.69846844673157,135.669819355011,127.90760135650635,122.69789099693298,119.35489892959595,117.27002596855164,115.69865131378174,114.64224028587341,113.15883421897888
277,norm_max,QUANN_2c,12864,0.0001,113.7684531211853,160.957763671875,147.70863366127014,134.05119729042053,126.46117043495178,121.3568172454834,118.17060947418213,116.09405040740967,114.40865063667297,113.66066575050354,113.05119276046753
278,norm_max,QUANN_3c,17248,0.0001,115.24792170524597,160.68072509765625,148.01590037345886,137.52851104736328,130.9737367630005,126.90354228019714,124.29480028152466,121.58392143249512,119.40919947624207,116.87413930892944,114.87359738349915
279,norm_max,QUANN_1,9584,0.0005,96.80122375488281,124.35602927207947,111.55153918266296,107.34605526924133,106.23103165626526,105.0360050201416,104.5544981956482,101.8391604423523,98.6329550743103,97.03970122337341,95.12877106666565
280,norm_max,QUANN_2,10688,0.0005,92.59866106510162,127.11499857902527,111.91539025306702,105.50781846046448,102.5164704322815,100.3423752784729,98.67504811286926,96.83810019493103,94.87640976905823,93.32360625267029,92.49353766441345
281,norm_max,QUANN_3,12896,0.0005,94.57237219810486,124.70065379142761,116.01092743873596,111.02139616012573,106.08075833320618,102.5558729171753,99.39801049232483,97.46392226219177,96.0666720867157,94.59577870368958,93.30327868461609
282,norm_max,QUANN_1a,11696,0.0005,93.66071510314941,123.93740248680115,109.82963490486145,105.13356471061707,101.35292387008667,99.59983921051025,97.72448444366455,95.09284210205078,93.70421957969666,92.96296739578247,91.88199973106384
283,norm_max,QUANN_2a,14912,0.0005,92.61830854415894,124.00720405578613,110.00747060775757,104.8650438785553,103.08883571624756,100.31554770469666,96.83701968193054,94.82043313980103,93.61775779724121,92.86563849449158,92.03216552734375
284,norm_max,QUANN_3a,21344,0.0005,92.85993790626526,125.34080266952515,113.99409103393555,106.25415372848511,101.48633193969727,98.13677930831909,95.16482400894165,93.86718344688416,92.60183811187744,91.54005980491638,90.91761064529419
285,norm_max,QUANN_1c,10672,0.0005,94.27147698402405,124.76491951942444,110.66133904457092,104.81949710845947,101.33113360404968,100.8469774723053,99.79327964782715,98.7426209449768,97.09413027763367,95.0622673034668,93.81618237495422
286,norm_max,QUANN_2c,12864,0.0005,94.42895889282227,125.47539687156677,113.00271010398865,105.77262449264526,102.48498463630676,100.05166530609131,98.27514576911926,96.5139787197113,94.73573708534241,93.76747417449951,92.99491119384766
287,norm_max,QUANN_3c,17248,0.0005,94.01404881477356,125.12420344352722,112.73748588562012,105.4726333618164,103.35587072372437,101.44187211990356,97.89841270446777,96.03904867172241,94.8822853565216,93.77302694320679,92.99230694770813
288,norm_max,QUANN_1,9584,0.001,91.78535532951355,110.61517858505249,105.88190269470215,101.13088488578796,98.27568626403809,94.34445142745972,92.76136803627014,91.5040397644043,90.68648529052734,90.66286754608154,90.30844140052795
289,norm_max,QUANN_2,10688,0.001,90.53108501434326,114.05872583389282,104.70207786560059,98.64353966712952,94.69421458244324,92.25752449035645,91.2105860710144,90.51385021209717,90.11894655227661,90.02881026268005,89.65392136573792
290,norm_max,QUANN_3,12896,0.001,91.68033528327942,114.64349293708801,106.30136466026306,99.68373203277588,95.38558578491211,92.51594352722168,91.20872378349304,90.85289311408997,90.05797481536865,89.97840762138367,89.80445313453674
291,norm_max,QUANN_1a,11696,0.001,90.18335294723511,113.12276005744934,101.43197059631348,96.58574056625366,93.09848117828369,91.13488841056824,90.93734526634216,90.17024993896484,89.15884637832642,89.87795889377594,89.28337359428406
292,norm_max,QUANN_2a,14912,0.001,89.85756802558899,115.01863765716553,101.71086025238037,95.84881281852722,93.13012719154358,91.65019273757935,90.65782189369202,90.09786891937256,90.23584985733032,89.77046489715576,89.54411482810974
293,norm_max,QUANN_3a,21344,0.001,91.0560759305954,115.09873151779175,101.988126039505,99.47765731811523,97.17603540420532,94.71322107315063,92.60280466079712,91.71735429763794,91.22231221199036,91.05582189559937,90.8955762386322
294,norm_max,QUANN_1c,10672,0.001,91.03739416599274,110.40019083023071,102.94310021400452,99.8146059513092,96.0487449169159,93.73082041740417,91.50104904174805,91.17737197875977,90.89033007621765,90.1633071899414,89.99269247055054
295,norm_max,QUANN_2c,12864,0.001,90.90499758720398,113.70484113693237,103.06546235084534,99.45680475234985,95.97447943687439,93.74797034263611,92.55660772323608,91.92317581176758,91.90107941627502,91.50650262832642,91.12574315071106
296,norm_max,QUANN_3c,17248,0.001,91.98775291442871,115.52398037910461,104.03707790374756,100.35224390029907,96.28651642799377,94.4030020236969,92.76149916648865,92.19700932502747,91.74032759666443,91.32070326805115,91.28172659873962
297,norm_max,QUANN_1,9584,0.005,94.99186515808105,96.63627028465271,93.38485455513,93.73089623451233,92.5984365940094,93.0244288444519,93.67912173271179,93.0590488910675,92.76764702796936,92.08591532707214,93.61561322212219
298,norm_max,QUANN_2,10688,0.005,93.43088006973267,99.89338159561157,93.6413242816925,92.86422276496887,92.41759848594666,92.55623364448547,93.94756770133972,93.52161264419556,92.78562808036804,92.33084106445312,91.97440481185913
299,norm_max,QUANN_3,12896,0.005,94.39910292625427,101.23707294464111,95.04025554656982,93.90882682800293,92.42617285251617,93.4352490901947,92.41826510429382,93.6295268535614,92.36507797241211,92.63164687156677,92.4012987613678
300,norm_max,QUANN_1a,11696,0.005,93.76910209655762,96.41893029212952,93.0062050819397,94.23897910118103,92.04659390449524,91.63968420028687,92.47170042991638,91.00569915771484,92.20798587799072,91.81727719306946,91.2642183303833
301,norm_max,QUANN_2a,14912,0.005,93.18251967430115,98.02117991447449,92.11294031143188,92.55117106437683,91.61614775657654,91.87554383277893,91.70963764190674,92.56863856315613,92.2464849948883,91.40935039520264,91.53815412521362
302,norm_max,QUANN_3a,21344,0.005,94.40132474899292,100.31906199455261,98.88370108604431,93.42114639282227,91.47197437286377,93.01349210739136,91.15469813346863,92.38666033744812,91.49969267845154,90.86332321166992,93.51396822929382
303,norm_max,QUANN_1c,10672,0.005,96.55540204048157,96.28539967536926,93.66234397888184,92.10607600212097,93.83233189582825,91.92649435997009,92.71064758300781,92.33751010894775,92.81611776351929,92.3816888332367,94.82699656486511
304,norm_max,QUANN_2c,12864,0.005,95.1689100265503,100.64275026321411,95.02785778045654,94.49545955657959,93.1454873085022,92.10994291305542,94.36452913284302,92.65551471710205,92.2691376209259,93.28835773468018,93.96872234344482
305,norm_max,QUANN_3c,17248,0.005,93.53702330589294,100.49089813232422,95.77169227600098,95.14882969856262,93.39838194847107,94.80182909965515,94.00770258903503,94.52091526985168,95.6645815372467,92.2681622505188,92.30092978477478
306,norm_max,QUANN_1,9584,0.01,96.56079387664795,101.213219165802,101.48600649833679,99.61095833778381,97.22738218307495,97.82146859169006,96.27723693847656,95.42798805236816,94.26909303665161,95.668283700943,93.76135325431824
307,norm_max,QUANN_2,10688,0.01,98.32271933555603,100.57919001579285,98.64748978614807,101.40432572364807,97.36750507354736,96.6053876876831,95.68892025947571,97.59947633743286,95.87916851043701,97.09777927398682,97.10695362091064
308,norm_max,QUANN_3,12896,0.01,100.694650888443,103.91019344329834,101.01397776603699,98.62269306182861,98.11177802085876,100.76553225517273,98.06481003761292,98.45449638366699,98.724613904953,96.54450869560242,98.03024387359619
309,norm_max,QUANN_1a,11696,0.01,97.99153184890747,98.54498720169067,97.09318542480469,98.11219382286072,99.39574813842773,97.34275197982788,98.62314224243164,97.74174165725708,97.41836738586426,95.32991552352905,95.19990301132202
310,norm_max,QUANN_2a,14912,0.01,96.15213394165039,100.38890838623047,98.84310030937195,98.98872232437134,97.11961627006531,97.57727074623108,95.88196802139282,95.65125441551208,96.85784721374512,97.19488406181335,96.3903157711029
311,norm_max,QUANN_3a,21344,0.01,97.18731236457825,98.6754400730133,97.95421481132507,99.7942144870758,96.65572786331177,94.5514395236969,97.14512038230896,98.05315279960632,94.47131681442261,101.65940976142883,97.39635920524597
312,norm_max,QUANN_1c,10672,0.01,108.00580191612244,101.37914395332336,96.19774794578552,97.1411497592926,95.87939548492432,97.74553799629211,96.40962314605713,97.92781329154968,98.19153881072998,98.91625142097473,106.85298752784729
313,norm_max,QUANN_2c,12864,0.01,98.32331347465515,102.92962408065796,101.40574336051941,102.97418451309204,99.12847781181335,100.50396537780762,99.21664476394653,99.94708919525146,98.63222241401672,98.72416067123413,97.66028952598572
314,norm_max,QUANN_3c,17248,0.01,168.44627475738525,107.08296298980713,99.90559554100037,101.80363941192627,99.8250801563263,100.14364337921143,100.42138624191284,137.58257794380188,166.20682334899902,166.31652927398682,166.31650114059448
315,row_max,QUANN_1,9584,0.0001,46.425403356552124,117.29523706436157,105.23352551460266,87.38296484947205,71.54495060443878,64.75084018707275,60.4133722782135,55.606507897377014,51.43932855129242,48.725688219070435,46.890806794166565
316,row_max,QUANN_2,10688,0.0001,41.459415912628174,116.7720239162445,93.50430965423584,60.47625648975372,53.20743131637573,50.01920509338379,47.68638062477112,45.97437107563019,44.36619019508362,42.79562187194824,41.285144567489624
317,row_max,QUANN_3,12896,0.0001,41.16420519351959,87.18910527229309,57.91380298137665,52.32599318027496,49.745739221572876,48.28541433811188,47.005221486091614,45.7342871427536,44.599588215351105,43.23811197280884,42.25404727458954
318,row_max,QUANN_1a,11696,0.0001,39.898332834243774,116.80911779403687,93.8801497220993,65.29845011234283,56.3927446603775,52.18022346496582,49.09187185764313,45.924089670181274,43.58876919746399,41.30578052997589,39.538932263851166
319,row_max,QUANN_2a,14912,0.0001,37.8779159784317,105.17844784259796,65.90555596351624,55.87262511253357,50.95772385597229,47.19429564476013,44.14309215545654,42.222957253456116,40.245211601257324,38.828866720199585,37.80931007862091
320,row_max,QUANN_3a,21344,0.0001,35.931026458740234,87.32115936279297,56.571733593940735,49.512380838394165,46.287195801734924,42.9129456281662,41.01658296585083,39.57175934314728,38.04285931587219,36.97991740703583,35.79907900094986
321,row_max,QUANN_1c,10672,0.0001,41.139352560043335,118.26902842521667,97.4600328207016,67.57788276672363,56.6662962436676,51.88187873363495,48.608519077301025,46.45321702957153,44.186315059661865,42.44148921966553,40.93904376029968
322,row_max,QUANN_2c,12864,0.0001,41.3401300907135,103.50935792922974,64.88566029071808,55.871254563331604,50.87012851238251,48.483882427215576,46.49510669708252,45.0960077047348,43.91867113113403,42.49375641345978,41.50771760940552
323,row_max,QUANN_3c,17248,0.0001,38.717469215393066,70.61747705936432,52.93202102184296,48.66470944881439,45.89206266403198,44.06929862499237,42.804009318351746,41.56897842884064,40.73466169834137,39.65905177593231,38.208732068538666
324,row_max,QUANN_1,9584,0.0005,23.288195192813873,61.72163999080658,46.53302299976349,39.7717667222023,35.27253443002701,32.207064628601074,29.460857450962067,27.44596952199936,25.874355792999268,24.420839458703995,23.473133772611618
325,row_max,QUANN_2,10688,0.0005,21.194648325443268,53.09071624279022,42.602584302425385,37.510760486125946,32.02199625968933,28.548434615135193,25.91080790758133,24.387465000152588,23.60684823989868,22.835547596216202,21.134242951869965
326,row_max,QUANN_3,12896,0.0005,21.67556196451187,49.61827826499939,43.67444038391113,39.165343284606934,34.92680776119232,31.482849419116974,27.39086151123047,25.170844972133636,23.348037600517273,22.43467676639557,21.09755653142929
327,row_max,QUANN_1a,11696,0.0005,20.5280299782753,57.13953924179077,46.16702163219452,39.921878933906555,33.858053743839264,30.210465252399445,26.913426756858826,24.68226933479309,22.64601641893387,21.477789729833603,20.298322200775146
328,row_max,QUANN_2a,14912,0.0005,20.12512841820717,49.280152440071106,40.1131991147995,33.87285906076431,29.578878045082092,26.5654855966568,23.67869481444359,22.101377725601196,20.6851564347744,19.967498511075974,20.14471125602722
329,row_max,QUANN_3a,21344,0.0005,19.20130416750908,45.45715248584747,37.72347003221512,31.04032427072525,27.61318826675415,25.234495103359222,23.587232410907745,22.323972523212433,21.492148995399475,20.313694059848785,19.09323352575302
330,row_max,QUANN_1c,10672,0.0005,22.245026648044586,55.00213885307312,43.773592591285706,37.963427782058716,33.80876225233078,29.635770201683044,27.13429170846939,25.298375606536865,23.766080111265182,23.242312014102936,22.455156087875366
331,row_max,QUANN_2c,12864,0.0005,21.317254960536957,51.86926710605621,42.21481192111969,36.31919711828232,33.354596734046936,29.56525683403015,26.16318917274475,23.601566314697266,22.295089960098267,24.208316028118134,21.342090606689453
332,row_max,QUANN_3c,17248,0.0005,19.29219701886177,46.9149523973465,39.31412500143051,36.08319050073624,29.4281325340271,26.073514699935913,23.20126438140869,21.875353455543518,20.51787042617798,20.335263311862946,19.187818586826324
333,row_max,QUANN_1,9584,0.001,18.708575308322906,49.362906098365784,37.79652786254883,31.656862437725067,26.843701720237732,24.2481689453125,21.99238955974579,20.89627054333687,19.77592760324478,19.1091126203537,18.6167351603508
334,row_max,QUANN_2,10688,0.001,17.28451493382454,47.56483852863312,38.10398942232132,31.16653883457184,28.57674378156662,24.052829831838608,21.46375772356987,20.652451276779175,19.033772975206375,18.16938543319702,17.044747531414032
335,row_max,QUANN_3,12896,0.001,17.21867847442627,42.934152245521545,34.126180768013,26.126930713653564,23.407069861888885,20.657545745372772,20.71222785115242,19.149995028972626,18.65919840335846,18.91903266310692,17.205245047807693
336,row_max,QUANN_1a,11696,0.001,16.89016169309616,47.10107696056366,36.379112005233765,28.395282328128815,24.287019789218903,24.359861314296722,20.29037857055664,19.47702145576477,18.485308796167374,18.044841170310974,17.26762020587921
337,row_max,QUANN_2a,14912,0.001,16.15087217092514,43.95916545391083,32.5272291302681,26.33206307888031,22.56943702697754,23.375923573970795,19.980324029922485,18.472301483154297,17.07874169945717,16.45068684220314,16.139820277690887
338,row_max,QUANN_3a,21344,0.001,15.402327626943588,38.19182127714157,30.37335854768753,24.659549295902252,21.555396378040314,19.08860069513321,17.371434897184372,17.2656347155571,16.871412217617035,16.736795246601105,15.267101496458054
339,row_max,QUANN_1c,10672,0.001,17.217922866344452,45.50279664993286,36.13443207740784,29.918818831443787,26.526888251304626,23.844903469085693,20.509698271751404,19.427543312311172,18.2928886115551,17.572597682476044,16.67449125647545
340,row_max,QUANN_2c,12864,0.001,16.958311527967453,44.96811485290527,33.821264147758484,27.54144936800003,23.71135449409485,21.683542758226395,21.18154013156891,18.865546613931656,18.93270280957222,17.46619749069214,17.18505284190178
341,row_max,QUANN_3c,17248,0.001,16.546013116836548,42.32560479640961,30.833541572093964,26.8854820728302,22.79310369491577,20.072921752929688,18.55938595533371,18.2585951089859,18.368145018815994,16.654160857200623,16.31773629784584
342,row_max,QUANN_1,9584,0.005,14.145624369382858,33.34411954879761,23.64539122581482,20.757127195596695,16.907758742570877,21.138848900794983,17.76825624704361,15.828208446502686,14.977229803800583,13.803963989019394,14.143130600452423
343,row_max,QUANN_2,10688,0.005,14.25160413980484,34.99919205904007,22.391562968492508,18.368325412273407,16.1557314991951,15.245988488197327,14.695242047309875,14.028805941343307,15.141912013292313,13.5649653673172,14.136021345853806
344,row_max,QUANN_3,12896,0.005,13.192604124546051,31.175221383571625,23.59943300485611,16.896659314632416,16.650802969932556,14.85785898566246,14.823013842105865,13.698673278093338,14.072950184345245,13.072128772735596,13.014709115028381
345,row_max,QUANN_1a,11696,0.005,14.267116338014603,37.77605438232422,23.499829590320587,18.18885499238968,16.73010551929474,19.574144661426544,15.50885882973671,19.73999187350273,14.464134842157364,13.745969891548157,13.885698795318604
346,row_max,QUANN_2a,14912,0.005,13.361018896102905,29.61247193813324,18.282572984695435,15.385804653167725,14.114628285169601,17.031293630599976,13.611114859580994,13.571438819169998,13.766267091035843,12.617948681116104,13.072329103946686
347,row_max,QUANN_3a,21344,0.005,13.466992408037186,30.220717787742615,18.057993710041046,15.403345584869385,14.313341528177261,14.20345601439476,13.927487462759018,16.830745607614517,13.146257191896439,14.266439318656921,13.162638455629349
348,row_max,QUANN_1c,10672,0.005,13.819728285074234,35.17325097322464,20.38618704676628,18.56707611680031,18.48145118355751,16.61779683828354,16.589595317840576,15.658341825008392,16.591578722000122,14.977878868579865,13.730079561471939
349,row_max,QUANN_2c,12864,0.005,13.38776558637619,34.64976912736893,20.247663468122482,16.964963793754578,16.235772371292114,15.511722058057785,13.913001745939255,13.337757259607315,13.66478967666626,13.884564727544785,12.900978475809097
350,row_max,QUANN_3c,17248,0.005,12.807834714651108,29.23049747943878,19.7331403195858,15.68930521607399,14.282182812690735,13.643714040517807,14.484891086816788,13.055863320827484,13.337088704109192,13.069386839866638,12.586331725120544
351,row_max,QUANN_1,9584,0.01,17.785948932170868,40.676711201667786,22.395986944437027,19.18033429980278,18.339982360601425,16.194221138954163,15.35307776927948,14.51190659403801,14.202370554208755,14.5294069647789,17.281665414571762
352,row_max,QUANN_2,10688,0.01,15.257594227790833,33.31998109817505,21.59083718061447,19.055710047483444,16.82821547985077,16.325124979019165,15.94055923819542,14.949023872613907,17.082417905330658,14.140167862176895,15.101722627878189
353,row_max,QUANN_3,12896,0.01,14.260621786117554,28.737127900123596,20.382340848445892,15.781805455684662,16.602689623832703,15.193807572126389,14.423468828201294,13.720925390720367,14.070964992046356,14.181712239980698,13.775309950113297
354,row_max,QUANN_1a,11696,0.01,14.9657561480999,35.04260230064392,21.149491786956787,17.408351868391037,17.95369043946266,16.659714102745056,15.833293676376343,16.23483517765999,14.854490906000137,13.965171992778778,14.847793847322464
355,row_max,QUANN_2a,14912,0.01,17.75477185845375,30.949709951877594,20.756309866905212,16.186243385076523,15.793689966201782,15.38102400302887,13.457240611314774,17.31351324915886,14.382472783327103,15.485935062170029,18.131088078022003
356,row_max,QUANN_3a,21344,0.01,13.747712522745132,23.53861078619957,18.776131242513657,16.504545718431473,15.482340723276138,15.823240101337433,15.85329183936119,15.461746960878372,14.317811131477356,14.616851568222046,13.334989160299301
357,row_max,QUANN_1c,10672,0.01,18.589051991701126,34.33956587314606,21.60967853665352,21.412458568811417,17.83532816171646,16.358151495456696,16.547861337661743,15.350620865821838,14.231986194849014,14.377824157476425,18.39225661754608
358,row_max,QUANN_2c,12864,0.01,14.179656118154526,30.862283289432526,19.00658693909645,18.01407301425934,14.669728428125381,14.516722798347473,14.774983942508698,15.715330004692078,14.439904272556305,13.345705926418304,13.99590939283371
359,row_max,QUANN_3c,17248,0.01,16.579601675271988,28.43070477247238,22.047244638204575,19.94127529859543,17.425793170928955,15.841315150260925,14.728503078222275,14.760611087083817,15.831282287836075,16.466788917779922,16.211293429136276
360,variance,QUANN_1,9584,0.0001,386.51910877227783,1466.1048126220703,1288.2422924041748,1220.669054031372,1082.070369720459,873.3694610595703,688.784649848938,547.9370756149292,472.3765244483948,441.95176124572754,418.68497943878174
361,variance,QUANN_2,10688,0.0001,345.56984663009644,1363.6788845062256,1073.3094129562378,781.7932691574097,656.9199533462524,583.1041269302368,522.8111581802368,469.4417448043823,424.94947814941406,394.43257999420166,375.5213580131531
362,variance,QUANN_3,12896,0.0001,268.55625653266907,1012.9468402862549,681.1852741241455,523.2754364013672,438.47916889190674,381.8869128227234,356.68247652053833,344.57216215133667,320.7878017425537,321.51589012145996,307.7335796356201
363,variance,QUANN_1a,11696,0.0001,361.11453580856323,1371.5342807769775,1128.8516521453857,809.8885898590088,652.3690843582153,560.2687454223633,503.10834884643555,464.542387008667,436.6682596206665,415.2624740600586,395.1178183555603
364,variance,QUANN_2a,14912,0.0001,227.30878233909607,1334.313455581665,826.7137145996094,674.451530456543,592.0598659515381,510.7110004425049,406.0302357673645,347.4245409965515,308.3576600551605,286.7161281108856,264.38861560821533
365,variance,QUANN_3a,21344,0.0001,152.55491471290588,964.2791109085083,592.1800584793091,412.091016292572,337.8037085533142,299.4632182121277,262.60296082496643,248.08123564720154,209.14205622673035,192.04146897792816,177.94986295700073
366,variance,QUANN_1c,10672,0.0001,371.5631709098816,1374.2427158355713,1203.9539642333984,1035.1905040740967,863.928731918335,703.764986038208,571.9620761871338,495.1549263000488,450.472448348999,421.69195795059204,401.62502574920654
367,variance,QUANN_2c,12864,0.0001,306.30841398239136,1313.7663135528564,885.126410484314,670.7658739089966,577.8327922821045,502.88057804107666,436.533842086792,404.553505897522,367.638813495636,345.14481687545776,327.14409160614014
368,variance,QUANN_3c,17248,0.0001,226.59469175338745,786.674232006073,565.8079853057861,476.5963010787964,412.2418632507324,348.52180576324463,319.36785078048706,290.2172532081604,273.9157407283783,259.84914541244507,255.62731099128723
369,variance,QUANN_1,9584,0.0005,243.32956409454346,997.905294418335,478.0268907546997,429.49402713775635,382.2997260093689,351.7576951980591,358.4246048927307,329.867552280426,320.21930503845215,295.8724708557129,275.5551919937134
370,variance,QUANN_2,10688,0.0005,120.45745539665222,578.627607345581,366.56333780288696,319.9140396118164,320.6783618927002,285.2826404571533,243.7850160598755,216.04460191726685,187.7350344657898,153.18403136730194,143.38187110424042
371,variance,QUANN_3,12896,0.0005,78.93233406543732,529.3010931015015,348.5154023170471,263.82484436035156,204.64892148971558,182.36027336120605,137.00774025917053,113.15727722644806,123.97142970561981,101.47115236520767,96.02817088365555
372,variance,QUANN_1a,11696,0.0005,123.81269526481628,655.2140483856201,457.1175346374512,394.67627000808716,359.4464612007141,331.96603631973267,342.7883620262146,298.8266849517822,230.51539278030396,168.53371942043304,151.33059418201447
373,variance,QUANN_2a,14912,0.0005,86.1384608745575,508.9569978713989,344.872567653656,287.48937368392944,213.2476897239685,170.9478553533554,148.88192915916443,127.64182734489441,111.27502405643463,112.63200294971466,103.39826214313507
374,variance,QUANN_3a,21344,0.0005,70.88067990541458,540.5463848114014,359.9616599082947,174.38843703269958,147.31168699264526,108.45287084579468,107.91323471069336,91.39145052433014,80.88154661655426,85.06968706846237,81.68826079368591
375,variance,QUANN_1c,10672,0.0005,89.89940667152405,767.4689011573792,424.27027463912964,350.4688858985901,305.20192527770996,255.1682391166687,201.35199332237244,162.48598980903625,160.06730937957764,116.02117490768433,104.5474054813385
376,variance,QUANN_2c,12864,0.0005,74.94100707769394,611.7239027023315,452.13399171829224,296.5244414806366,228.20595526695251,183.93780481815338,152.75647616386414,129.26105546951294,112.2106027007103,103.64462387561798,94.92435276508331
377,variance,QUANN_3c,17248,0.0005,92.1387180685997,423.09754753112793,315.81434774398804,270.48738074302673,173.20655298233032,136.3234430551529,106.93336147069931,103.36980694532394,88.97355943918228,85.35031288862228,111.51467895507812
378,variance,QUANN_1,9584,0.001,143.17874550819397,480.219690322876,386.8435878753662,361.0373430252075,322.7888193130493,278.0541932582855,253.1042914390564,244.9829467535019,200.27382123470306,188.40164351463318,175.38799858093262
379,variance,QUANN_2,10688,0.001,81.95116525888443,538.1992340087891,381.2305545806885,324.9597725868225,286.2131018638611,192.54322028160095,165.09634625911713,247.87808561325073,140.17103779315948,102.0215607881546,97.35333943367004
380,variance,QUANN_3,12896,0.001,63.787021934986115,369.7332034111023,265.00795125961304,168.756174325943,144.04689991474152,93.65028953552246,84.73776400089264,77.5566657781601,73.63605409860611,86.84110176563263,77.44047689437866
381,variance,QUANN_1a,11696,0.001,61.89043825864792,527.0816764831543,341.066960811615,193.05783414840698,140.66327464580536,115.20999932289124,94.62551820278168,90.0137609243393,82.74367594718933,78.6223475933075,77.78726881742477
382,variance,QUANN_2a,14912,0.001,80.20143234729767,409.5706419944763,318.52008962631226,229.18156266212463,183.12878835201263,176.11447942256927,99.3151067495346,116.76802957057953,85.63510847091675,82.9857885837555,90.0709987282753
383,variance,QUANN_3a,21344,0.001,58.903967812657356,379.27544260025024,175.28499221801758,106.22407555580139,111.90352058410645,95.89921164512634,74.42172127962112,71.77501285076141,75.8466345667839,67.03373199701309,71.13556557893753
384,variance,QUANN_1c,10672,0.001,100.15826034545898,481.8370838165283,362.6471767425537,328.42270040512085,299.1999168395996,264.3246784210205,195.95158171653748,170.41072726249695,158.8505573272705,140.9766925573349,122.52806782722473
385,variance,QUANN_2c,12864,0.001,81.5704255104065,491.1814947128296,324.0045680999756,283.218141078949,228.07993113994598,222.3202862739563,205.42937588691711,101.40142250061035,84.67623054981232,81.01824271678925,88.92760705947876
386,variance,QUANN_3c,17248,0.001,85.13137638568878,444.2486734390259,290.9460506439209,188.09866499900818,135.25432109832764,102.71581268310547,103.49999666213989,83.90574473142624,105.85568809509277,99.74107789993286,95.48611605167389
387,variance,QUANN_1,9584,0.005,72.04482334852219,590.7146835327148,284.4895992279053,165.64605367183685,133.01181960105896,96.66583359241486,99.49321460723877,85.47336286306381,102.47466158866882,82.59756726026535,84.57620596885681
388,variance,QUANN_2,10688,0.005,68.97586625814438,513.4231214523315,189.51489233970642,161.4334281682968,108.30355954170227,120.00586020946503,86.57953929901123,112.02277374267578,94.42794227600098,77.19144421815872,78.34858345985413
389,variance,QUANN_3,12896,0.005,61.835236728191376,492.3219361305237,184.31056761741638,112.79256284236908,168.69286131858826,78.72211635112762,86.85121881961823,71.50212329626083,76.23132818937302,83.16134518384933,69.23469406366348
390,variance,QUANN_1a,11696,0.005,73.41270089149475,494.29657554626465,300.2978901863098,130.29190170764923,95.71898674964905,104.07382452487946,98.03461962938309,86.48036414384842,76.20107281208038,68.94041311740875,84.44214689731598
391,variance,QUANN_2a,14912,0.005,66.62612217664719,274.57017278671265,161.1244844198227,119.8544270992279,88.75032418966293,82.66395825147629,70.66024428606033,102.69481682777405,79.59303724765778,77.87914085388184,79.55409574508667
392,variance,QUANN_3a,21344,0.005,60.28400433063507,208.95920395851135,135.9041690826416,97.54640877246857,73.51307421922684,96.69368863105774,82.81231153011322,73.15630966424942,99.52088236808777,67.80081790685654,74.070117354393
393,variance,QUANN_1c,10672,0.005,59.08889180421829,412.7904243469238,223.84648609161377,197.62547421455383,161.24603748321533,88.9950345158577,101.06688296794891,76.38526278734207,83.45513600111008,85.4103364944458,74.32246160507202
394,variance,QUANN_2c,12864,0.005,62.01351547241211,394.61503505706787,216.08148622512817,199.53556847572327,188.88271570205688,117.59377926588058,86.86766684055328,83.67756509780884,81.86701929569244,80.61312007904053,70.45631337165833
395,variance,QUANN_3c,17248,0.005,67.99680730700493,220.8772349357605,112.02811908721924,116.30331313610077,122.12496268749237,88.8221487402916,94.46337217092514,86.32148343324661,77.75710147619247,105.6505731344223,78.83636951446533
396,variance,QUANN_1,9584,0.01,86.18115842342377,436.86009788513184,521.4624662399292,255.38001942634583,201.6888780593872,143.33833050727844,128.58256685733795,113.37481677532196,133.2786238193512,112.56130713224411,104.74662101268768
397,variance,QUANN_2,10688,0.01,103.6804883480072,401.926522731781,332.98204469680786,160.00870442390442,147.2043401002884,187.51679742336273,128.0587100982666,125.44044351577759,108.5522027015686,113.06515395641327,113.97079813480377
398,variance,QUANN_3,12896,0.01,82.60718441009521,536.8783760070801,193.76317381858826,101.13786387443542,119.82346403598785,87.10336017608643,83.93719810247421,115.95850825309753,105.61841011047363,87.65358710289001,91.23111093044281
399,variance,QUANN_1a,11696,0.01,109.6527761220932,433.0144553184509,277.28164768218994,140.7337441444397,154.49539697170258,141.83722281455994,101.97436225414276,263.93523025512695,119.83307766914368,86.80018424987793,122.29325008392334
400,variance,QUANN_2a,14912,0.01,69.96299159526825,349.84392642974854,165.17261791229248,92.28836846351624,137.35292375087738,79.14895683526993,78.86587059497833,110.45698773860931,88.2138484120369,81.54787057638168,76.42829591035843
401,variance,QUANN_3a,21344,0.01,74.70917391777039,171.85129833221436,164.99446511268616,99.19628822803497,83.96550500392914,136.78088760375977,138.94124841690063,84.13987165689468,83.99183714389801,86.84956276416779,84.2011216878891
402,variance,QUANN_1c,10672,0.01,73.53131058812141,632.939977645874,424.4014983177185,228.30031311511993,127.31031572818756,134.96307730674744,155.9438660144806,92.37410128116608,82.98661577701569,94.52538961172104,85.33355051279068
403,variance,QUANN_2c,12864,0.01,71.69299924373627,422.1526069641113,291.94714879989624,125.82119596004486,89.1414765715599,95.26644957065582,87.89731585979462,91.21357649564743,94.17162752151489,109.79258584976196,81.90391373634338
404,variance,QUANN_3c,17248,0.01,111.66712349653244,454.1997318267822,207.3193633556366,194.01535391807556,236.80007362365723,99.92275512218475,95.17167043685913,115.13585948944092,83.63669407367706,80.32955312728882,124.96359634399414
405,skewness,QUANN_1,9584,0.0001,0.02726299926871434,0.026596095180138946,0.025523693999275565,0.025196524802595377,0.025025518494658172,0.024935172754339874,0.024867850821465254,0.024867313215509057,0.024849453882779926,0.02482422546017915,0.02478477795375511
406,skewness,QUANN_2,10688,0.0001,0.027284385898383334,0.026666853693313897,0.02555292990291491,0.025189855019561946,0.02501616842346266,0.024903738289140165,0.024854231101926416,0.02481030870694667,0.024804481596220285,0.024771850265096873,0.02478692034492269
407,skewness,QUANN_3,12896,0.0001,0.027288792975014076,0.026641459320671856,0.025613307137973607,0.025288724806159735,0.025109260575845838,0.02500981808407232,0.024966375378426164,0.024877102114260197,0.024874520604498684,0.024861040350515395,0.02481388719752431
408,skewness,QUANN_1a,11696,0.0001,0.027315274870488793,0.026733832783065736,0.025593452504836023,0.025237531226594,0.025083037209697068,0.024955634551588446,0.02490904781734571,0.024861591693479568,0.024815700482577085,0.024780947249382734,0.024792242795228958
409,skewness,QUANN_2a,14912,0.0001,0.02734852267894894,0.02725768758682534,0.02582731522852555,0.025392051844391972,0.025185948179569095,0.02508558117551729,0.024983243085443974,0.024919402494560927,0.0248727411380969,0.024850284797139466,0.02483845077222213
410,skewness,QUANN_3a,21344,0.0001,0.027268408448435366,0.026847354252822697,0.025652415584772825,0.02525495324516669,0.025063703709747642,0.024973452440463006,0.024914773821365088,0.024870513880159706,0.024820818041916937,0.02481113822432235,0.024788753711618483
411,skewness,QUANN_1c,10672,0.0001,0.02727881071041338,0.02676855819299817,0.02564432326471433,0.025245294498745352,0.025046220398508012,0.024961253395304084,0.02489216811954975,0.024835852265823632,0.024799775972496718,0.024799542501568794,0.024786593567114323
412,skewness,QUANN_2c,12864,0.0001,0.027251221472397447,0.026457185740582645,0.025502526899799705,0.02515919174766168,0.02501828840468079,0.024898458155803382,0.024847357242833823,0.024845117586664855,0.024822210834827274,0.02476341463625431,0.024755614052992314
413,skewness,QUANN_3c,17248,0.0001,0.027259751281235367,0.02724172960733995,0.025838820496574044,0.02539464400615543,0.025166440405882895,0.02503320318646729,0.02494505245704204,0.0248826946481131,0.02488857478601858,0.024813798256218433,0.02480510383611545
414,skewness,QUANN_1,9584,0.0005,0.027254241693299264,0.025107894267421216,0.024908068939112127,0.024803447537124157,0.024780800740700215,0.024760514439549297,0.024800328072160482,0.024732047459110618,0.024797969264909625,0.024769163806922734,0.024710908823180944
415,skewness,QUANN_2,10688,0.0005,0.02726180452737026,0.024934141314588487,0.024793146003503352,0.024776329286396503,0.024751413729973137,0.02472811017651111,0.024703806382603943,0.024765839392784983,0.02475243149092421,0.02476370387012139,0.024745873641222715
416,skewness,QUANN_3,12896,0.0005,0.027250671584624797,0.025180600699968636,0.02489078283542767,0.024762018932960927,0.02485163652454503,0.024815456883516163,0.024754013866186142,0.02472354850033298,0.02478522007004358,0.02483116724761203,0.024772423959802836
417,skewness,QUANN_1a,11696,0.0005,0.02724665025016293,0.025197757058776915,0.024900485936086625,0.024849228851962835,0.024796606157906353,0.02481046668253839,0.024781469022855163,0.024775315658189356,0.02481881494168192,0.024824814056046307,0.024788214708678424
418,skewness,QUANN_2a,14912,0.0005,0.02730707998853177,0.025091800547670573,0.02486647351179272,0.024853368231561035,0.02486425486858934,0.02476567233679816,0.024818558362312615,0.024874755239579827,0.024779090250376612,0.024798741738777608,0.024732908088481054
419,skewness,QUANN_3a,21344,0.0005,0.027287077507935464,0.025105095002800226,0.024950081075076014,0.024806059256661683,0.02481774362968281,0.024798828177154064,0.024803231237456203,0.024743284157011658,0.02480710542295128,0.02480802033096552,0.024738245527260005
420,skewness,QUANN_1c,10672,0.0005,0.02727585332468152,0.02506076463032514,0.024856367672327906,0.024775030091404915,0.024792108975816518,0.02474411722505465,0.024775283585768193,0.024759831198025495,0.02474880637601018,0.024745453672949225,0.024716335930861533
421,skewness,QUANN_2c,12864,0.0005,0.02726328608696349,0.025098992220591754,0.024875549890566617,0.024822644074447453,0.024793935765046626,0.024778919760137796,0.0247259825700894,0.024729529162868857,0.024742213252466172,0.024764741654507816,0.024729878990910947
422,skewness,QUANN_3c,17248,0.0005,0.02726031784550287,0.025017485197167844,0.024912247201427817,0.024788498820271343,0.02479295205557719,0.024769202573224902,0.024834143463522196,0.024731625569984317,0.024732531630434096,0.0247559203999117,0.024732778954785317
423,skewness,QUANN_1,9584,0.001,0.027254398475633934,0.025083722837734967,0.02488398418063298,0.02478905877796933,0.024782185500953346,0.024786995956674218,0.024810876115225255,0.024845684762112796,0.02489999949466437,0.024838955723680556,0.024685155833140016
424,skewness,QUANN_2,10688,0.001,0.027209788415348157,0.02499885595170781,0.024826994631439447,0.024717537744436413,0.024808283371385187,0.024785176035948098,0.024741671688389033,0.02473408094374463,0.024746592447627336,0.024716633837670088,0.024680052942130715
425,skewness,QUANN_3,12896,0.001,0.027188855252461508,0.024937258625868708,0.024880858371034265,0.02477168565383181,0.024734568316489458,0.02482117182807997,0.024750156502705067,0.024734997132327408,0.02479475096333772,0.024731775396503508,0.024707124626729637
426,skewness,QUANN_1a,11696,0.001,0.02724523752112873,0.02496526262257248,0.02479216910433024,0.024730016477406025,0.024752349709160626,0.02468466735444963,0.024797438993118703,0.024715419043786824,0.024703228555154055,0.024709551653359085,0.024682870542164892
427,skewness,QUANN_2a,14912,0.001,0.027223363722441718,0.024945089186076075,0.024796663608867675,0.024772371572908014,0.024820564256515354,0.024801929073873907,0.0248201543581672,0.0247444236301817,0.02473419497255236,0.02467784396139905,0.024751314194872975
428,skewness,QUANN_3a,21344,0.001,0.027211185253690928,0.024817380355671048,0.024758865707553923,0.024722713802475482,0.02468693588161841,0.024731343844905496,0.024757085950113833,0.024742589914239943,0.024726638162974268,0.024681728857103735,0.02469260321231559
429,skewness,QUANN_1c,10672,0.001,0.027195892354939133,0.02496566908666864,0.024853145412635058,0.024737918749451637,0.024827452201861888,0.024730135453864932,0.024714762228541076,0.024646109784953296,0.024734966980759054,0.02471046068239957,0.02466780651593581
430,skewness,QUANN_2c,12864,0.001,0.027241219533607364,0.025000755267683417,0.024821622238960117,0.024777506478130817,0.024818437173962593,0.02477859752252698,0.024816632503643632,0.024722505128011107,0.024681320937816054,0.024679527443367988,0.02469674381427467
431,skewness,QUANN_3c,17248,0.001,0.027202020632103086,0.024961953924503177,0.02485138294287026,0.024757488805335015,0.024821394414175302,0.02482264972059056,0.024764375120867044,0.024715750361792743,0.024728588527068496,0.024749108124524355,0.024707172415219247
432,skewness,QUANN_1,9584,0.005,0.027252033236436546,0.02467094373423606,0.024711626349017024,0.024718004453461617,0.02466167596867308,0.02472631772980094,0.024657397298142314,0.024674890795722604,0.024700592970475554,0.024756472383160144,0.02469318514340557
433,skewness,QUANN_2,10688,0.005,0.027220655349083245,0.024977027031127363,0.024653415370266885,0.02469451364595443,0.0246847698581405,0.02474132110364735,0.024727418669499457,0.024699934234376997,0.024713123391848058,0.024666429817443714,0.024650636536534876
434,skewness,QUANN_3,12896,0.005,0.027233693981543183,0.02477769908728078,0.024648896825965494,0.02469802094856277,0.024664690892677754,0.024703259696252644,0.02471961104311049,0.02469056489644572,0.02464055409654975,0.0246723672025837,0.024662190407980233
435,skewness,QUANN_1a,11696,0.005,0.027165892155608162,0.02483221678994596,0.024669101054314524,0.024668883648701012,0.024717854452319443,0.02464229427278042,0.024658795970026404,0.02465200563892722,0.024819170881528407,0.02466599957551807,0.02468763868091628
436,skewness,QUANN_2a,14912,0.005,0.027179263706784695,0.02467989217257127,0.024716163286939263,0.024702395487111062,0.02469336791546084,0.024720346205867827,0.024683244177140296,0.024669702630490065,0.024708618642762303,0.02465219231089577,0.024685808457434177
437,skewness,QUANN_3a,21344,0.005,0.027224521327298135,0.024703709525056183,0.02468990214401856,0.024716459738556296,0.02473635831847787,0.024720922752749175,0.024749568314291537,0.024663573829457164,0.024652197083923966,0.02470766700571403,0.024703186529222876
438,skewness,QUANN_1c,10672,0.005,0.027231134386966005,0.024749250034801662,0.0246600235986989,0.02469243132509291,0.024710495898034424,0.024706896452698857,0.024672156665474176,0.024697745335288346,0.024733659345656633,0.02467084227828309,0.024740498396568
439,skewness,QUANN_2c,12864,0.005,0.02721824837499298,0.024704584036953747,0.024682026938535273,0.024688944569788873,0.02468937964295037,0.024665936536621302,0.024695807951502502,0.024691515776794404,0.02474176828400232,0.024725369119551033,0.02472721051890403
440,skewness,QUANN_3c,17248,0.005,0.027292186248814687,0.02465165761532262,0.024694288265891373,0.024696555541595444,0.02463980548782274,0.024700739071704447,0.02471466507995501,0.024640620860736817,0.024732022255193442,0.02471566977328621,0.02471808693371713
441,skewness,QUANN_1,9584,0.01,0.027235324756475165,0.024749258533120155,0.024772922100964934,0.02471948426682502,0.024710958125069737,0.02473475888837129,0.024682638177182525,0.024757429608143866,0.024859115364961326,0.024802387575618923,0.02472430805210024
442,skewness,QUANN_2,10688,0.01,0.027236244757659733,0.024667167686857283,0.024676987959537655,0.024718545959331095,0.02478114003315568,0.02478351740865037,0.024678285990376025,0.02487878903048113,0.0247403287794441,0.02470664438442327,0.024684393196366727
443,skewness,QUANN_3,12896,0.01,0.027339614898664877,0.02467965957475826,0.02474146301392466,0.024674516753293574,0.024863091472070664,0.02480633434606716,0.024705346615519375,0.02470886765513569,0.02471584000159055,0.024737815896514803,0.024735037819482386
444,skewness,QUANN_1a,11696,0.01,0.02726970607182011,0.024723720795009285,0.024751141958404332,0.024744447611737996,0.02470714575611055,0.024759866064414382,0.02472781197866425,0.02480788150569424,0.024739777436479926,0.02475569734815508,0.024692035047337413
445,skewness,QUANN_2a,14912,0.01,0.027229409606661648,0.02476662478875369,0.0247289520339109,0.02474693744443357,0.024700960784684867,0.024759061634540558,0.02468666882487014,0.024855171446688473,0.024808563495753333,0.024855234136339277,0.024763077031821012
446,skewness,QUANN_3a,21344,0.01,0.02722833474399522,0.0246761892340146,0.024756218888796866,0.024694611434824765,0.02471640973817557,0.02472393389325589,0.02479763829614967,0.024692716979188845,0.02468962548300624,0.02486781228799373,0.02476772031513974
447,skewness,QUANN_1c,10672,0.01,0.02719714818522334,0.024803850566968322,0.024769425683189183,0.024787354341242462,0.02474494109628722,0.02481243817601353,0.024715854204259813,0.024735137354582548,0.024649253289680928,0.024812681309413165,0.024666311510372907
448,skewness,QUANN_2c,12864,0.01,0.027312137506669387,0.024775292084086686,0.02471914334455505,0.024951939936727285,0.024762348912190646,0.024848251836374402,0.02474128158064559,0.024743052228586748,0.02471707103541121,0.024696544336620718,0.024783705943264067
449,skewness,QUANN_3c,17248,0.01,0.027238517883233726,0.024755938327871263,0.02484003343852237,0.02467255131341517,0.02471029880689457,0.024729617696721107,0.024830428475979716,0.024839041754603386,0.024773846613243222,0.024666201847139746,0.024699566303752363
